latitude,longitude,landslide_susceptibility
7.99,72.421111,0.000576614590351594
7.99,72.671111,0.000570431965016804
7.99,72.921111,0.0005643228284181042
7.99,73.171111,0.0005582862390549988
7.99,73.421111,0.0005523212682786059
7.99,73.671111,0.0005464270009382965
7.99,73.921111,0.0005406025501948793
7.99,74.171111,0.0005348472701462713
7.99,74.421111,0.0005291631143517689
7.99,74.671111,0.0005235748876501389
7.99,74.921111,0.0005182633837069863
7.99,75.171111,0.0005142243706154888
7.99,75.421111,0.0005156749221293183
7.99,75.671111,0.0005365169642219869
7.99,75.921111,0.0006144494234261616
7.99,76.171111,0.0008438387573931203
7.99,76.421111,0.0014526911093657973
7.99,76.671111,0.0028144861980520606
7.99,76.921111,0.004624891829677325
7.99,77.171111,0.0048671719325122376
7.99,77.421111,0.0031606420781466484
7.99,77.671111,0.0016118675127716382
7.99,77.921111,0.0008761012700301669
7.99,78.171111,0.0005921226628314237
7.99,78.421111,0.0004887686020137185
7.99,78.671111,0.00045271590172485116
7.99,78.921111,0.00043967918154765495
7.99,79.171111,0.00043329970779261906
7.99,79.421111,0.0004284890787466711
7.99,79.671111,0.0004240035394137844
7.99,79.921111,0.0004196079397655971
7.99,80.171111,0.00041526738830639716
7.99,80.421111,0.00041097735259056724
7.99,80.671111,0.0004067368584130681
7.99,80.921111,0.0004025452629597309
7.99,81.171111,0.0003984019546528926
7.99,81.421111,0.00039430633131764105
7.99,81.671111,0.00039025779883760753
7.99,81.921111,0.0003862557709880827
7.99,82.171111,0.00038229966932360805
7.99,82.421111,0.0003783889230690508
7.99,82.671111,0.00037452296901233236
7.99,82.921111,0.0003707012513987178
7.99,83.171111,0.0003669232218266601
7.99,83.421111,0.00036318833914516054
7.99,83.671111,0.0003594960693526305
7.99,83.921111,0.00035584588549722966
7.99,84.171111,0.00035223726757865713
7.99,84.421111,0.0003486697024513779
7.99,84.671111,0.0003451426837292535
7.99,84.921111,0.00034165571169156647
7.99,85.171111,0.0003382082931904129
7.99,85.421111,0.0003347999415594385
7.99,85.671111,0.000331430176523904
7.99,85.921111,0.000328098524112057
7.99,86.171111,0.00032480451656778945
7.99,86.421111,0.00032154769226456673
7.99,86.671111,0.0003183275956205983
7.99,86.921111,0.0003151437770152437
7.99,87.171111,0.0003119957927066288
7.99,87.421111,0.00030888320475045246
7.99,87.671111,0.00030580558091996906
7.99,87.921111,0.0003027624946271294
7.99,88.171111,0.0002997535248448597
7.99,88.421111,0.00029677825603046407
7.99,88.671111,0.000293836278050132
7.99,88.921111,0.0002909271861045374
7.99,89.171111,0.00028805058065550483
7.99,89.421111,0.0002852060673537395
7.99,89.671111,0.00028239325696759253
7.99,89.921111,0.0002796117653128538
7.99,90.171111,0.0002768612131835542
7.99,90.421111,0.0002741412262837626
7.99,90.671111,0.0002714514351603622
7.99,90.921111,0.0002687914751367941
7.99,91.171111,0.00026616098624774687
7.99,91.421111,0.0002635596131747887
7.99,91.671111,0.0002609870051829175
7.99,91.921111,0.00025844281605802145
7.99,92.171111,0.0002559267040452348
7.99,92.421111,0.0002534383317881751
7.99,92.671111,0.00025097736626904937
7.99,92.921111,0.0002485434787496156
7.99,93.171111,0.0002461363447129887
7.99,93.421111,0.0002437556438062753
7.99,93.671111,0.00024140105978402544
7.99,93.921111,0.00023907228045249486
7.99,94.171111,0.00023676899761469647
7.99,94.421111,0.00023449090701623592
7.99,94.671111,0.00023223770829191952
7.99,94.921111,0.00023000910491311665
7.99,95.171111,0.00022780480413587452
7.99,95.421111,0.00022562451694976867
7.99,95.671111,0.00022346795802747805
7.99,95.921111,0.00022133484567507498
7.99,96.171111,0.00021922490178302275
7.99,96.421111,0.00021713785177786426
7.99,96.671111,0.0002150734245745951
7.99,96.921111,0.00021303135252971286
7.99,97.171111,0.0002110113713949257
8.24,72.421111,0.0005871034408345547
8.24,72.671111,0.000580814058230961
8.24,72.921111,0.000574599378265794
8.24,73.171111,0.0005684584445206936
8.24,73.421111,0.0005623903136701691
8.24,73.671111,0.0005563940571014684
8.24,73.921111,0.0005504687929215025
8.24,74.171111,0.0005446141391554458
8.24,74.421111,0.0005388352155933789
8.24,74.671111,0.0005331854643847764
8.24,74.921111,0.0005280476864443693
8.24,75.171111,0.000525527667066241
8.24,75.421111,0.0005346473301232335
8.24,75.671111,0.0005868712590284766
8.24,75.921111,0.0007852564317821865
8.24,76.171111,0.0015271140754566231
8.24,76.421111,0.004718985197603722
8.24,76.671111,0.018399894578932884
8.24,76.921111,0.05009451080894317
8.24,77.171111,0.055747485077191225
8.24,77.421111,0.023816168114513866
8.24,77.671111,0.006110951565576764
8.24,77.921111,0.001769992491393471
8.24,78.171111,0.0008011985483296608
8.24,78.421111,0.0005467839221667166
8.24,78.671111,0.00047260586226261446
8.24,78.921111,0.0004501195322563101
8.24,79.171111,0.00044168089076927357
8.24,79.421111,0.0004364535975961095
8.24,79.671111,0.0004318444429494232
8.24,79.921111,0.00042736697536265456
8.24,80.171111,0.00042294990038924986
8.24,80.421111,0.00041858457099476775
8.24,80.671111,0.0004142696407913393
8.24,80.921111,0.00041000443191394585
8.24,81.171111,0.00040578832157809653
8.24,81.421111,0.00040162069783827674
8.24,81.671111,0.00039750095698870753
8.24,81.921111,0.0003934285033396475
8.24,82.171111,0.0003894027491014118
8.24,82.421111,0.00038542311427377856
8.24,82.671111,0.000381489026537106
8.24,82.921111,0.0003775999211450486
8.24,83.171111,0.00037375524081884005
8.24,83.421111,0.00036995443564312013
8.24,83.671111,0.00036619696296328485
8.24,83.921111,0.0003624822872843275
8.24,84.171111,0.00035880988017116346
8.24,84.421111,0.0003551792201504015
8.24,84.671111,0.0003515897926135449
8.24,84.921111,0.00034804108972160737
8.24,85.171111,0.00034453261031111267
8.24,85.421111,0.0003410638598014581
8.24,85.671111,0.00033763435010362904
8.24,85.921111,0.00033424359953023835
8.24,86.171111,0.00033089113270686626
8.24,86.421111,0.0003275764804846939
8.24,86.671111,0.000324299179854397
8.24,86.921111,0.00032105877386129025
8.24,87.171111,0.0003178548115216966
8.24,87.421111,0.00031468684774053516
8.24,87.671111,0.0003115544432300891
8.24,87.921111,0.00030845716442995624
8.24,88.171111,0.0003053945834281541
8.24,88.421111,0.0003023662778833617
8.24,88.671111,0.0002993718309482832
8.24,88.921111,0.0002964108311941206
8.24,89.171111,0.00029348287253613
8.24,89.421111,0.0002905875541602518
8.24,89.671111,0.0002877244804507988
8.24,89.921111,0.00028489326091917964
8.24,90.171111,0.0002820935101336512
8.24,90.421111,0.00027932484765007975
8.24,90.671111,0.00027658689794369374
8.24,90.921111,0.00027387929034181817
8.24,91.171111,0.00027120165895757107
8.24,91.421111,0.00026855364262451425
8.24,91.671111,0.0002659348848322376
8.24,91.921111,0.0002633450336628629
8.24,92.171111,0.0002607837417284625
8.24,92.421111,0.000258250666109365
8.24,92.671111,0.00025574546829334967
8.24,92.921111,0.0002532678141157041
8.24,93.171111,0.00025081737370013986
8.24,93.421111,0.00024839382140054764
8.24,93.671111,0.0002459968357435897
8.24,93.921111,0.0002436260993721005
8.24,94.171111,0.00024128129898929996
8.24,94.421111,0.00023896212530379946
8.24,94.671111,0.00023666827297538586
8.24,94.921111,0.00023439944056158146
8.24,95.171111,0.00023215533046495865
8.24,95.421111,0.00022993564888120404
8.24,95.671111,0.00022774010574791906
8.24,95.921111,0.00022556841469414563
8.24,96.171111,0.0002234202929906092
8.24,96.421111,0.000221295461500662
8.24,96.671111,0.0002191936446319238
8.24,96.921111,0.00021711457028860654
8.24,97.171111,0.00021505796982451006
8.49,72.421111,0.0005980094861885766
8.49,72.671111,0.0005916090876480994
8.49,72.921111,0.0005852846542831802
8.49,73.171111,0.0005790352141599013
8.49,73.421111,0.0005728598087340402
8.49,73.671111,0.0005667574960877561
8.49,73.921111,0.0005607274081057163
8.49,74.171111,0.0005547695297545774
8.49,74.421111,0.0005488931236850421
8.49,74.671111,0.0005431879844483992
8.49,74.921111,0.0005382887736686163
8.49,75.171111,0.0005376750874741285
8.49,75.421111,0.0005564275792102491
8.49,75.671111,0.0006505693927553162
8.49,75.921111,0.001044319197217419
8.49,76.171111,0.003042698504713892
8.49,76.421111,0.01833308738198595
8.49,76.671111,0.14335551082144815
8.49,76.921111,0.46393312901622996
8.49,77.171111,0.5068624916741307
8.49,77.421111,0.2004690736021514
8.49,77.671111,0.02731392296710468
8.49,77.921111,0.003909689698402304
8.49,78.171111,0.0011234538387351206
8.49,78.421111,0.0006186494435876055
8.49,78.671111,0.000494872095227683
8.49,78.921111,0.0004612162770661512
8.49,79.171111,0.0004504289027722947
8.49,79.421111,0.0004447385706290544
8.49,79.671111,0.00043999735360125507
8.49,79.921111,0.0004354344146024434
8.49,80.171111,0.0004309377384944074
8.49,80.421111,0.0004264941138233658
8.49,80.671111,0.00042210178255102444
8.49,80.921111,0.0004177600282927944
8.49,81.171111,0.00041346821643133965
8.49,81.421111,0.00040922572484417946
8.49,81.671111,0.0004050319398499913
8.49,81.921111,0.00040088625591374076
8.49,82.171111,0.0003967880755261856
8.49,82.421111,0.00039273680909148644
8.49,82.671111,0.0003887318748166574
8.49,82.921111,0.00038477269860264044
8.49,83.171111,0.0003808587139369638
8.49,83.421111,0.00037698936178797625
8.49,83.671111,0.0003731640905006175
8.49,83.921111,0.0003693823556937111
8.49,84.171111,0.00036564362015875396
8.49,84.421111,0.00036194735376017897
8.49,84.671111,0.0003582930333370703
8.49,84.921111,0.0003546801426063067
8.49,85.171111,0.0003511081720671174
8.49,85.421111,0.00034757661890701596
8.49,85.671111,0.0003440849869091112
8.49,85.921111,0.00034063278636075413
8.49,86.171111,0.00033721953396351477
8.49,86.421111,0.00033384475274446184
8.49,86.671111,0.0003305079719687285
8.49,86.921111,0.000327208727053346
8.49,87.171111,0.000323946559482318
8.49,87.421111,0.0003207210167229316
8.49,87.671111,0.0003175316521432692
8.49,87.921111,0.00031437802493092015
8.49,88.171111,0.0003112597000128589
8.49,88.421111,0.00030817624797648316
8.49,88.671111,0.00030512724499178866
8.49,88.921111,0.000302112272734668
8.49,89.171111,0.00029913091831130893
8.49,89.421111,0.0002961827741836877
8.49,89.671111,0.0002932674380961266
8.49,89.921111,0.00029038451300291465
8.49,90.171111,0.0002875336069969625
8.49,90.421111,0.00028471433323948417
8.49,90.671111,0.000281926309890688
8.49,90.921111,0.00027916916004145964
8.49,91.171111,0.00027644251164602867
8.49,91.421111,0.00027374599745559196
8.49,91.671111,0.00027107925495289666
8.49,91.921111,0.00026844192628774975
8.49,92.171111,0.0002658336582134578
8.49,92.421111,0.0002632541020241688
8.49,92.671111,0.00026070291349311337
8.49,92.921111,0.00025817975281172277
8.49,93.171111,0.00025568428452961916
8.49,93.421111,0.00025321617749545915
8.49,93.671111,0.0002507751047986223
8.49,93.921111,0.0002483607437117252
8.49,94.171111,0.00024597277563395936
8.49,94.421111,0.0002436108860352303
8.49,94.671111,0.00024127476440109213
8.49,94.921111,0.00023896410417846434
8.49,95.171111,0.00023667860272211824
8.49,95.421111,0.00023441796124192403
8.49,95.671111,0.000232181884750844
8.49,95.921111,0.00022997008201366156
8.49,96.171111,0.00022778226549644045
8.49,96.421111,0.0002256181513166944
8.49,96.671111,0.00022347745919426405
8.49,96.921111,0.00022135991240288688
8.49,97.171111,0.0002192652377224522
8.74,72.421111,0.000609348804046435
8.74,72.671111,0.0006028329713908015
8.74,72.921111,0.0005963944168591382
8.74,73.171111,0.0005900321523971087
8.74,73.421111,0.0005837452038863571
8.74,73.671111,0.0005775326185481212
8.74,73.921111,0.0005713935690840378
8.74,74.171111,0.000565328590177702
8.74,74.421111,0.0005593518500064747
8.74,74.671111,0.0005535897880895651
8.74,74.921111,0.0005489049545127689
8.74,75.171111,0.0005499386336288083
8.74,75.421111,0.0005767768293642417
8.74,75.671111,0.0007070543506331768
8.74,75.921111,0.0012952387178358888
8.74,76.171111,0.005014866740579264
8.74,76.421111,0.046888836833546374
8.74,76.671111,0.4318934296104567
8.74,76.921111,0.8524319968826999
8.74,77.171111,0.87353289800681
8.74,77.421111,0.5362506265411084
8.74,77.671111,0.06974408885051274
8.74,77.921111,0.0064842907711531025
8.74,78.171111,0.0013957784214360114
8.74,78.421111,0.0006722447111745829
8.74,78.671111,0.0005128153863889964
8.74,78.921111,0.0004717120425269334
8.74,79.171111,0.00045936239362301087
8.74,79.421111,0.00045333410772468286
8.74,79.671111,0.0004484726865739515
8.74,79.921111,0.0004438221942001346
8.74,80.171111,0.00043924278043138223
8.74,80.421111,0.00043471773959348123
8.74,80.671111,0.0004302449289419958
8.74,80.921111,0.0004258235863864176
8.74,81.171111,0.00042145306384739847
8.74,81.421111,0.00041713272850443437
8.74,81.671111,0.0004128619562938707
8.74,81.921111,0.0004086401314410967
8.74,82.171111,0.00040446664632844137
8.74,82.421111,0.00040034090138056774
8.74,82.671111,0.00039626230495217927
8.74,82.921111,0.000392230273217378
8.74,83.171111,0.0003882442300606437
8.74,83.421111,0.00038430360696940097
8.74,83.671111,0.0003804078429281541
8.74,83.921111,0.00037655638431416345
8.74,84.171111,0.00037274868479464374
8.74,84.421111,0.0003689842052254527
8.74,84.671111,0.00036526241355126115
8.74,84.921111,0.0003615827847071681
8.74,85.171111,0.0003579448005217487
8.74,85.421111,0.00035434794962150825
8.74,85.671111,0.00035079172733672436
8.74,85.921111,0.0003472756356086536
8.74,86.171111,0.00034379918289808296
8.74,86.421111,0.0003403618840952089
8.74,86.671111,0.00033696326043081745
8.74,86.921111,0.0003336028393887497
8.74,87.171111,0.00033028015461963834
8.74,87.421111,0.0003269947458558842
8.74,87.671111,0.00032374615882786495
8.74,87.921111,0.00032053394518135356
8.74,88.171111,0.0003173576623961246
8.74,88.421111,0.0003142168737057376
8.74,88.671111,0.00031111114801847664
8.74,88.921111,0.00030804005983942593
8.74,89.171111,0.0003050031891936666
8.74,89.421111,0.0003020001215505832
8.74,89.671111,0.0002990304477492527
8.74,89.921111,0.00029609376392490753
8.74,90.171111,0.0002931896714364573
8.74,90.421111,0.0002903177767950437
8.74,90.671111,0.0002874776915936291
8.74,90.921111,0.00028466903243758466
8.74,91.171111,0.00028189142087628173
8.74,91.421111,0.0002791444833356559
8.74,91.671111,0.000276427851051739
8.74,91.921111,0.00027374116000514074
8.74,92.171111,0.00027108405085646595
8.74,92.421111,0.00026845616888265686
8.74,92.671111,0.00026585716391423823
8.74,92.921111,0.0002632866902734649
8.74,93.171111,0.00026074440671334376
8.74,93.421111,0.0002582299763575308
8.74,93.671111,0.0002557430666410793
8.74,93.921111,0.00025328334925203325
8.74,94.171111,0.00025085050007385
8.74,94.421111,0.00024844419912864425
8.74,94.671111,0.0002460641305212322
8.74,94.921111,0.00024370998238397706
8.74,95.171111,0.00024138144682241157
8.74,95.421111,0.00023907821986163244
8.74,95.671111,0.0002368000013934573
8.74,95.921111,0.00023454649512432584
8.74,96.171111,0.00023231740852394035
8.74,96.421111,0.0002301124527746319
8.74,96.671111,0.00022793134272144311
8.74,96.921111,0.0002257737968229145
8.74,97.171111,0.00022363953710256506
8.99,72.421111,0.0006211382696702172
8.99,72.671111,0.0006145024173388501
8.99,72.921111,0.0006079452083580886
8.99,73.171111,0.0006014656379980108
8.99,73.421111,0.0005950627172725332
8.99,73.671111,0.0005887354978290036
8.99,73.921111,0.0005824833398900937
8.99,74.171111,0.0005763083716795417
8.99,74.421111,0.0005702350819131466
8.99,74.671111,0.0005644443421187162
8.99,74.921111,0.0005600360681600497
8.99,75.171111,0.0005625213093829216
8.99,75.421111,0.0005948492211145696
8.99,75.671111,0.0007452335803688854
8.99,75.921111,0.001428951682430067
8.99,76.171111,0.00595029095968327
8.99,76.421111,0.059751292372370333
8.99,76.671111,0.5089807702853846
8.99,76.921111,0.8861585752940414
8.99,77.171111,0.8963935851775062
8.99,77.421111,0.5695693687956427
8.99,77.671111,0.07439709417474176
8.99,77.921111,0.006742146803361348
8.99,78.171111,0.0014374641792559702
8.99,78.421111,0.0006897804200882134
8.99,78.671111,0.0005247243871417106
8.99,78.921111,0.0004816931071816279
8.99,79.171111,0.0004686042864064357
8.99,79.421111,0.0004622880427979571
8.99,79.671111,0.0004572902926781093
8.99,79.921111,0.0004525439605972493
8.99,80.171111,0.0004478776077474841
8.99,80.421111,0.00044326780047625614
8.99,80.671111,0.00043871130456567904
8.99,80.921111,0.0004342072137693843
8.99,81.171111,0.0004297548562945337
8.99,81.421111,0.0004253535874591753
8.99,81.671111,0.0004210027723602379
8.99,81.921111,0.000416701784573281
8.99,82.171111,0.0004124500059690885
8.99,82.421111,0.0004082468265949397
8.99,82.671111,0.0004040916445604218
8.99,82.921111,0.00039998386592501406
8.99,83.171111,0.00039592290458730783
8.99,83.421111,0.0003919081821758512
8.99,83.671111,0.00038793912794157407
8.99,83.921111,0.0003840151786517896
8.99,84.171111,0.0003801357784857309
8.99,84.421111,0.00037630037893161036
8.99,84.671111,0.0003725084386851756
8.99,84.921111,0.00036875942354973855
8.99,85.171111,0.0003650528063376556
8.99,85.421111,0.0003613880667732412
8.99,85.671111,0.000357764691397082
8.99,85.921111,0.00035418217347174714
8.99,86.171111,0.00035064001288885745
8.99,86.421111,0.00034713771607750336
8.99,86.671111,0.0003436747959139872
8.99,86.921111,0.000340250771632871
8.99,87.171111,0.00033686516873930903
8.99,87.421111,0.00033351751892264983
8.99,87.671111,0.0003302073599712787
8.99,87.921111,0.0003269342356886979
8.99,88.171111,0.00032369769581080715
8.99,88.421111,0.00032049729592438546
8.99,88.671111,0.00031733259738673966
8.99,88.921111,0.0003142031672465127
8.99,89.171111,0.0003111085781656326
8.99,89.421111,0.0003080484083423784
8.99,89.671111,0.000305022241435556
8.99,89.921111,0.0003020296664897625
8.99,90.171111,0.0002990702778617201
8.99,90.421111,0.00029614367514766907
8.99,90.671111,0.00029324946311179873
8.99,90.921111,0.0002903872516157078
8.99,91.171111,0.00028755665554887187
8.99,91.421111,0.00028475729476010387
8.99,91.671111,0.0002819887939899977
8.99,91.921111,0.0002792507828043379
8.99,92.171111,0.0002765428955284549
8.99,92.421111,0.0002738647711825243
8.99,92.671111,0.0002712160534177837
8.99,92.921111,0.00026859639045366085
8.99,93.171111,0.00026600543501579757
8.99,93.421111,0.0002634428442749549
8.99,93.671111,0.0002609082797867908
8.99,93.921111,0.0002584014074324881
8.99,94.171111,0.0002559218973602336
8.99,94.421111,0.00025346942392752273
8.99,94.671111,0.0002510436656442856
8.99,94.921111,0.00024864430511681963
8.99,95.171111,0.0002462710289925165
8.99,95.421111,0.00024392352790537285
8.99,95.671111,0.00024160149642227195
8.99,95.921111,0.00023930463299002546
8.99,96.171111,0.00023703263988316623
8.99,96.421111,0.00023478522315247414
8.99,96.671111,0.00023256209257423494
8.99,96.921111,0.0002303629616002104
8.99,97.171111,0.0002281875473083183
9.24,72.421111,0.0006333955967769637
9.24,72.671111,0.0006266349635604667
9.24,72.921111,0.0006199543931688122
9.24,73.171111,0.0006133528638822377
9.24,73.421111,0.0006068293764605293
9.24,73.671111,0.0006003830487308529
9.24,73.921111,0.0005940140115280154
9.24,74.171111,0.0005877302757927956
9.24,74.421111,0.0005815911805803228
9.24,74.671111,0.0005759392876176096
9.24,74.921111,0.0005724585014816296
9.24,75.171111,0.0005783025472867595
9.24,75.421111,0.000620290826194133
9.24,75.671111,0.0007969910159086555
9.24,75.921111,0.001566742680437433
9.24,76.171111,0.006432121577275929
9.24,76.421111,0.058219303337092444
9.24,76.671111,0.4500592123536832
9.24,76.921111,0.8306286822718216
9.24,77.171111,0.8312030354140142
9.24,77.421111,0.451617411882104
9.24,77.671111,0.05791997147415936
9.24,77.921111,0.006235570493596234
9.24,78.171111,0.0014682423640754703
9.24,78.421111,0.0007215851072824636
9.24,78.671111,0.0005448129858099989
9.24,78.921111,0.0004950775496532436
9.24,79.171111,0.0004790969531138979
9.24,79.421111,0.0004717964211729426
9.24,79.671111,0.00046649268045628365
9.24,79.921111,0.00046161668345177145
9.24,80.171111,0.00045685569133184316
9.24,80.421111,0.0004521572847622277
9.24,80.671111,0.0004475137439860703
9.24,80.921111,0.00044292362087873364
9.24,81.171111,0.0004383861833390866
9.24,81.421111,0.0004339007718116932
9.24,81.671111,0.00042946673998054465
9.24,81.921111,0.00042508345034161793
9.24,82.171111,0.0004207502738360059
9.24,82.421111,0.0004164665897210109
9.24,82.671111,0.00041223178545379195
9.24,82.921111,0.0004080452565770851
9.24,83.171111,0.0004039064066066069
9.24,83.421111,0.0003998146469200934
9.24,83.671111,0.00039576939664796244
9.24,83.921111,0.0003917700825655624
9.24,84.171111,0.0003878161389869856
9.24,84.421111,0.0003839070076604307
9.24,84.671111,0.0003800421376650853
9.24,84.921111,0.000376220985309499
9.24,85.171111,0.00037244301403144026
9.24,85.421111,0.0003687076942991994
9.24,85.671111,0.00036501450351432446
9.24,85.921111,0.0003613629259157657
9.24,86.171111,0.00035775245248540773
9.24,86.421111,0.0003541825808549711
9.24,86.671111,0.00035065281521425354
9.24,86.921111,0.0003471626662207069
9.24,87.171111,0.0003437116509103099
9.24,87.421111,0.00034029929260973675
9.24,87.671111,0.0003369251208497868
9.24,87.921111,0.0003335886712800645
9.24,88.171111,0.00033028948558488913
9.24,88.421111,0.00032702711140041415
9.24,88.671111,0.0003238011022329432
9.24,88.921111,0.0003206110173784139
9.24,89.171111,0.000317456421843048
9.24,89.421111,0.0003143368862651351
9.24,89.671111,0.00031125198683794005
9.24,89.921111,0.00030820130523372103
9.24,90.171111,0.00030518442852883406
9.24,90.421111,0.000302200949129909
9.24,90.671111,0.00029925046470108743
9.24,90.921111,0.0002963325780922989
9.24,91.171111,0.0002934468972685668
9.24,91.421111,0.0002905930352403205
9.24,91.671111,0.0002877706099947075
9.24,91.921111,0.00028497924442788156
9.24,92.171111,0.00028221856627826613
9.24,92.421111,0.00027948820806075845
9.24,92.671111,0.00027678780700188027
9.24,92.921111,0.00027411700497584774
9.24,93.171111,0.00027147544844155535
9.24,93.421111,0.00026886278838045307
9.24,93.671111,0.0002662786802353069
9.24,93.921111,0.00026372278384983403
9.24,94.171111,0.0002611947634091903
9.24,94.421111,0.00025869428738130665
9.24,94.671111,0.0002562210284590533
9.24,94.921111,0.0002537746635032277
9.24,95.171111,0.00025135487348635
9.24,95.421111,0.0002489613434372508
9.24,95.671111,0.00024659376238644854
9.24,95.921111,0.0002442518233122928
9.24,96.171111,0.0002419352230878775
9.24,96.421111,0.00023964366242869265
9.24,96.671111,0.00023737684584102764
9.24,96.921111,0.00023513448157109096
9.24,97.171111,0.00023291628155485655
9.49,72.421111,0.0006461393807387115
9.49,72.671111,0.0006392490210958682
9.49,72.921111,0.0006324402000949849
9.49,73.171111,0.0006257118794325614
9.49,73.421111,0.0006190630647548305
9.49,73.671111,0.0006124931218650363
9.49,73.921111,0.0006060046259643033
9.49,74.171111,0.0005996236244081056
9.49,74.421111,0.0005935136640002921
9.49,74.671111,0.0005884883740740539
9.49,74.921111,0.0005878956231952521
9.49,75.171111,0.0006035935866813027
9.49,75.421111,0.0006745567087725867
9.49,75.671111,0.0009397277628959336
9.49,75.921111,0.002080234452499018
9.49,76.171111,0.009586285095038678
9.49,76.421111,0.08871825464606842
9.49,76.671111,0.5522124876025242
9.49,76.921111,0.8721826309509445
9.49,77.171111,0.8713065004336988
9.49,77.421111,0.5507847056827281
9.49,77.671111,0.0901527204132332
9.49,77.921111,0.009824793200015973
9.49,78.171111,0.0020646993443254992
9.49,78.421111,0.0008825558316417268
9.49,78.671111,0.0006019193890608705
9.49,78.921111,0.0005191704654983224
9.49,79.171111,0.0004925032034084393
9.49,79.421111,0.00048218776756137326
9.49,79.671111,0.000476143079885624
9.49,79.921111,0.00047106048330609505
9.49,80.171111,0.00046619140538018734
9.49,80.421111,0.0004613998473317375
9.49,80.671111,0.0004566657231944224
9.49,80.921111,0.00045198615226932473
9.49,81.171111,0.0004473602626157519
9.49,81.421111,0.0004427873738124223
9.49,81.671111,0.0004382668273783451
9.49,81.921111,0.00043379797427727114
9.49,82.171111,0.00042938017408659587
9.49,82.421111,0.0004250127948456362
9.49,82.671111,0.0004206952129365793
9.49,82.921111,0.00041642681296826753
9.49,83.171111,0.0004122069876617044
9.49,83.421111,0.00040803513773722387
9.49,83.671111,0.0004039106718033084
9.49,83.921111,0.0003998330062470235
9.49,84.171111,0.00039580156512604106
9.49,84.421111,0.0003918157800622319
9.49,84.671111,0.00038787509013680854
9.49,84.921111,0.00038397894178698373
9.49,85.171111,0.0003801267887041294
9.49,85.421111,0.0003763180917334152
9.49,85.671111,0.00037255231877489364
9.49,85.921111,0.00036882894468602404
9.49,86.171111,0.0003651474511856054
9.49,86.421111,0.0003615073267590953
9.49,86.671111,0.00035790806656530073
9.49,86.921111,0.0003543491723444144
9.49,87.171111,0.00035083015232738026
9.49,87.421111,0.0003473505211465652
9.49,87.671111,0.00034390979974771916
9.49,87.921111,0.00034050751530320623
9.49,88.171111,0.00033714320112647917
9.49,88.421111,0.0003338163965877929
9.49,88.671111,0.00033052664703112425
9.49,88.921111,0.0003272735036922886
9.49,89.171111,0.00032405652361823284
9.49,89.421111,0.00032087526958748675
9.49,89.671111,0.0003177293100317562
9.49,89.921111,0.0003146182189586404
9.49,90.171111,0.00031154157587545857
9.49,90.421111,0.00030849896571416547
9.49,90.671111,0.00030548997875734117
9.49,90.921111,0.0003025142105652447
9.49,91.171111,0.0002995712619039049
9.49,91.421111,0.0002966607386742418
9.49,91.671111,0.0002937822518422016
9.49,91.921111,0.000290935417369884
9.49,92.171111,0.00028811985614765677
9.49,92.421111,0.00028533519392723766
9.49,92.671111,0.0002825810612557248
9.49,92.921111,0.00027985709341057366
9.49,93.171111,0.00027716293033549366
9.49,93.421111,0.00027449821657725854
9.49,93.671111,0.0002718626012234147
9.49,93.921111,0.00026925573784087557
9.49,94.171111,0.00026667728441538344
9.49,94.421111,0.0002641269032918363
9.49,94.671111,0.0002616042611154559
9.49,94.921111,0.0002591090287737897
9.49,95.171111,0.0002566408813395381
9.49,95.421111,0.0002541994980141864
9.49,95.671111,0.0002517845620724358
9.49,95.921111,0.0002493957608074195
9.49,96.171111,0.0002470327854766945
9.49,96.421111,0.00024469533124899125
9.49,96.671111,0.00024238309715172038
9.49,96.921111,0.00024009578601921528
9.49,97.171111,0.000237833104441706
9.74,72.421111,0.0006593891443010045
9.74,72.671111,0.0006523639192382674
9.74,72.921111,0.0006454217672645209
9.74,73.171111,0.0006385616358124174
9.74,73.421111,0.0006317825746690649
9.74,73.671111,0.000625084625015201
9.74,73.921111,0.0006184765074091836
9.74,74.171111,0.0006120278942840994
9.74,74.421111,0.0006061465983224789
9.74,74.671111,0.0006027202625011918
9.74,74.921111,0.0006088264385338075
9.74,75.171111,0.0006471325187040159
9.74,75.421111,0.0007882978519436256
9.74,75.671111,0.0013007104964309316
9.74,75.921111,0.0037339221838444607
9.74,76.171111,0.02323331525222686
9.74,76.421111,0.24240055320270562
9.74,76.671111,0.8353245328932583
9.74,76.921111,0.9709601486097288
9.74,77.171111,0.9745275157290855
9.74,77.421111,0.8788466803759541
9.74,77.671111,0.33396050595369103
9.74,77.921111,0.03353201807701913
9.74,78.171111,0.004569921755506289
9.74,78.421111,0.001337680544189181
9.74,78.671111,0.0007223766517260268
9.74,78.921111,0.0005588280709754451
9.74,79.171111,0.0005097744525189917
9.74,79.421111,0.0004936461656139109
9.74,79.671111,0.0004862822585746012
9.74,79.921111,0.0004808932034458559
9.74,80.171111,0.000475899503479114
9.74,80.421111,0.0004710097974610723
9.74,80.671111,0.00046618138997330346
9.74,80.921111,0.00046140881954160907
9.74,81.171111,0.00045669097260301293
9.74,81.421111,0.00045202714033791417
9.74,81.671111,0.00044741665124862703
9.74,81.921111,0.0004428588442938648
9.74,82.171111,0.00043835306723681876
9.74,82.421111,0.0004338986764546305
9.74,82.671111,0.0004294950368160085
9.74,82.921111,0.000425141521562977
9.74,83.171111,0.0004208375121944119
9.74,83.421111,0.00041658239835127024
9.74,83.671111,0.00041237557770348816
9.74,83.921111,0.0004082164558385295
9.74,84.171111,0.0004041044461515458
9.74,84.421111,0.0004000389697371373
9.74,84.671111,0.0003960194552826779
9.74,84.921111,0.00039204533896319285
9.74,85.171111,0.00038811606433775993
9.74,85.421111,0.0003842310822474049
9.74,85.671111,0.0003803898507144847
9.74,85.921111,0.0003765918348435181
9.74,86.171111,0.00037283650672345495
9.74,86.421111,0.0003691233453313564
9.74,86.671111,0.00036545183643746604
9.74,86.921111,0.0003618214725116541
9.74,87.171111,0.00035823175263120495
9.74,87.421111,0.0003546821823899425
9.74,87.671111,0.00035117227380865844
9.74,87.921111,0.00034770154524683326
9.74,88.171111,0.0003442695213156276
9.74,88.421111,0.000340875732792125
9.74,88.671111,0.00033751971653480745
9.74,88.921111,0.00033420101540024435
9.74,89.171111,0.00033091917816098173
9.74,89.421111,0.00032767375942460204
9.74,89.671111,0.000324464319553954
9.74,89.921111,0.00032129042458851854
9.74,90.171111,0.00031815164616690473
9.74,90.421111,0.00031504756145045443
9.74,90.671111,0.00031197775304793966
9.74,90.921111,0.00030894180894133755
9.74,91.171111,0.0003059393224126643
9.74,91.421111,0.00030296989197185726
9.74,91.671111,0.00030003312128568327
9.74,91.921111,0.0002971286191076603
9.74,92.171111,0.0002942559992089834
9.74,92.421111,0.0002914148803104293
9.74,92.671111,0.000288604886015233
9.74,92.921111,0.0002858256447429191
9.74,93.171111,0.00028307678966407593
9.74,93.421111,0.0002803579586360516
9.74,93.671111,0.0002776687941395707
9.74,93.921111,0.0002750089432162453
9.74,94.171111,0.0002723780574069727
9.74,94.421111,0.00026977579269121116
9.74,94.671111,0.0002672018094271103
9.74,94.921111,0.0002646557722924948
9.74,95.171111,0.0002621373502266773
9.74,95.421111,0.00025964621637309933
9.74,95.671111,0.0002571820480227821
9.74,95.921111,0.00025474452655857257
9.74,96.171111,0.00025233333740018205
9.74,96.421111,0.00024994816994999586
9.74,96.671111,0.00024758871753964936
9.74,96.921111,0.00024525467737735536
9.74,97.171111,0.00024294575049597618
9.99,72.421111,0.0006731653859741065
9.99,72.671111,0.000665999953479352
9.99,72.921111,0.0006589191899326365
9.99,73.171111,0.0006519220371167733
9.99,73.421111,0.0006450076939012469
9.99,73.671111,0.0006381778545036751
9.99,73.921111,0.0006314547790802546
9.99,74.171111,0.0006249970825119935
9.99,74.421111,0.000619680099806715
9.99,74.671111,0.0006193478413993451
9.99,74.921111,0.0006377150087742097
9.99,75.171111,0.000717606991422838
9.99,75.421111,0.0009995493741047168
9.99,75.671111,0.002107366064031204
9.99,75.921111,0.008486666031549335
9.99,76.171111,0.07165555469912643
9.99,76.421111,0.572753338113362
9.99,76.671111,0.9609392304316059
9.99,76.921111,0.9946169168086307
9.99,77.171111,0.9960381899530242
9.99,77.421111,0.9815862746316588
9.99,77.671111,0.7643488836888573
9.99,77.921111,0.13007281434892928
9.99,78.171111,0.011537936143311108
9.99,78.421111,0.002171975803364083
9.99,78.671111,0.0008914279234882996
9.99,78.921111,0.0006070236263184005
9.99,79.171111,0.0005290220873986843
9.99,79.421111,0.0005057954246298263
9.99,79.671111,0.0004968616651631354
9.99,79.921111,0.0004911217629067171
9.99,80.171111,0.00048599425048303016
9.99,80.421111,0.0004810020591410581
9.99,80.671111,0.0004760755942280643
9.99,80.921111,0.00047120633610296816
9.99,81.171111,0.00046639288731684184
9.99,81.421111,0.00046163450727491017
9.99,81.671111,0.000456930510824994
9.99,81.921111,0.00045228022444074165
9.99,82.171111,0.00044768298360381095
9.99,82.421111,0.00044313813256802094
9.99,82.671111,0.00043864502423333684
9.99,82.921111,0.000434203020025496
9.99,83.171111,0.0004298114897774937
9.99,83.421111,0.00042546981161279486
9.99,83.671111,0.00042117737183024266
9.99,83.921111,0.00041693356479064283
9.99,84.171111,0.0004127377928049857
9.99,84.421111,0.00040858946602430145
9.99,84.671111,0.0004044880023311045
9.99,84.921111,0.0004004328272324114
9.99,85.171111,0.00039642337375431544
9.99,85.421111,0.00039245908233807863
9.99,85.671111,0.00038853940073773485
9.99,85.921111,0.0003846637839191656
9.99,86.171111,0.0003808316939606405
9.99,86.421111,0.0003770425999547945
9.99,86.671111,0.0003732959779120131
9.99,86.921111,0.00036959131066522033
9.99,87.171111,0.0003659280877760332
9.99,87.421111,0.0003623058054422706
9.99,87.671111,0.00035872396640679354
9.99,87.921111,0.00035518207986766034
9.99,88.171111,0.00035167966138956777
9.99,88.421111,0.000348216232816571
9.99,88.671111,0.0003447913221860574
9.99,88.921111,0.0003414044636439512
9.99,89.171111,0.0003380551973611387
9.99,89.421111,0.00033474306945109134
9.99,89.671111,0.0003314676318886663
9.99,89.921111,0.00032822844243007886
9.99,90.171111,0.00032502506453400813
9.99,90.421111,0.00032185706728384336
9.99,90.671111,0.0003187240253110322
9.99,90.921111,0.00031562551871953276
9.99,91.171111,0.0003125611330113385
9.99,91.421111,0.0003095304590130697
9.99,91.671111,0.00030653309280360784
9.99,91.921111,0.0003035686356427701
9.99,92.171111,0.0003006366939009892
9.99,92.421111,0.0002977368789900017
9.99,92.671111,0.0002948688072945231
9.99,92.921111,0.00029203210010488793
9.99,93.171111,0.00028922638355065566
9.99,93.421111,0.00028645128853515374
9.99,93.671111,0.00028370645067095216
9.99,93.921111,0.0002809915102162532
9.99,94.171111,0.0002783061120121826
9.99,94.421111,0.0002756499054209717
9.99,94.671111,0.0002730225442650095
9.99,94.921111,0.00027042368676676455
9.99,95.171111,0.00026785299548955105
9.99,95.421111,0.00026531013727913304
9.99,95.671111,0.00026279478320615743
9.99,95.921111,0.0002603066085093948
9.99,96.171111,0.0002578452925397839
9.99,96.421111,0.00025541051870526393
9.99,96.671111,0.00025300197441638616
9.99,96.921111,0.0002506193510326892
9.99,97.171111,0.0002482623438098287
10.24,72.421111,0.000687489631264604
10.24,72.671111,0.0006801784363513782
10.24,72.921111,0.000672953572312634
10.24,73.171111,0.0006658140087403269
10.24,73.421111,0.0006587594317633965
10.24,73.671111,0.0006517959009243509
10.24,73.921111,0.0006449766666902559
10.24,74.171111,0.0006386389298951629
10.24,74.421111,0.000634491910855575
10.24,74.671111,0.0006395487249694922
10.24,74.921111,0.0006778001130337828
10.24,75.171111,0.0008254449231136747
10.24,75.421111,0.0013635594067453703
10.24,75.671111,0.003801929912923316
10.24,75.921111,0.020976551927183982
10.24,76.171111,0.19171472630575268
10.24,76.421111,0.7929396665949102
10.24,76.671111,0.9807862660865084
10.24,76.921111,0.9964326134104458
10.24,77.171111,0.9971774377472059
10.24,77.421111,0.9887094634677865
10.24,77.671111,0.8619598289828414
10.24,77.921111,0.2207335611208106
10.24,78.171111,0.018284097952426265
10.24,78.421111,0.002833331142750967
10.24,78.671111,0.0010109090707359984
10.24,78.921111,0.0006421843180766741
10.24,79.171111,0.0005454522650026197
10.24,79.421111,0.0005177072958358866
10.24,79.671111,0.0005077444527836338
10.24,79.921111,0.0005017422131469435
10.24,80.171111,0.0004964894534551254
10.24,80.421111,0.0004913922077532821
10.24,80.671111,0.0004863639253284338
10.24,80.921111,0.00048139415425177835
10.24,81.171111,0.00047648131305692485
10.24,81.421111,0.00047162463592740066
10.24,81.671111,0.00046682342395098743
10.24,81.921111,0.0004620769906420912
10.24,82.171111,0.0004573846587163039
10.24,82.421111,0.0004527457598252004
10.24,82.671111,0.00044815963442715713
10.24,82.921111,0.00044362563166479594
10.24,83.171111,0.0004391431092443341
10.24,83.421111,0.0004347114333167039
10.24,83.671111,0.000430329978360386
10.24,83.921111,0.0004259981270659562
10.24,84.171111,0.0004217152702222977
10.24,84.421111,0.00041748080660446846
10.24,84.671111,0.00041329414286319185
10.24,84.921111,0.00040915469341594777
10.24,85.171111,0.00040506188033964376
10.24,85.421111,0.0004010151332648307
10.24,85.671111,0.00039701388927145936
10.24,85.921111,0.00039305759278613175
10.24,86.171111,0.00038914569548084655
10.24,86.421111,0.00038527765617319895
10.24,86.671111,0.0003814529407280234
10.24,86.921111,0.0003776710219604532
10.24,87.171111,0.0003739313795403798
10.24,87.421111,0.000370233499898281
10.24,87.671111,0.00036657687613241463
10.24,87.921111,0.00036296100791733586
10.24,88.171111,0.00035938540141374007
10.24,88.421111,0.0003558495691795933
10.24,88.671111,0.00035235303008254287
10.24,88.921111,0.0003488953092135828
10.24,89.171111,0.0003454759378019581
10.24,89.421111,0.00034209445313129126
10.24,89.671111,0.00033875039845690324
10.24,89.921111,0.00033544332292432757
10.24,90.171111,0.00033217278148898045
10.24,90.421111,0.0003289383348369888
10.24,90.671111,0.0003257395493071422
10.24,90.921111,0.0003225759968139634
10.24,91.171111,0.0003194472547718778
10.24,91.421111,0.0003163529060204588
10.24,91.671111,0.0003132925387507477
10.24,91.921111,0.00031026574643261407
10.24,92.171111,0.0003072721277431593
10.24,92.421111,0.00030431128649613024
10.24,92.671111,0.000301382831572345
10.24,92.921111,0.0002984863768511011
10.24,93.171111,0.00029562154114256325
10.24,93.421111,0.0002927879481211052
10.24,93.671111,0.0002899852262596019
10.24,93.921111,0.0002872130087646531
10.24,94.171111,0.0002844709335127223
10.24,94.421111,0.0002817586429871803
10.24,94.671111,0.0002790757842162436
10.24,94.921111,0.00027642200871178587
10.24,95.171111,0.00027379697240901733
10.24,95.421111,0.0002712003356070144
10.24,95.671111,0.0002686317629100923
10.24,95.921111,0.00026609092316999875
10.24,96.171111,0.0002635774894289311
10.24,96.421111,0.00026109113886334755
10.24,96.671111,0.0002586315527285778
10.24,96.921111,0.0002561984163042079
10.24,97.171111,0.0002537914188402355
10.49,72.421111,0.0007023844869414043
10.49,72.671111,0.0006949217516314243
10.49,72.921111,0.0006875470871282899
10.49,73.171111,0.0006802596177475287
10.49,73.421111,0.0006730606668472625
10.49,73.671111,0.0006659690359687502
10.49,73.921111,0.0006591176964248774
10.49,74.171111,0.000653246034023601
10.49,74.421111,0.0006516995398760973
10.49,74.671111,0.0006669821037974342
10.49,74.921111,0.0007398968615083873
10.49,75.171111,0.0010061697112258964
10.49,75.421111,0.002051639893342833
10.49,75.671111,0.007725007944352984
10.49,75.921111,0.05481356429293781
10.49,76.171111,0.4003236987523699
10.49,76.421111,0.8779853228039235
10.49,76.671111,0.9771086620495973
10.49,76.921111,0.9898431310416343
10.49,77.171111,0.986544127455282
10.49,77.421111,0.9482766438097643
10.49,77.671111,0.6570948205062056
10.49,77.921111,0.1222052189698338
10.49,78.171111,0.013017610196336111
10.49,78.421111,0.002484310195622808
10.49,78.671111,0.0009788930546596887
10.49,78.921111,0.0006459591529884488
10.49,79.171111,0.0005552709774228518
10.49,79.421111,0.0005286606998681477
10.49,79.671111,0.0005188277446841953
10.49,79.921111,0.0005127556829602351
10.49,80.171111,0.0005074001630892402
10.49,80.421111,0.0005021966491493164
10.49,80.671111,0.0004970627611233594
10.49,80.921111,0.0004919885049748839
10.49,81.171111,0.00048697232734697967
10.49,81.421111,0.0004820134515729812
10.49,81.671111,0.00047711116527965656
10.49,81.921111,0.00047226476854482085
10.49,82.171111,0.00046747357081460884
10.49,82.421111,0.00046273689064067633
10.49,82.671111,0.0004580540555485167
10.49,82.921111,0.00045342440191258976
10.49,83.171111,0.00044884727483345455
10.49,83.421111,0.00044432202801670086
10.49,83.671111,0.0004398480236536384
10.49,83.921111,0.0004354246323037178
10.49,84.171111,0.0004310512327786542
10.49,84.421111,0.00042672721202823547
10.49,84.671111,0.000422451965027775
10.49,84.921111,0.00041822489466720493
10.49,85.171111,0.0004140454116417625
10.49,85.421111,0.00040991293434426734
10.49,85.671111,0.00040582688875894754
10.49,85.921111,0.00040178670835680204
10.49,86.171111,0.0003977918339924759
10.49,86.421111,0.0003938417138026165
10.49,86.671111,0.00038993580310570065
10.49,86.921111,0.0003860735643033054
10.49,87.171111,0.0003822544667827961
10.49,87.421111,0.0003784779868214184
10.49,87.671111,0.00037474360749176823
10.49,87.921111,0.0003710508185686216
10.49,88.171111,0.00036739911643710206
10.49,88.421111,0.00036378800400216647
10.49,88.671111,0.0003602169905993929
10.49,88.921111,0.00035668559190704034
10.49,89.171111,0.0003531933298593792
10.49,89.421111,0.00034973973256125217
10.49,89.671111,0.00034632433420386875
10.49,89.921111,0.0003429466749817957
10.49,90.171111,0.0003396063010111421
10.49,90.421111,0.00033630276424890523
10.49,90.671111,0.0003330356224134754
10.49,90.921111,0.0003298044389062739
10.49,91.171111,0.0003266087827345043
10.49,91.421111,0.00032344822843501184
10.49,91.671111,0.00032032235599922207
10.49,91.921111,0.00031723075079915136
10.49,92.171111,0.0003141730035144689
10.49,92.421111,0.0003111487100605968
10.49,92.671111,0.0003081574715178313
10.49,92.921111,0.0003051988940614733
10.49,93.171111,0.00030227258889294534
10.49,93.421111,0.0002993781721718929
10.49,93.671111,0.00029651526494924285
10.49,93.921111,0.0002936834931012131
10.49,94.171111,0.0002908824872642563
10.49,94.421111,0.00028811188277092414
10.49,94.671111,0.0002853713195866384
10.49,94.921111,0.00028266044224735864
10.49,95.171111,0.0002799788997981245
10.49,95.421111,0.0002773263457324729
10.49,95.671111,0.0002747024379327054
10.49,95.921111,0.0002721068386109971
10.49,96.171111,0.000269539214251341
10.49,96.421111,0.00026699923555230376
10.49,96.671111,0.0002644865773705925
10.49,96.921111,0.0002620009186654095
10.49,97.171111,0.00025954194244359654
10.74,72.421111,0.0007178736986044999
10.74,72.671111,0.0007102534132334871
10.74,72.921111,0.0007027230555423668
10.74,73.171111,0.0006952823520965567
10.74,73.421111,0.0006879379174351036
10.74,73.671111,0.0006807454856458585
10.74,73.921111,0.00067404670791482
10.74,74.171111,0.0006695314125616395
10.74,74.421111,0.0006740446567557426
10.74,74.671111,0.0007110109104702659
10.74,74.921111,0.0008554280717953919
10.74,75.171111,0.0013852738996264443
10.74,75.421111,0.003795267413531172
10.74,75.671111,0.020642130129303684
10.74,75.921111,0.17628130322700514
10.74,76.171111,0.7110733288993724
10.74,76.421111,0.9406217394777155
10.74,76.671111,0.9714768569194047
10.74,76.921111,0.9592028088668366
10.74,77.171111,0.8774226600878369
10.74,77.421111,0.5741836831892986
10.74,77.671111,0.16433763122062556
10.74,77.921111,0.02722764247215462
10.74,78.171111,0.005222062146873074
10.74,78.421111,0.0016222729629960025
10.74,78.671111,0.0008403658724639713
10.74,78.921111,0.0006248490308711288
10.74,79.171111,0.0005596834139599697
10.74,79.421111,0.0005388903066890822
10.74,79.671111,0.0005301636461890505
10.74,79.921111,0.0005241843411201097
10.74,80.171111,0.0005187444051528151
10.74,80.421111,0.0005134328094521116
10.74,80.671111,0.0005081893216502667
10.74,80.921111,0.0005030064406646314
10.74,81.171111,0.0004978828203029183
10.74,81.421111,0.0004928176843216886
10.74,81.671111,0.00048781030673635336
10.74,81.921111,0.0004828599736065095
10.74,82.171111,0.0004779659805700478
10.74,82.421111,0.0004731276325591159
10.74,82.671111,0.0004683442436554087
10.74,82.921111,0.00046361513696104544
10.74,83.171111,0.00045893964447316635
10.74,83.421111,0.00045431710696057536
10.74,83.671111,0.0004497468738421907
10.74,83.921111,0.00044522830306726474
10.74,84.171111,0.00044076076099733454
10.74,84.421111,0.00043634362228988147
10.74,84.671111,0.00043197626978368187
10.74,84.921111,0.0004276580943858106
10.74,85.171111,0.00042338849496027586
10.74,85.421111,0.00041916687821826943
10.74,85.671111,0.0004149926586099971
10.74,85.921111,0.0004108652582180743
10.74,86.171111,0.0004067841066524557
10.74,86.421111,0.00040274864094687806
10.74,86.671111,0.00039875830545680344
10.74,86.921111,0.000394812551758822
10.74,87.171111,0.00039091083855150813
10.74,87.421111,0.00038705263155770347
10.74,87.671111,0.000383237403428198
10.74,87.921111,0.0003794646336468017
10.74,88.171111,0.00037573380843677743
10.74,88.421111,0.0003720444206686145
10.74,88.671111,0.0003683959697691238
10.74,88.921111,0.00036478796163184185
10.74,89.171111,0.0003612199085287105
10.74,89.421111,0.0003576913290230286
10.74,89.671111,0.00035420174788364044
10.74,89.921111,0.00035075069600035857
10.74,90.171111,0.0003473377103005936
10.74,90.421111,0.00034396233366716964
10.74,90.671111,0.00034062411485732085
10.74,90.921111,0.0003373226084228364
10.74,91.171111,0.0003340573746313479
10.74,91.421111,0.0003308279793887361
10.74,91.671111,0.0003276339941626457
10.74,91.921111,0.0003244749959070825
10.74,92.171111,0.00032135056698809095
10.74,92.421111,0.0003182602951104796
10.74,92.671111,0.0003152037732455954
10.74,92.921111,0.0003121805995601172
10.74,93.171111,0.0003091903773458628
10.74,93.421111,0.0003062327149505901
10.74,93.671111,0.00030330722570977894
10.74,93.921111,0.00030041352787937907
10.74,94.171111,0.00029755124456951206
10.74,94.421111,0.00029472000367910514
10.74,94.671111,0.00029191943783145704
10.74,94.921111,0.0002891491843107076
10.74,95.171111,0.00028640888499920764
10.74,95.421111,0.00028369818631577166
10.74,95.671111,0.0002810167391548014
10.74,95.921111,0.000278364198826267
10.74,96.171111,0.0002757402249965357
10.74,96.421111,0.0002731444816300282
10.74,96.671111,0.00027057663693170266
10.74,96.921111,0.0002680363632903423
10.74,97.171111,0.00026552333722264
10.99,72.421111,0.0007339822120023224
10.99,72.671111,0.0007261981323496617
10.99,72.921111,0.0007185060836645485
10.99,73.171111,0.0007109078594549722
10.99,73.421111,0.0007034261516003367
10.99,73.671111,0.0006962174940267554
10.99,73.921111,0.0006901356553218785
10.99,74.171111,0.0006889798958433877
10.99,74.421111,0.0007067846995497515
10.99,74.671111,0.0007893323237312613
10.99,74.921111,0.0010923272720378262
10.99,75.171111,0.0023261996533724565
10.99,75.421111,0.009667979853278932
10.99,75.671111,0.08072720723060645
10.99,75.921111,0.5614367863400597
10.99,76.171111,0.9370614532094871
10.99,76.421111,0.983295367590604
10.99,76.671111,0.9799055293406006
10.99,76.921111,0.9128092821119161
10.99,77.171111,0.5425441270254459
10.99,77.421111,0.1223531275617776
10.99,77.671111,0.022689656541499813
10.99,77.921111,0.005658590045559953
10.99,78.171111,0.0020170907982965404
10.99,78.421111,0.0010280675582681987
10.99,78.671111,0.0007105455841947475
10.99,78.921111,0.0006011877213278127
10.99,79.171111,0.0005634379245369569
10.99,79.421111,0.0005493350732039723
10.99,79.671111,0.0005419210722156858
10.99,79.921111,0.0005360670047137046
10.99,80.171111,0.000530543004813322
10.99,80.421111,0.0005251192616886026
10.99,80.671111,0.000519761752654653
10.99,80.921111,0.0005144658902647451
10.99,81.171111,0.0005092305406886927
10.99,81.421111,0.0005040549127843752
10.99,81.671111,0.0004989382604355091
10.99,81.921111,0.0004938798535686122
10.99,82.171111,0.0004888789731628272
10.99,82.421111,0.0004839349099470071
10.99,82.671111,0.00047904696402270824
10.99,82.921111,0.00047421444469500763
10.99,83.171111,0.00046943667034003196
10.99,83.421111,0.00046471296827879264
10.99,83.671111,0.00046004267465328346
10.99,83.921111,0.0004554251343044062
10.99,84.171111,0.0004508597006516642
10.99,84.421111,0.0004463457355745989
10.99,84.671111,0.00044188260929593976
10.99,84.921111,0.0004374697002664472
10.99,85.171111,0.00043310639505141134
10.99,85.421111,0.00042879208821879983
10.99,85.671111,0.000424526182229012
10.99,85.921111,0.0004203080873262265
10.99,86.171111,0.0004161372214313146
10.99,86.421111,0.00041201301003629675
10.99,86.671111,0.0004079348861003166
10.99,86.921111,0.0004039022899471175
10.99,87.171111,0.0003999146691639839
10.99,87.421111,0.0003959714785021466
10.99,87.671111,0.00039207217977860973
10.99,87.921111,0.00038821624177939163
10.99,88.171111,0.00038440314016415276
10.99,88.421111,0.0003806323573721918
10.99,88.671111,0.000376903382529788
10.99,88.921111,0.0003732157113588716
10.99,89.171111,0.0003695688460870029
10.99,89.421111,0.000365962295358634
10.99,89.671111,0.00036239557414764685
10.99,89.921111,0.00035886820367113495
10.99,90.171111,0.0003553797113044191
10.99,90.421111,0.00035192963049727544
10.99,90.671111,0.0003485175006913588
10.99,90.921111,0.0003451428672388024
10.99,91.171111,0.00034180528132198007
10.99,91.421111,0.0003385042998744045
10.99,91.671111,0.00033523948550275994
10.99,91.921111,0.00033201040641003647
10.99,92.171111,0.0003288166363197602
10.99,92.421111,0.00032565775440129906
10.99,92.671111,0.0003225333451962289
10.99,92.921111,0.00031944299854574443
10.99,93.171111,0.0003163863095190986
10.99,93.421111,0.0003133628783430591
10.99,93.671111,0.0003103723103323577
10.99,93.921111,0.0003074142158211317
10.99,94.171111,0.0003044882100953289
10.99,94.421111,0.0003015939133260713
10.99,94.671111,0.00029873095050395927
10.99,94.921111,0.000295898951374303
10.99,95.171111,0.00029309755037327037
10.99,95.421111,0.0002903263865649297
10.99,95.671111,0.00028758510357918704
10.99,95.921111,0.0002848733495505906
10.99,96.171111,0.0002821907770580025
10.99,96.421111,0.0002795370430651152
10.99,96.671111,0.0002769118088618059
10.99,96.921111,0.00027431474000631404
10.99,97.171111,0.0002717455062682334
11.24,72.421111,0.0007507362386739436
11.24,72.671111,0.0007427818979289813
11.24,72.921111,0.0007349223077185036
11.24,73.171111,0.0007271655834822009
11.24,73.421111,0.0007195795640591514
11.24,73.671111,0.0007125782378320679
11.24,73.921111,0.0007081914664487142
11.24,74.171111,0.000714571818932878
11.24,74.421111,0.0007595850349085048
11.24,74.671111,0.000934168125308425
11.24,74.921111,0.001594896712205267
11.24,75.171111,0.0048729678503997
11.24,75.421111,0.03209514553914434
11.24,75.671111,0.31931098188948737
11.24,75.921111,0.8948469274205227
11.24,76.171111,0.9882809918644431
11.24,76.421111,0.9948913374281596
11.24,76.671111,0.9865861778560633
11.24,76.921111,0.8723911600055771
11.24,77.171111,0.28303079304247464
11.24,77.421111,0.032105097970047604
11.24,77.671111,0.0057954026245285875
11.24,77.921111,0.0019899187826111944
11.24,78.171111,0.0010692185486323726
11.24,78.421111,0.0007586233891427932
11.24,78.671111,0.0006376863310413801
11.24,78.921111,0.0005896051913296424
11.24,79.171111,0.0005701786618246887
11.24,79.421111,0.0005607664044042351
11.24,79.671111,0.0005542543354628079
11.24,79.921111,0.0005484481541171262
11.24,80.171111,0.00054282174755355
11.24,80.421111,0.0005372773286600222
11.24,80.671111,0.0005317997398527043
11.24,80.921111,0.0005263858603426546
11.24,81.171111,0.0005210341752823591
11.24,81.421111,0.0005157436155560027
11.24,81.671111,0.0005105133248620103
11.24,81.921111,0.0005053425335356408
11.24,82.171111,0.0005002305028723353
11.24,82.421111,0.0004951765081678198
11.24,82.671111,0.0004901798349127198
11.24,82.921111,0.0004852397780626065
11.24,83.171111,0.0004803556418337247
11.24,83.421111,0.0004755267395677343
11.24,83.671111,0.00047075239360489576
11.24,83.921111,0.0004660319351595911
11.24,84.171111,0.0004613647041976638
11.24,84.421111,0.00045675004931554813
11.24,84.671111,0.00045218732762113486
11.24,84.921111,0.0004476759046163634
11.24,85.171111,0.00044321515408150814
11.24,85.421111,0.00043880445796113087
11.24,85.671111,0.0004344432062516888
11.24,85.921111,0.0004301307968907467
11.24,86.171111,0.00042586663564780106
11.24,86.421111,0.0004216501360166615
11.24,86.671111,0.00041748071910939385
11.24,86.921111,0.000413357813551779
11.24,87.171111,0.0004092808553802784
11.24,87.421111,0.0004052492879404789
11.24,87.671111,0.0004012625617869954
11.24,87.921111,0.0003973201345848094
11.24,88.171111,0.0003934214710120222
11.24,88.421111,0.0003895660426640041
11.24,88.671111,0.0003857533279589126
11.24,88.921111,0.00038198281204456316
11.24,89.171111,0.0003782539867066381
11.24,89.421111,0.0003745663502782007
11.24,89.671111,0.0003709194075505051
11.24,89.921111,0.00036731266968508317
11.24,90.171111,0.0003637456541270785
11.24,90.421111,0.0003602178845198233
11.24,90.671111,0.0003567288906206317
11.24,90.921111,0.00035327820821779094
11.24,91.171111,0.0003498653790487329
11.24,91.421111,0.000346489950719376
11.24,91.671111,0.0003431514766246104
11.24,91.921111,0.0003398495158699104
11.24,92.171111,0.00033658363319406554
11.24,92.421111,0.00033335339889300824
11.24,92.671111,0.00033015838874471615
11.24,92.921111,0.00032699818393518783
11.24,93.171111,0.0003238723709854615
11.24,93.421111,0.0003207805416796669
11.24,93.671111,0.0003177222929941016
11.24,93.921111,0.00031469722702730295
11.24,94.171111,0.00031170495093111564
11.24,94.421111,0.00030874507684272497
11.24,94.671111,0.0003058172218176595
11.24,94.921111,0.000302921007763729
11.24,95.171111,0.0003000560613759031
11.24,95.421111,0.00029722201407210143
11.24,95.671111,0.00029441850192989084
11.24,95.921111,0.00029164516562407315
11.24,96.171111,0.0002889016503651507
11.24,96.421111,0.00028618760583865895
11.24,96.671111,0.00028350268614534723
11.24,96.921111,0.00028084654974220316
11.24,97.171111,0.0002782188593843051
11.49,72.421111,0.0007681633258514611
11.49,72.671111,0.0007600320659318276
11.49,72.921111,0.0007519996890659612
11.49,73.171111,0.0007440907456859093
11.49,73.421111,0.000736484431128477
11.49,73.671111,0.0007301898915010123
11.49,73.921111,0.0007297517093061185
11.49,74.171111,0.0007519453025232087
11.49,74.421111,0.0008514899770048019
11.49,74.671111,0.0012180536296453606
11.49,74.921111,0.0027561094757544238
11.49,75.171111,0.012446233409349161
11.49,75.421111,0.11093701711486192
11.49,75.671111,0.6708543918774746
11.49,75.921111,0.966301932681181
11.49,76.171111,0.9935727852094991
11.49,76.421111,0.9942563785678287
11.49,76.671111,0.9734895575449551
11.49,76.921111,0.714853102308379
11.49,77.171111,0.11914311877414711
11.49,77.421111,0.0123433560582558
11.49,77.671111,0.0026646362876408536
11.49,77.921111,0.0011641619997428722
11.49,78.171111,0.000786784589129853
11.49,78.421111,0.0006609666286792489
11.49,78.671111,0.0006121864282615385
11.49,78.921111,0.0005912519612284467
11.49,79.171111,0.0005806511591838356
11.49,79.421111,0.0005735135971139897
11.49,79.671111,0.0005673530876826778
11.49,79.921111,0.000561448161717843
11.49,80.171111,0.0005556524171623432
11.49,80.421111,0.0005499487282260844
11.49,80.671111,0.0005443304926711702
11.49,80.921111,0.0005387880760539242
11.49,81.171111,0.000533313738181146
11.49,81.421111,0.0005279032778168735
11.49,81.671111,0.0005225547408900183
11.49,81.921111,0.0005172670645151991
11.49,82.171111,0.0005120394403977477
11.49,82.421111,0.0005068711204011239
11.49,82.671111,0.0005017613739614891
11.49,82.921111,0.0004967094810377838
11.49,83.171111,0.0004917147311204442
11.49,83.421111,0.00048677642301837816
11.49,83.671111,0.00048189386472401635
11.49,83.921111,0.0004770663732860333
11.49,84.171111,0.00047229327468423834
11.49,84.421111,0.00046757390370629414
11.49,84.671111,0.0004629076038262152
11.49,84.921111,0.00045829372708462485
11.49,85.171111,0.00045373163397073195
11.49,85.421111,0.0004492206933060162
11.49,85.671111,0.0004447602821295899
11.49,85.921111,0.0004403497855852067
11.49,86.171111,0.00043598859680989946
11.49,86.421111,0.00043167611682422144
11.49,86.671111,0.0004274117544240636
11.49,86.921111,0.00042319492607402817
11.49,87.171111,0.0004190250558023325
11.49,87.421111,0.0004149015750972251
11.49,87.671111,0.0004108239228048801
11.49,87.921111,0.00040679154502876527
11.49,88.171111,0.00040280389503044513
11.49,88.421111,0.0003988604331318072
11.49,88.671111,0.000394960626618688
11.49,88.921111,0.0003911039496458771
11.49,89.171111,0.0003872898831434787
11.49,89.421111,0.0003835179147246147
11.49,89.671111,0.0003797875385944382
11.49,89.921111,0.0003760982554604559
11.49,90.171111,0.00037244957244411816
11.49,90.421111,0.00036884100299368024
11.49,90.671111,0.00036527206679829626
11.49,90.921111,0.0003617422897033433
11.49,91.171111,0.00035825120362694313
11.49,91.421111,0.0003547983464776766
11.49,91.671111,0.00035138326207346794
11.49,91.921111,0.00034800550006161497
11.49,92.171111,0.00034466461583996274
11.49,92.421111,0.00034136017047918906
11.49,92.671111,0.0003380917306461952
11.49,92.921111,0.00033485886852858103
11.49,93.171111,0.0003316611617601904
11.49,93.421111,0.0003284981933477088
11.49,93.671111,0.00032536955159830327
11.49,93.921111,0.00032227483004827794
11.49,94.171111,0.0003192136273927461
11.49,94.421111,0.00031618554741628913
11.49,94.671111,0.00031319019892459384
11.49,94.921111,0.0003102271956770613
11.49,95.171111,0.0003072961563203544
11.49,95.421111,0.00030439670432288985
11.49,95.671111,0.00030152846791024827
11.49,95.921111,0.0002986910800014958
11.49,96.171111,0.00029588417814639813
11.49,96.421111,0.0002931074044635164
11.49,96.671111,0.00029036040557917715
11.49,96.921111,0.00028764283256729306
11.49,97.171111,0.0002849543408900308
11.74,72.421111,0.0007862924295081556
11.74,72.671111,0.0007779774337706602
11.74,72.921111,0.0007697680550055198
11.74,73.171111,0.0007617237306623995
11.74,73.421111,0.0007542521408461255
11.74,73.671111,0.0007495369619171101
11.74,73.921111,0.0007568938275064839
11.74,74.171111,0.000809276659454772
11.74,74.421111,0.001016495174601738
11.74,74.671111,0.0018206896021175137
11.74,74.921111,0.005922023320109719
11.74,75.171111,0.03904419443817521
11.74,75.421111,0.32608282878445827
11.74,75.671111,0.8530789950932279
11.74,75.921111,0.972032958540753
11.74,76.171111,0.9840469217915551
11.74,76.421111,0.965747596348131
11.74,76.671111,0.8088161775405756
11.74,76.921111,0.26228164959859557
11.74,77.171111,0.03093553788264363
11.74,77.421111,0.004978380016542544
11.74,77.671111,0.0015889736341414143
11.74,77.921111,0.000892188526383234
11.74,78.171111,0.0006981282591249153
11.74,78.421111,0.000635623824000354
11.74,78.671111,0.0006127797586437413
11.74,78.921111,0.0006021672229311971
11.74,79.171111,0.000595125010251475
11.74,79.421111,0.0005888066486899659
11.74,79.671111,0.0005823891939370959
11.74,79.921111,0.000575868579278643
11.74,80.171111,0.0005694700047954578
11.74,80.421111,0.000563328963084512
11.74,80.671111,0.0005574335730287843
11.74,80.921111,0.000551709032171344
11.74,81.171111,0.0005460931877806179
11.74,81.421111,0.0005405548802255029
11.74,81.671111,0.0005350828022919184
11.74,81.921111,0.0005296734804151604
11.74,82.171111,0.0005243256234949938
11.74,82.421111,0.0005190383973012636
11.74,82.671111,0.000513811047347734
11.74,82.921111,0.0005086428373386355
11.74,83.171111,0.0005035330414072861
11.74,83.421111,0.0004984809432513978
11.74,83.671111,0.0004934858359470345
11.74,83.921111,0.0004885470218159173
11.74,84.171111,0.0004836638122976592
11.74,84.421111,0.0004788355278239733
11.74,84.671111,0.0004740614976947163
11.74,84.921111,0.0004693410599557061
11.74,85.171111,0.0004646735612783149
11.74,85.421111,0.0004600583568407873
11.74,85.671111,0.00045549481021127223
11.74,85.921111,0.0004509822932325384
11.74,86.171111,0.0004465201859083471
11.74,86.421111,0.000442107876291462
11.74,86.671111,0.0004377447603732614
11.74,86.921111,0.00043343024197494497
11.74,87.171111,0.00042916373264029564
11.74,87.421111,0.00042494465152997934
11.74,87.671111,0.0004207724253173664
11.74,87.921111,0.00041664648808584155
11.74,88.171111,0.00041256628122758203
11.74,88.421111,0.0004085312533437886
11.74,88.671111,0.0004045408601463452
11.74,88.921111,0.0004005945643608765
11.74,89.171111,0.0003966918356312003
11.74,89.421111,0.000392832150425138
11.74,89.671111,0.0003890149919416684
11.74,89.921111,0.0003852398500194122
11.74,90.171111,0.0003815062210464162
11.74,90.421111,0.0003778136078712207
11.74,90.671111,0.0003741615197151977
11.74,90.921111,0.00037054947208613566
11.74,91.171111,0.0003669769866930511
11.74,91.421111,0.00036344359136220944
11.74,91.671111,0.0003599488199543455
11.74,91.921111,0.0003564922122830515
11.74,92.171111,0.0003530733140343265
11.74,92.421111,0.00034969167668726835
11.74,92.671111,0.00034634685743588323
11.74,92.921111,0.00034303841911200844
11.74,93.171111,0.00033976593010932513
11.74,93.421111,0.00033652896430844337
11.74,93.671111,0.00033332710100304535
11.74,93.921111,0.00033015992482707994
11.74,94.171111,0.0003270270256829738
11.74,94.421111,0.0003239279986708637
11.74,94.671111,0.0003208624440188238
11.74,94.921111,0.00031782996701407645
11.74,95.171111,0.0003148301779351733
11.74,95.421111,0.0003118626919851286
11.74,95.671111,0.0003089271292254954
11.74,95.921111,0.0003060231145113655
11.74,96.171111,0.00030315027742728847
11.74,96.421111,0.00030030825222408374
11.74,96.671111,0.0002974966777565457
11.74,96.921111,0.0002947151974220156
11.74,97.171111,0.0002919634590998224
11.99,72.421111,0.0008051539953368423
11.99,72.671111,0.000796648335998201
11.99,72.921111,0.0007882590643606012
11.99,73.171111,0.0007801070452693425
11.99,73.421111,0.0007729861782793857
11.99,73.671111,0.0007709966092078548
11.99,73.921111,0.0007911022174036518
11.99,74.171111,0.0008934413455912912
11.99,74.421111,0.0012993642660953564
11.99,74.671111,0.003140356858054294
11.99,74.921111,0.01585257053285044
11.99,75.171111,0.14301084427808344
11.99,75.421111,0.675254832019284
11.99,75.671111,0.9311102998930264
11.99,75.921111,0.9603078728901535
11.99,76.171111,0.9185301919087939
11.99,76.421111,0.6774741186421102
11.99,76.671111,0.21214193926081912
11.99,76.921111,0.035109879133536886
11.99,77.171111,0.006862172932469267
11.99,77.421111,0.002137444935207992
11.99,77.671111,0.0010743505518645404
11.99,77.921111,0.0007685317818292357
11.99,78.171111,0.0006704945142845334
11.99,78.421111,0.0006387089993941795
11.99,78.671111,0.0006283386294789464
11.99,78.921111,0.00062433615676214
11.99,79.171111,0.0006208899289739934
11.99,79.421111,0.0006151626432320181
11.99,79.671111,0.0006065646504824499
11.99,79.921111,0.0005964806473529663
11.99,80.171111,0.000586794799711402
11.99,80.421111,0.0005784893574914577
11.99,80.671111,0.0005714830060533749
11.99,80.921111,0.0005652648707678621
11.99,81.171111,0.000559414336828617
11.99,81.421111,0.0005537233161015632
11.99,81.671111,0.0005481192311955339
11.99,81.921111,0.0005425828864957617
11.99,82.171111,0.0005371099130845459
11.99,82.421111,0.0005316989998099967
11.99,82.671111,0.000526349321928395
11.99,82.921111,0.0005210601220768154
11.99,83.171111,0.000515830658120923
11.99,83.421111,0.000510660198030488
11.99,83.671111,0.0005055480193725616
11.99,83.921111,0.0005004934091574916
11.99,84.171111,0.0004954956637076604
11.99,84.421111,0.0004905540885290697
11.99,84.671111,0.00048566799818482224
11.99,84.921111,0.0004808367161704181
11.99,85.171111,0.0004760595747908571
11.99,85.421111,0.0004713359150395015
11.99,85.671111,0.00046666508647869037
11.99,85.921111,0.0004620464471220697
11.99,86.171111,0.0004574793633186114
11.99,86.421111,0.0004529632096383013
11.99,86.671111,0.00044849736875946536
11.99,86.921111,0.00044408123135771964
11.99,87.171111,0.00043971419599650897
11.99,87.421111,0.00043539566901921165
11.99,87.671111,0.0004311250644427958
11.99,87.921111,0.0004269018038529987
11.99,88.171111,0.00042272531630099846
11.99,88.421111,0.00041859503820157424
11.99,88.671111,0.0004145104132327147
11.99,88.921111,0.0004104708922366631
11.99,89.171111,0.00040647593312237554
11.99,89.421111,0.0004025250007693712
11.99,89.671111,0.00039861756693295255
11.99,89.921111,0.00039475311015077936
11.99,90.171111,0.00039093111565077066
11.99,90.421111,0.0003871510752603166
11.99,90.671111,0.0003834124873167885
11.99,90.921111,0.0003797148565793145
11.99,91.171111,0.00037605769414181245
11.99,91.421111,0.0003724405173472574
11.99,91.671111,0.00036886284970316554
11.99,91.921111,0.00036532422079827966
11.99,92.171111,0.0003618241662204297
11.99,92.421111,0.0003583622274755654
11.99,92.671111,0.00035493795190792894
11.99,92.921111,0.00035155089262136095
11.99,93.171111,0.0003482006084017154
11.99,93.421111,0.00034488666364038026
11.99,93.671111,0.0003416086282588663
11.99,93.921111,0.0003383660776344695
11.99,94.171111,0.0003351585925269809
11.99,94.421111,0.00033198575900642745
11.99,94.671111,0.00032884716838183105
11.99,94.921111,0.0003257424171309759
11.99,95.171111,0.0003226711068311588
11.99,95.421111,0.00031963284409091666
11.99,95.671111,0.00031662724048271327
11.99,95.921111,0.00031365391247657076
11.99,96.171111,0.0003107124813746368
11.99,96.421111,0.0003078025732466632
11.99,96.671111,0.0003049238188663976
11.99,96.921111,0.00030207585364886005
11.99,97.171111,0.000299258317588502
12.24,72.421111,0.0008247800779406102
12.24,72.671111,0.0008160770809066357
12.24,72.921111,0.0008075088600611808
12.24,73.171111,0.0007992993251756674
12.24,73.421111,0.000792835283181808
12.24,73.671111,0.0007949530664556017
12.24,73.921111,0.0008331548683759974
12.24,74.171111,0.0010074165045947288
12.24,74.421111,0.0017410312986779993
12.24,74.671111,0.005865239204315333
12.24,74.921111,0.04593460276581605
12.24,75.171111,0.4252846544146716
12.24,75.421111,0.9005640348361277
12.24,75.671111,0.9683219514713246
12.24,75.921111,0.9454572044714169
12.24,76.171111,0.7157378036857436
12.24,76.421111,0.1895022711363807
12.24,76.671111,0.02794431201935901
12.24,76.921111,0.006086024425558187
12.24,77.171111,0.0021843991670350074
12.24,77.421111,0.0011692548501716401
12.24,77.671111,0.0008331196895027933
12.24,77.921111,0.0007113638236694529
12.24,78.171111,0.0006698515852634785
12.24,78.421111,0.0006616946680211587
12.24,78.671111,0.000669899705605893
12.24,78.921111,0.0006854115935885339
12.24,79.171111,0.0006971801882838083
12.24,79.421111,0.0006940716531042778
12.24,79.671111,0.000673821933181988
12.24,79.921111,0.0006451347186086365
12.24,80.171111,0.0006188674409282623
12.24,80.421111,0.0006000941547696922
12.24,80.671111,0.000588047636852537
12.24,80.921111,0.0005798914754635416
12.24,81.171111,0.000573388149993931
12.24,81.421111,0.000567446184362581
12.24,81.671111,0.000561688423595267
12.24,81.921111,0.000556017645108232
12.24,82.171111,0.0005504142607031905
12.24,82.421111,0.0005448746557054056
12.24,82.671111,0.0005393977205507718
12.24,82.921111,0.0005339826565256505
12.24,83.171111,0.0005286287031757087
12.24,83.421111,0.0005233351120373578
12.24,83.671111,0.0005181011445485024
12.24,83.921111,0.0005129260717992753
12.24,84.171111,0.0005078091743937824
12.24,84.421111,0.00050274974231884
12.24,84.671111,0.0004977470748147812
12.24,84.921111,0.0004928004802481376
12.24,85.171111,0.0004879092759861519
12.24,85.421111,0.00048307278827309385
12.24,85.671111,0.00047829035210835883
12.24,85.921111,0.0004735613111263127
12.24,86.171111,0.00046888501747787624
12.24,86.421111,0.00046426083171379265
12.24,86.671111,0.00045968812266958215
12.24,86.921111,0.0004551662673521461
12.24,87.171111,0.00045069465082798777
12.24,87.421111,0.00044627266611304715
12.24,87.671111,0.0004418997140641028
12.24,87.921111,0.00043757520327173305
12.24,88.171111,0.0004332985499548059
12.24,88.421111,0.00042906917785647897
12.24,88.671111,0.0004248865181416833
12.24,88.921111,0.00042075000929607103
12.24,89.171111,0.00041665909702640774
12.24,89.421111,0.00041261323416238164
12.24,89.671111,0.00040861188055981134
12.24,89.921111,0.00040465450300523914
12.24,90.171111,0.00040074057512187473
12.24,90.421111,0.00039686957727688157
12.24,90.671111,0.0003930409964899794
12.24,90.921111,0.0003892543263433492
12.24,91.171111,0.0003855090668928103
12.24,91.421111,0.00038180472458026885
12.24,91.671111,0.00037814081214739616
12.24,91.921111,0.00037451684855054247
12.24,92.171111,0.0003709323588768481
12.24,92.421111,0.000367386874261546
12.24,92.671111,0.0003638799318064333
12.24,92.921111,0.000360411074499499
12.24,93.171111,0.0003569798511356816
12.24,93.421111,0.0003535858162387543
12.24,93.671111,0.0003502285299843039
12.24,93.921111,0.0003469075581238061
12.24,94.171111,0.00034362247190976373
12.24,94.421111,0.00034037284802190354
12.24,94.671111,0.00033715826849441203
12.24,94.921111,0.00033397832064419476
12.24,95.171111,0.00033083259700014765
12.24,95.421111,0.0003277206952334168
12.24,95.671111,0.0003246422180886458
12.24,95.921111,0.0003215967733161809
12.24,96.171111,0.00031858397360523424
12.24,96.421111,0.00031560343651798015
12.24,96.671111,0.00031265478442457585
12.24,96.921111,0.0003097376444390957
12.24,97.171111,0.0003068516483563562
12.49,72.421111,0.0008452045545810506
12.49,72.671111,0.0008362993254287598
12.49,72.921111,0.0008275685869422323
12.49,73.171111,0.0008194431412221235
12.49,73.421111,0.0008143481913210148
12.49,73.671111,0.0008233187738397052
12.49,73.921111,0.0008886349874793768
12.49,74.171111,0.0011678224920174266
12.49,74.421111,0.0024290679973396987
12.49,74.671111,0.011170850355002185
12.49,74.921111,0.11888608392988052
12.49,75.171111,0.7264045229695487
12.49,75.421111,0.9661680314940453
12.49,75.671111,0.9816671417895121
12.49,75.921111,0.9286842120313474
12.49,76.171111,0.4739984107167048
12.49,76.421111,0.05506839325056625
12.49,76.671111,0.00751916134064642
12.49,76.921111,0.0022211866640864403
12.49,77.171111,0.001170567353203036
12.49,77.421111,0.00085591567943992
12.49,77.671111,0.0007402066992472802
12.49,77.921111,0.0006985120231006671
12.49,78.171111,0.0006957206403124814
12.49,78.421111,0.0007275041002200525
12.49,78.671111,0.0007995727194881735
12.49,78.921111,0.0009045269266432862
12.49,79.171111,0.000997149177960756
12.49,79.421111,0.0010097947621088275
12.49,79.671111,0.0009264419019801656
12.49,79.921111,0.0008048205394983967
12.49,80.171111,0.0007044682431074864
12.49,80.421111,0.0006432003569073684
12.49,80.671111,0.0006119999872941527
12.49,80.921111,0.000596892479125401
12.49,81.171111,0.0005883108889542152
12.49,81.421111,0.0005817936063463496
12.49,81.671111,0.0005758201965846694
12.49,81.921111,0.0005700017274384767
12.49,82.171111,0.0005642617934349791
12.49,82.421111,0.0005585882204995475
12.49,82.671111,0.0005529788807649799
12.49,82.921111,0.0005474328662073586
12.49,83.171111,0.0005419493925288598
12.49,83.421111,0.0005365276939042948
12.49,83.671111,0.0005311670149875429
12.49,83.921111,0.0005258666103138417
12.49,84.171111,0.0005206257441427562
12.49,84.421111,0.0005154436903235303
12.49,84.671111,0.0005103197321631222
12.49,84.921111,0.0005052531622961534
12.49,85.171111,0.0005002432825567341
12.49,85.421111,0.000495289403852131
12.49,85.671111,0.00049039084603825
12.49,85.921111,0.0004855469377969126
12.49,86.171111,0.00048075701651488376
12.49,86.421111,0.00047602042816464893
12.49,86.671111,0.00047133652718689054
12.49,86.921111,0.0004667046763746549
12.49,87.171111,0.0004621242467591719
12.49,87.421111,0.00045759461749732245
12.49,87.671111,0.00045311517576069894
12.49,87.921111,0.0004486853166262654
12.49,88.171111,0.0004443044429685739
12.49,88.421111,0.00043997196535352525
12.49,88.671111,0.00043568730193364115
12.49,88.921111,0.00043144987834483435
12.49,89.171111,0.0004272591276046472
12.49,89.421111,0.00042311449001194583
12.49,89.671111,0.0004190154130480406
12.49,89.921111,0.0004149613512792095
12.49,90.171111,0.00041095176626061405
12.49,90.421111,0.0004069861264415825
12.49,90.671111,0.0004030639070722304
12.49,90.921111,0.0003991845901114181
12.49,91.171111,0.00039534766413600655
12.49,91.421111,0.00039155262425140386
12.49,91.671111,0.00038779897200337917
12.49,91.921111,0.0003840862152911259
12.49,92.171111,0.00038041386828155843
12.49,92.421111,0.0003767814513248147
12.49,92.671111,0.00037318849087096436
12.49,92.921111,0.00036963451938788267
12.49,93.171111,0.0003661190752802949
12.49,93.421111,0.00036264170280995685
12.49,93.671111,0.000359201952016964
12.49,93.921111,0.0003557993786421693
12.49,94.171111,0.00035243354405069813
12.49,94.421111,0.0003491040151565332
12.49,94.671111,0.00034581036434816714
12.49,94.921111,0.0003425521694153004
12.49,95.171111,0.00033932901347656603
12.49,95.421111,0.0003361404849082734
12.49,95.671111,0.00033298617727415067
12.49,95.921111,0.0003298656892560744
12.49,96.171111,0.0003267786245857691
12.49,96.421111,0.0003237245919774678
12.49,96.671111,0.0003207032050615089
12.49,96.921111,0.0003177140823188715
12.49,97.171111,0.00031475684701661794
12.74,72.421111,0.0008664634076037957
12.74,72.671111,0.000857356103512856
12.74,72.921111,0.0008485203090472742
12.74,73.171111,0.0008408696650016557
12.74,73.421111,0.0008390412641921099
12.74,73.671111,0.0008621730173353197
12.74,73.921111,0.0009794242711609667
12.74,74.171111,0.0014590537490947009
12.74,74.421111,0.0038309359141559082
12.74,74.671111,0.02384808531666191
12.74,74.921111,0.2735066884336672
12.74,75.171111,0.8803205369924717
12.74,75.421111,0.9819867856215212
12.74,75.671111,0.9822306985297075
12.74,75.921111,0.8830209904419077
12.74,76.171111,0.2761059274329167
12.74,76.421111,0.023714985907278045
12.74,76.671111,0.0037529294875078474
12.74,76.921111,0.0013987695558847193
12.74,77.171111,0.0009060191669487548
12.74,77.421111,0.0007650094991975971
12.74,77.671111,0.0007207672288799043
12.74,77.921111,0.0007189265307467657
12.74,78.171111,0.0007660143546043423
12.74,78.421111,0.0009095144974123683
12.74,78.671111,0.0012390708223650108
12.74,78.921111,0.0018351844831261783
12.74,79.171111,0.0025124287233051186
12.74,79.421111,0.002663884686639386
12.74,79.671111,0.0020984971575595673
12.74,79.921111,0.0014024540361550085
12.74,80.171111,0.0009586517591651756
12.74,80.421111,0.0007439924178903225
12.74,80.671111,0.0006537830941627091
12.74,80.921111,0.0006189232076425495
12.74,81.171111,0.0006047601647999552
12.74,81.421111,0.0005968843735726309
12.74,81.671111,0.0005905520338100786
12.74,81.921111,0.0005845610139867607
12.74,82.171111,0.0005786768977154201
12.74,82.421111,0.0005728637416019394
12.74,82.671111,0.0005671166170799842
12.74,82.921111,0.000561434342509181
12.74,83.171111,0.0005558160972337064
12.74,83.421111,0.0005502610967135043
12.74,83.671111,0.0005447685681184518
12.74,83.921111,0.0005393377487667516
12.74,84.171111,0.0005339678859206628
12.74,84.421111,0.0005286582366473289
12.74,84.671111,0.0005234080676838906
12.74,84.921111,0.0005182166553046039
12.74,85.171111,0.0005130832851898749
12.74,85.421111,0.0005080072522971673
12.74,85.671111,0.0005029878607337763
12.74,85.921111,0.0004980244236314208
12.74,86.171111,0.0004931162630226337
12.74,86.421111,0.0004882627097189331
12.74,86.671111,0.00048346310319073444
12.74,86.921111,0.00047871679144897885
12.74,87.171111,0.000474023130928462
12.74,87.421111,0.0004693814863728332
12.74,87.671111,0.0004647912307212301
12.74,87.921111,0.0004602517449965455
12.74,88.171111,0.0004557624181952801
12.74,88.421111,0.00045132264717897267
12.74,88.671111,0.0004469318365671777
12.74,88.921111,0.00044258939863196924
12.74,89.171111,0.00043829475319394714
12.74,89.421111,0.00043404732751972864
12.74,89.671111,0.0004298465562208898
12.74,89.921111,0.00042569188115435625
12.74,90.171111,0.00042158275132420065
12.74,90.421111,0.0004175186227848399
12.74,90.671111,0.0004134989585456065
12.74,90.921111,0.0004095232284766736
12.74,91.171111,0.00040559090921631465
12.74,91.421111,0.00040170148407947753
12.74,91.671111,0.0003978544429676556
12.74,91.921111,0.000394049282280032
12.74,92.171111,0.0003902855048258839
12.74,92.421111,0.0003865626197382215
12.74,92.671111,0.0003828801423886553
12.74,92.921111,0.000379237594303457
12.74,93.171111,0.00037563450308081395
12.74,93.421111,0.00037207040230924165
12.74,93.671111,0.0003685448314871546
12.74,93.921111,0.00036505733594356844
12.74,94.171111,0.0003616074667599171
12.74,94.421111,0.00035819478069296936
12.74,94.671111,0.00035481884009883573
12.74,94.921111,0.0003514792128580367
12.74,95.171111,0.0003481754723016295
12.74,95.421111,0.00034490719713836616
12.74,95.671111,0.0003416739713828789
12.74,95.921111,0.0003384753842848718
12.74,96.171111,0.00033531103025930296
12.74,96.421111,0.00033218050881754404
12.74,96.671111,0.0003290834244995084
12.74,96.921111,0.0003260193868067233
12.74,97.171111,0.000322988010136341
12.99,72.421111,0.000888594759518165
12.99,72.671111,0.0008792931803970058
12.99,72.921111,0.0008704708146568766
12.99,73.171111,0.0008640592945053501
12.99,73.421111,0.0008692336440405163
12.99,73.671111,0.0009216669855840561
12.99,73.921111,0.0011500189279252259
12.99,74.171111,0.0021218443859290794
12.99,74.421111,0.007957685188901673
12.99,74.671111,0.07095227835864103
12.99,74.921111,0.5883839430023
12.99,75.171111,0.9555457840140986
12.99,75.421111,0.9875751364705619
12.99,75.671111,0.9735342316167298
12.99,75.921111,0.7562021018105853
12.99,76.171111,0.12966852842432117
12.99,76.421111,0.011779513880299167
12.99,76.671111,0.0024496327841644194
12.99,76.921111,0.0011301666841965266
12.99,77.171111,0.0008308172518093163
12.99,77.421111,0.0007496978582459008
12.99,77.671111,0.0007343428901684419
12.99,77.921111,0.0007678884461802195
12.99,78.171111,0.0009123344136449935
12.99,78.421111,0.0013801499617900747
12.99,78.671111,0.002860156941795075
12.99,78.921111,0.007170209104432397
12.99,79.171111,0.014932848688973663
12.99,79.421111,0.017293964875017408
12.99,79.671111,0.010155732350952773
12.99,79.921111,0.004071543867828713
12.99,80.171111,0.0017142099826590901
12.99,80.421111,0.0009669318165714495
12.99,80.671111,0.0007267859441542698
12.99,80.921111,0.0006489022284987278
12.99,81.171111,0.0006233406264262154
12.99,81.421111,0.0006128418181799845
12.99,81.671111,0.00060592312183323
12.99,81.921111,0.0005997227075594777
12.99,82.171111,0.0005936852298405655
12.99,82.421111,0.0005877265209815436
12.99,82.671111,0.0005818359867174255
12.99,82.921111,0.0005760119080438016
12.99,83.171111,0.0005702534082160306
12.99,83.421111,0.0005645596821867228
12.99,83.671111,0.0005589299388947157
12.99,83.921111,0.0005533633977502173
12.99,84.171111,0.0005478592883375848
12.99,84.421111,0.0005424168502698594
12.99,84.671111,0.0005370353330507929
12.99,84.921111,0.0005317139959390273
12.99,85.171111,0.0005264521078142187
12.99,85.421111,0.0005212489470450906
12.99,85.671111,0.000516103801359378
12.99,85.921111,0.0005110159677156394
12.99,86.171111,0.0005059847521769038
12.99,86.421111,0.0005010094697861346
12.99,86.671111,0.0004960894444434661
12.99,86.921111,0.0004912240087852101
12.99,87.171111,0.0004864125040645836
12.99,87.421111,0.00048165428003414646
12.99,87.671111,0.0004769486948299175
12.99,87.921111,0.0004722951148571458
12.99,88.171111,0.00046769291467771315
12.99,88.421111,0.00046314147689914065
12.99,88.671111,0.000458640192065182
12.99,88.921111,0.0004541884585479707
12.99,89.171111,0.00044978568244170364
12.99,89.421111,0.00044543127745784363
12.99,89.671111,0.0004411246648218055
12.99,89.921111,0.0004368652731711145
12.99,90.171111,0.00043265253845501035
12.99,90.421111,0.00042848590383548013
12.99,90.671111,0.00042436481958968837
12.99,90.921111,0.0004202887430138005
12.99,91.171111,0.0004162571383281594
12.99,91.421111,0.00041226947658381564
12.99,91.671111,0.0004083252355703726
12.99,91.921111,0.00040442389972513944
12.99,92.171111,0.00040056496004356814
12.99,92.421111,0.00039674791399095847
12.99,92.671111,0.00039297226541540445
12.99,92.921111,0.00038923752446197473
12.99,93.171111,0.0003855432074881041
12.99,93.421111,0.0003818888369801737
12.99,93.671111,0.00037827394147127024
12.99,93.921111,0.0003746980554601018
12.99,94.171111,0.00037116071933105603
12.99,94.421111,0.00036766147927538135
12.99,94.671111,0.000364199887213477
12.99,94.921111,0.0003607755007182772
12.99,95.171111,0.00035738788293970423
12.99,95.421111,0.0003540366025301906
12.99,95.671111,0.00035072123357123876
12.99,95.921111,0.0003474413555010131
12.99,96.171111,0.00034419655304294603
12.99,96.421111,0.0003409864161353427
12.99,96.671111,0.00033781053986197074
12.99,96.921111,0.00033466852438362315
12.99,97.171111,0.0003315599748706309
13.24,72.421111,0.0009116383736774493
13.24,72.671111,0.0009021535467767151
13.24,72.921111,0.0008934856657451949
13.24,73.171111,0.0008892074442838805
13.24,73.421111,0.000905828313229593
13.24,73.671111,0.0010072922881999803
13.24,73.921111,0.0014450744027926228
13.24,74.171111,0.003632578165331718
13.24,74.421111,0.0222002465987714
13.24,74.671111,0.26772928794648504
13.24,74.921111,0.8921445192215264
13.24,75.171111,0.9877003352905452
13.24,75.421111,0.9913903880777065
13.24,75.671111,0.9538310655268439
13.24,75.921111,0.5194032526651549
13.24,76.171111,0.05226442957144501
13.24,76.421111,0.006130751680659667
13.24,76.671111,0.00176262889358393
13.24,76.921111,0.0009981000774941403
13.24,77.171111,0.0008079625596716691
13.24,77.421111,0.0007581916173099873
13.24,77.671111,0.0007612739683773741
13.24,77.921111,0.0008382613619104241
13.24,78.171111,0.0011501891047697407
13.24,78.421111,0.002418061643687574
13.24,78.671111,0.008854302744761408
13.24,78.921111,0.04433509397095289
13.24,79.171111,0.14851576355161683
13.24,79.421111,0.1864163395347268
13.24,79.671111,0.08140429992053956
13.24,79.921111,0.01714002945041245
13.24,80.171111,0.0037542163352101417
13.24,80.421111,0.0013707150803396917
13.24,80.671111,0.0008323493617630966
13.24,80.921111,0.0006860289560369787
13.24,81.171111,0.0006438409182661906
13.24,81.421111,0.0006296504824692325
13.24,81.671111,0.0006219549244188622
13.24,81.921111,0.0006155132895766886
13.24,82.171111,0.0006093136041418164
13.24,82.421111,0.0006032031731711581
13.24,82.671111,0.0005971633589209614
13.24,82.921111,0.000591191685988888
13.24,83.171111,0.0005852872050141713
13.24,83.421111,0.0005794490888039052
13.24,83.671111,0.000573676527297243
13.24,83.921111,0.0005679687212761568
13.24,84.171111,0.0005623248819373015
13.24,84.421111,0.0005567442307387534
13.24,84.671111,0.0005512259992588066
13.24,84.921111,0.0005457694290570829
13.24,85.171111,0.000540373771537643
13.24,85.421111,0.0005350382878140619
13.24,85.671111,0.0005297622485764433
13.24,85.921111,0.0005245449339603317
13.24,86.171111,0.000519385633417514
13.24,86.421111,0.0005142836455886626
13.24,86.671111,0.0005092382781778051
13.24,86.921111,0.0005042488478285879
13.24,87.171111,0.0004993146800023103
13.24,87.421111,0.000494435108857699
13.24,87.671111,0.0004896094771324046
13.24,87.921111,0.00048483713602617877
13.24,88.171111,0.0004801174450857312
13.24,88.421111,0.00047544977209121694
13.24,88.671111,0.0004708334929443469
13.24,88.921111,0.0004662679915580888
13.24,89.171111,0.00046175265974793945
13.24,89.421111,0.0004572868971247426
13.24,89.671111,0.00045287011098902967
13.24,89.921111,0.0004485017162268645
13.24,90.171111,0.00044418113520716364
13.24,90.421111,0.0004399077976804717
13.24,90.671111,0.00043568114067918054
13.24,90.921111,0.000431500608419154
13.24,91.171111,0.00042736565220275033
13.24,91.421111,0.00042327573032321616
13.24,91.671111,0.0004192303079704366
13.24,91.921111,0.0004152288571380101
13.24,92.171111,0.0004112708565316476
13.24,92.421111,0.0004073557914788534
13.24,92.671111,0.0004034831538398923
13.24,92.921111,0.0003996524419200047
13.24,93.171111,0.0003958631603828625
13.24,93.421111,0.0003921148201652446
13.24,93.671111,0.00038840693839291187
13.24,93.921111,0.00038473903829767145
13.24,94.171111,0.0003811106491355983
13.24,94.421111,0.00037752130610641687
13.24,94.671111,0.00037397055027400724
13.24,94.921111,0.0003704579284880316
13.24,95.171111,0.000366982993306659
13.24,95.421111,0.00036354530292037385
13.24,95.671111,0.0003601444210768531
13.24,95.921111,0.0003567799170068938
13.24,96.171111,0.00035345136535138165
13.24,96.421111,0.00035015834608927393
13.24,96.671111,0.000346900444466598
13.24,96.921111,0.0003436772509264354
13.24,97.171111,0.0003404883610398867
13.49,72.421111,0.0009356370779164419
13.49,72.671111,0.0009259755594946188
13.49,72.921111,0.0009175233555032017
13.49,73.171111,0.0009156673728770178
13.49,73.421111,0.0009450410220435258
13.49,73.671111,0.001103222772486281
13.49,73.921111,0.001820219452928334
13.49,74.171111,0.006188209756022611
13.49,74.421111,0.058605053429183124
13.49,74.671111,0.6135463646972686
13.49,74.921111,0.9752492808143047
13.49,75.171111,0.9956392059610356
13.49,75.421111,0.9922169357405974
13.49,75.671111,0.9073966887528547
13.49,75.921111,0.26691036552088476
13.49,76.171111,0.021233579630523476
13.49,76.421111,0.0034733299006857255
13.49,76.671111,0.0013607572897654143
13.49,76.921111,0.0009198713744776908
13.49,77.171111,0.0008027055459991258
13.49,77.421111,0.0007736602678127293
13.49,77.671111,0.0007901033551296351
13.49,77.921111,0.0009066655703424858
13.49,78.171111,0.0014012517540015824
13.49,78.421111,0.0038696031303441193
13.49,78.671111,0.02255044349920202
13.49,78.921111,0.17941488669301545
13.49,79.171111,0.5715930788990197
13.49,79.421111,0.6601379372231218
13.49,79.671111,0.3481778277741274
13.49,79.921111,0.05525722868151907
13.49,80.171111,0.007222896169497807
13.49,80.421111,0.001840299890875885
13.49,80.671111,0.0009360734594967107
13.49,80.921111,0.0007219188959300435
13.49,81.171111,0.0006645458006302922
13.49,81.421111,0.000647044075725764
13.49,81.671111,0.000638636132486648
13.49,81.921111,0.0006319569567945047
13.49,82.171111,0.0006255899267449894
13.49,82.421111,0.0006193216904535818
13.49,82.671111,0.0006131264887206167
13.49,82.921111,0.0006070011736934716
13.49,83.171111,0.000600944728741281
13.49,83.421111,0.0005949563041061915
13.49,83.671111,0.0005890350699840822
13.49,83.921111,0.0005831802077793888
13.49,84.171111,0.0005773909095606236
13.49,84.421111,0.0005716663778997222
13.49,84.671111,0.0005660058257275023
13.49,84.921111,0.0005604084761915831
13.49,85.171111,0.0005548735625163689
13.49,85.421111,0.0005494003278650232
13.49,85.671111,0.0005439880252034391
13.49,85.921111,0.0005386359171661439
13.49,86.171111,0.0005333432759241306
13.49,86.421111,0.000528109383054583
13.49,86.671111,0.0005229335294124537
13.49,86.921111,0.0005178150150038923
13.49,87.171111,0.0005127531488614658
13.49,87.421111,0.0005077472489211761
13.49,87.671111,0.0005027966419012215
13.49,87.921111,0.0004979006631824873
13.49,88.171111,0.0004930586566907526
13.49,88.421111,0.0004882699747805559
13.49,88.671111,0.00048353397812072994
13.49,88.921111,0.00047885003558155616
13.49,89.171111,0.0004742175241235304
13.49,89.421111,0.00046963582868770454
13.49,89.671111,0.00046510434208758486
13.49,89.921111,0.000460622464902573
13.49,90.171111,0.00045618960537290975
13.49,90.421111,0.0004518051792961135
13.49,90.671111,0.00044746860992488725
13.49,90.921111,0.00044317932786646486
13.49,91.171111,0.000438936770983393
13.49,91.421111,0.0004347403842957046
13.49,91.671111,0.00043058961988448683
13.49,91.921111,0.0004264839367968037
13.49,92.171111,0.00042242280095196457
13.49,92.421111,0.00041840568504911574
13.49,92.671111,0.000414432068476135
13.49,92.921111,0.0004105014372198096
13.49,93.171111,0.00040661328377728423
13.49,93.421111,0.0004027671070687472
13.49,93.671111,0.0003989624123513559
13.49,93.921111,0.00039519871113436464
13.49,94.171111,0.0003914755210954495
13.49,94.421111,0.00038779236599820747
13.49,94.671111,0.0003841487756108141
13.49,94.921111,0.00038054428562582244
13.49,95.171111,0.0003769784375810862
13.49,95.421111,0.00037345077878179334
13.49,95.671111,0.00036996086222358855
13.49,95.921111,0.00036650824651677133
13.49,96.171111,0.0003630924958115604
13.49,96.421111,0.0003597131797243962
13.49,96.671111,0.0003563698732652757
13.49,96.921111,0.00035306215676610505
13.49,97.171111,0.0003497896158100451
13.74,72.421111,0.0009606554994886038
13.74,72.671111,0.000950872079418302
13.74,72.921111,0.0009427090943851075
13.74,73.171111,0.0009427394728799949
13.74,73.421111,0.0009801701704128787
13.74,73.671111,0.001171246286540453
13.74,73.921111,0.0020519837648905227
13.74,74.171111,0.007818229351676373
13.74,74.421111,0.08324448503103357
13.74,74.671111,0.7082662609839604
13.74,74.921111,0.9798559278890657
13.74,75.171111,0.9941093149116198
13.74,75.421111,0.9811069576693288
13.74,75.671111,0.7384989316585115
13.74,75.921111,0.10047126940562703
13.74,76.171111,0.009309258110674661
13.74,76.421111,0.002211788513098576
13.74,76.671111,0.0011327887135393218
13.74,76.921111,0.0008776548415898356
13.74,77.171111,0.0008074433992812948
13.74,77.421111,0.0007910609514633856
13.74,77.671111,0.0008124611492538219
13.74,77.921111,0.0009394979623257832
13.74,78.171111,0.0014824225879449906
13.74,78.421111,0.004291966577899478
13.74,78.671111,0.027060471727939763
13.74,78.921111,0.22638754434912645
13.74,79.171111,0.6601643321820805
13.74,79.421111,0.74220165125321
13.74,79.671111,0.4273232749676338
13.74,79.921111,0.06872086072150567
13.74,80.171111,0.00827002568361793
13.74,80.421111,0.0019801713046338864
13.74,80.671111,0.000976725093335184
13.74,80.921111,0.000744632095729183
13.74,81.171111,0.0006831603118270328
13.74,81.421111,0.0006646652264666784
13.74,81.671111,0.0006559445144751181
13.74,81.921111,0.0006490780651310922
13.74,82.171111,0.0006425434804129571
13.74,82.421111,0.0006361115365857485
13.74,82.671111,0.0006297545965928843
13.74,82.921111,0.0006234693208797686
13.74,83.171111,0.0006172546595467283
13.74,83.421111,0.0006111097414560018
13.74,83.671111,0.0006050337163575512
13.74,83.921111,0.0005990257454989811
13.74,84.171111,0.000593085001048038
13.74,84.421111,0.0005872106659274831
13.74,84.671111,0.0005814019336671678
13.74,84.921111,0.0005756580082586493
13.74,85.171111,0.0005699781040119064
13.74,85.421111,0.0005643614454141072
13.74,85.671111,0.000558807266990404
13.74,85.921111,0.0005533148131667117
13.74,86.171111,0.0005478833381344579
13.74,86.421111,0.0005425121057172663
13.74,86.671111,0.0005372003892395398
13.74,86.921111,0.0005319474713969259
13.74,87.171111,0.0005267526441286288
13.74,87.421111,0.0005216152084915445
13.74,87.671111,0.0005165344745361899
13.74,87.921111,0.0005115097611843994
13.74,88.171111,0.0005065403961087684
13.74,88.421111,0.0005016257156138023
13.74,88.671111,0.0004967650645187696
13.74,88.921111,0.0004919577960422111
13.74,89.171111,0.00048720327168809386
13.74,89.421111,0.00048250086113358194
13.74,89.671111,0.0004778499421184004
13.74,89.921111,0.00047324990033576744
13.74,90.171111,0.00046870012932487775
13.74,90.421111,0.00046420003036489935
13.74,90.671111,0.00045974901237048465
13.74,90.921111,0.00045534649178875
13.74,91.171111,0.0004509918924977176
13.74,91.421111,0.0004466846457061923
13.74,91.671111,0.0004424241898550523
13.74,91.921111,0.00043820997051993526
13.74,92.171111,0.0004340414403152951
13.74,92.421111,0.0004299180587998179
13.74,92.671111,0.000425839292383161
13.74,92.921111,0.00042180461423401805
13.74,93.171111,0.0004178135041894695
13.74,93.421111,0.0004138654486656118
13.74,93.671111,0.0004099599405694443
13.74,93.921111,0.00040609647921199284
13.74,94.171111,0.0004022745702226571
13.74,94.421111,0.00039849372546475336
13.74,94.671111,0.00039475346295225213
13.74,94.921111,0.0003910533067676725
13.74,95.171111,0.0003873927869811374
13.74,95.421111,0.0003837714395705548
13.74,95.671111,0.00038018880634291973
13.74,95.921111,0.0003766444348567157
13.74,96.171111,0.0003731378783454045
13.74,96.421111,0.00036966869564197786
13.74,96.671111,0.00036623645110456964
13.74,96.921111,0.00036284071454310395
13.74,97.171111,0.0003594810611469643
13.99,72.421111,0.0009868757892715356
13.99,72.671111,0.0009774456634404336
13.99,72.921111,0.0009708460126266555
13.99,73.171111,0.0009745315236117434
13.99,73.421111,0.0010166597175136603
13.99,73.671111,0.0012026538769274449
13.99,73.921111,0.0019851061080032686
13.99,74.171111,0.006362168437925211
13.99,74.421111,0.04896578666418232
13.99,74.671111,0.4413573022642534
13.99,74.921111,0.8941534367601507
13.99,75.171111,0.9487761891298696
13.99,75.421111,0.8415564782011503
13.99,75.671111,0.2906548058265973
13.99,75.921111,0.02840893883421783
13.99,76.171111,0.004380093317550436
13.99,76.421111,0.0015685445630563481
13.99,76.671111,0.0010078881889259849
13.99,76.921111,0.0008613528426116145
13.99,77.171111,0.0008194651442048798
13.99,77.421111,0.0008090378472746983
13.99,77.671111,0.00082599897451447
13.99,77.921111,0.0009265923220820477
13.99,78.171111,0.0013339489870698694
13.99,78.421111,0.003128227173516257
13.99,78.671111,0.013807854369709327
13.99,78.921111,0.08468500559844654
13.99,79.171111,0.29692552903841996
13.99,79.421111,0.3663315940579323
13.99,79.671111,0.16321543183428772
13.99,79.921111,0.02945785555669406
13.99,80.171111,0.005229859467972712
13.99,80.421111,0.001653270686028345
13.99,80.671111,0.0009352188814515965
13.99,80.921111,0.0007505984359023959
13.99,81.171111,0.0006990238751676818
13.99,81.421111,0.0006824308036468014
13.99,81.671111,0.0006738963906445666
13.99,81.921111,0.0006669065703775098
13.99,82.171111,0.0006602054732901033
13.99,82.421111,0.0006536037633237386
13.99,82.671111,0.0006470784539834168
13.99,82.921111,0.0006406266127226246
13.99,83.171111,0.0006342471988703028
13.99,83.421111,0.0006279393215458161
13.99,83.671111,0.0006217021093378429
13.99,83.921111,0.000615534702524319
13.99,84.171111,0.000609436252565728
13.99,84.421111,0.0006034059219391403
13.99,84.671111,0.0005974428839868793
13.99,84.921111,0.0005915463227677084
13.99,85.171111,0.0005857154329101505
13.99,85.421111,0.0005799494194679173
13.99,85.671111,0.0005742474977774057
13.99,85.921111,0.0005686088933172297
13.99,86.171111,0.0005630328415697622
13.99,86.421111,0.0005575185878846559
13.99,86.671111,0.0005520653873443116
13.99,86.921111,0.0005466725046312714
13.99,87.171111,0.000541339213897494
13.99,87.421111,0.0005360647986355061
13.99,87.671111,0.0005308485515513767
13.99,87.921111,0.0005256897744395137
13.99,88.171111,0.0005205877780592315
13.99,88.421111,0.0005155418820130806
13.99,88.671111,0.0005105514146269047
13.99,88.921111,0.0005056157128316032
13.99,89.171111,0.0005007341220465711
13.99,89.421111,0.000495905996064797
13.99,89.671111,0.0004911306969395871
13.99,89.921111,0.0004864075948728933
13.99,90.171111,0.0004817360681052324
13.99,90.421111,0.0004771155028071545
13.99,90.671111,0.00047254529297225236
13.99,90.921111,0.00046802484031168286
13.99,91.171111,0.0004635535541501791
13.99,91.421111,0.00045913085132353454
13.99,91.671111,0.00045475615607753074
13.99,91.921111,0.00045042889996829054
13.99,92.171111,0.00044614852176404397
13.99,92.421111,0.00044191446734827055
13.99,92.671111,0.0004377261896242105
13.99,92.921111,0.00043358314842071905
13.99,93.171111,0.00042948481039944465
13.99,93.421111,0.0004254306489633169
13.99,93.671111,0.0004214201441663116
13.99,93.921111,0.0004174527826244939
13.99,94.171111,0.00041352805742830324
13.99,94.421111,0.00040964546805606806
13.99,94.671111,0.0004058045202887405
13.99,94.921111,0.0004020047261258172
13.99,95.171111,0.00039824560370244554
13.99,95.421111,0.0003945266772076816
13.99,95.671111,0.0003908474768038979
13.99,95.921111,0.00038720753854731756
13.99,96.171111,0.00038360640430965557
13.99,96.421111,0.00038004362170085344
13.99,96.671111,0.00037651874399289827
13.99,96.921111,0.0003730313300446976
13.99,97.171111,0.0003695809442280035
14.24,72.421111,0.0010149173762499179
14.24,72.671111,0.0010081442152114495
14.24,72.921111,0.0010101152385738944
14.24,73.171111,0.0010336559459244489
14.24,73.421111,0.0011073910365529337
14.24,73.671111,0.001311361387276115
14.24,73.921111,0.0019343329098220838
14.24,74.171111,0.0043224198442586865
14.24,74.421111,0.01684422358500997
14.24,74.671111,0.09027174301951774
14.24,74.921111,0.3022362577771701
14.24,75.171111,0.3913801644987582
14.24,75.421111,0.20048753051933274
14.24,75.671111,0.041544608753315566
14.24,75.921111,0.0075686099155030055
14.24,76.171111,0.0022864279785745523
14.24,76.421111,0.0012212048812769581
14.24,76.671111,0.0009427328097932725
14.24,76.921111,0.0008620095738036579
14.24,77.171111,0.0008365592210141605
14.24,77.421111,0.0008279122085104179
14.24,77.671111,0.0008355628302718599
14.24,77.921111,0.0008934588100736266
14.24,78.171111,0.00111420379048363
14.24,78.421111,0.0018778219090410607
14.24,78.671111,0.004690495543454229
14.24,78.921111,0.014816381206213484
14.24,79.171111,0.036799591290639706
14.24,79.421111,0.04414755019220418
14.24,79.671111,0.02300170617039136
14.24,79.921111,0.007391908764949312
14.24,80.171111,0.00251015079117907
14.24,80.421111,0.0012280469367703267
14.24,80.671111,0.0008608536500665468
14.24,80.921111,0.0007487837847348529
14.24,81.171111,0.0007138625485111676
14.24,81.421111,0.000700655277057014
14.24,81.671111,0.000692563375730577
14.24,81.921111,0.0006854799248014491
14.24,82.171111,0.000678609285751753
14.24,82.421111,0.0006718311109842807
14.24,82.671111,0.0006651304728597184
14.24,82.921111,0.0006585051580292921
14.24,83.171111,0.0006519541568004501
14.24,83.421111,0.0006454765589673876
14.24,83.671111,0.0006390714711521787
14.24,83.921111,0.0006327380118122724
14.24,84.171111,0.000626475310858696
14.24,84.421111,0.0006202825094911139
14.24,84.671111,0.0006141587600429981
14.24,84.921111,0.0006081032258292432
14.24,85.171111,0.0006021150809959683
14.24,85.421111,0.0005961935103724628
14.24,85.671111,0.0005903377093252615
14.24,85.921111,0.0005845468836142974
14.24,86.171111,0.0005788202492511047
14.24,86.421111,0.0005731570323590612
14.24,86.671111,0.0005675564690356075
14.24,86.921111,0.0005620178052164479
14.24,87.171111,0.000556540296541675
14.24,87.421111,0.0005511232082238073
14.24,87.671111,0.000545765814917704
14.24,87.921111,0.0005404674005923321
14.24,88.171111,0.0005352272584043552
14.24,88.421111,0.0005300446905735249
14.24,88.671111,0.0005249190082598319
14.24,88.921111,0.0005198495314424151
14.24,89.171111,0.0005148355888001746
14.24,89.421111,0.000509876517594092
14.24,89.671111,0.0005049716635512078
14.24,89.921111,0.0005001203807502477
14.24,90.171111,0.00049532203150887
14.24,90.421111,0.000490575986272501
14.24,90.671111,0.0004858816235047501
14.24,90.921111,0.00048123832957937273
14.24,91.171111,0.00047664549867375636
14.24,91.421111,0.00047210253266390817
14.24,91.671111,0.0004676088410209376
14.24,91.921111,0.00046316384070897655
14.24,92.171111,0.00045876695608456356
14.24,92.421111,0.00045441761879742317
14.24,92.671111,0.0004501152676926554
14.24,92.921111,0.0004458593487142982
14.24,93.171111,0.0004416493148102444
14.24,93.421111,0.00043748462583849255
14.24,93.671111,0.00043336474847472273
14.24,93.921111,0.0004292891561211601
14.24,94.171111,0.0004252573288167254
14.24,94.421111,0.00042126875314843607
14.24,94.671111,0.00041732292216405624
14.24,94.921111,0.00041341933528596945
14.24,95.171111,0.00040955749822624965
14.24,95.421111,0.00040573692290292977
14.24,95.671111,0.0004019571273574335
14.24,95.921111,0.00039821763567316387
14.24,96.171111,0.0003945179778952272
14.24,96.421111,0.00039085768995127817
14.24,96.671111,0.0003872363135734674
14.24,96.921111,0.00038365339622148034
14.24,97.171111,0.0003801084910066409
14.49,72.421111,0.0010464770116573993
14.49,72.671111,0.0010500128156989163
14.49,72.921111,0.00108511229815667
14.49,73.171111,0.0011937737682379647
14.49,73.421111,0.0014463363054568886
14.49,73.671111,0.0019473572619089685
14.49,73.921111,0.0028651505981860032
14.49,74.171111,0.004622199670176707
14.49,74.421111,0.008491822878439304
14.49,74.671111,0.017017214034221437
14.49,74.921111,0.028964725545012452
14.49,75.171111,0.02999167087949184
14.49,75.421111,0.016843977239937077
14.49,75.671111,0.006541244263121276
14.49,75.921111,0.0026425627607355212
14.49,76.171111,0.0014292377228553616
14.49,76.421111,0.0010420991397339916
14.49,76.671111,0.0009153873694893787
14.49,76.921111,0.0008734656591485643
14.49,77.171111,0.000857101744252002
14.49,77.421111,0.000848511789776955
14.49,77.671111,0.0008476772980793651
14.49,77.921111,0.0008702921243677631
14.49,78.171111,0.0009609921089375332
14.49,78.421111,0.0012238529982755025
14.49,78.671111,0.0018787943810772473
14.49,78.921111,0.0032323118883330892
14.49,79.171111,0.004989770076809266
14.49,79.421111,0.005427022071659233
14.49,79.671111,0.003929713581468599
14.49,79.921111,0.0022705663207811485
14.49,80.171111,0.0013526096284910477
14.49,80.421111,0.0009589408001114246
14.49,80.671111,0.0008061882022227906
14.49,80.921111,0.0007506789430150654
14.49,81.171111,0.000730012293577086
14.49,81.421111,0.0007197610040447155
14.49,81.671111,0.0007120333706923242
14.49,81.921111,0.000704838935733055
14.49,82.171111,0.0006977901998180375
14.49,82.421111,0.0006908280784804373
14.49,82.671111,0.0006839447988152307
14.49,82.921111,0.0006771387828231411
14.49,83.171111,0.000670409044871929
14.49,83.421111,0.0006637546541749774
14.49,83.671111,0.0006571746944702068
14.49,83.921111,0.0006506682615032124
14.49,84.171111,0.0006442344627558516
14.49,84.421111,0.0006378724172816496
14.49,84.671111,0.0006315812555473397
14.49,84.921111,0.0006253601192767705
14.49,85.171111,0.0006192081612970377
14.49,85.421111,0.0006131245453868215
14.49,85.671111,0.000607108446126893
14.49,85.921111,0.0006011590487527503
14.49,86.171111,0.0005952755490093593
14.49,86.421111,0.0005894571530079753
14.49,86.671111,0.0005837030770849962
14.49,86.921111,0.0005780125476628337
14.49,87.171111,0.0005723848011127623
14.49,87.421111,0.000566819083619727
14.49,87.671111,0.0005613146510490636
14.49,87.921111,0.0005558707688151286
14.49,88.171111,0.0005504867117517811
14.49,88.421111,0.0005451617639847184
14.49,88.671111,0.000539895218805614
14.49,88.921111,0.0005346863785480461
14.49,89.171111,0.0005295345544651829
14.49,89.421111,0.0005244390666092072
14.49,89.671111,0.000519399243712438
14.49,89.921111,0.000514414423070149
14.49,90.171111,0.0005094839504250309
14.49,90.421111,0.0005046071798532996
14.49,90.671111,0.0004997834736524065
14.49,90.921111,0.0004950122022303368
14.49,91.171111,0.0004902927439964712
14.49,91.421111,0.0004856244852539866
14.49,91.671111,0.0004810068200937764
14.49,91.921111,0.000476439150289859
14.49,92.171111,0.00047192088519626977
14.49,92.421111,0.0004674514416453925
14.49,92.671111,0.00046303024384773206
14.49,92.921111,0.00045865672329308904
14.49,93.171111,0.0004543303186531252
14.49,93.421111,0.0004500504756852969
14.49,93.671111,0.0004458166471381401
14.49,93.921111,0.0004416282926578757
14.49,94.171111,0.00043748487869633567
14.49,94.421111,0.0004333858784201662
14.49,94.671111,0.0004293307716213152
14.49,94.921111,0.00042531904462876234
14.49,95.171111,0.0004213501902214883
14.49,95.421111,0.0004174237075426601
14.49,95.671111,0.0004135391020150129
14.49,95.921111,0.0004096958852574191
14.49,96.171111,0.0004058935750026111
14.49,96.421111,0.000402131695016064
14.49,96.671111,0.0003984097750159962
14.49,96.921111,0.00039472735059449586
14.49,97.171111,0.00039108396313973607
14.74,72.421111,0.0010846780079985085
14.74,72.671111,0.0011166585515681527
14.74,72.921111,0.0012493403017489922
14.74,73.171111,0.0016604353321145401
14.74,73.421111,0.0028198603141383377
14.74,73.671111,0.005802462104340869
14.74,73.921111,0.011437849747752414
14.74,74.171111,0.016356780366444407
14.74,74.421111,0.015595276594781689
14.74,74.671111,0.011534045646623189
14.74,74.921111,0.007950094325651264
14.74,75.171111,0.005340079109278965
14.74,75.421111,0.0033943098370321015
14.74,75.671111,0.00211571498866213
14.74,75.921111,0.0014250542688467832
14.74,76.171111,0.001102753448785444
14.74,76.421111,0.0009669958398886773
14.74,76.671111,0.0009138178092200151
14.74,76.921111,0.0008920195928484486
14.74,77.171111,0.0008800991010014542
14.74,77.421111,0.0008711861485249306
14.74,77.671111,0.0008652152846484161
14.74,77.921111,0.0008678585295149321
14.74,78.171111,0.0008938564277757976
14.74,78.421111,0.0009696375354014239
14.74,78.671111,0.00112581609340134
14.74,78.921111,0.0013626573405868471
14.74,79.171111,0.0015859006918497928
14.74,79.421111,0.0016246995666032084
14.74,79.671111,0.0014350320095566093
14.74,79.921111,0.001167724279894989
14.74,80.171111,0.000961023737010735
14.74,80.421111,0.000842638934942198
14.74,80.671111,0.0007860747830464853
14.74,80.921111,0.0007610553476187472
14.74,81.171111,0.000748557422307357
14.74,81.421111,0.0007399653363897837
14.74,81.671111,0.0007323681963697253
14.74,81.921111,0.0007250232617042856
14.74,82.171111,0.0007177851026330424
14.74,82.421111,0.0007106309971174198
14.74,82.671111,0.0007035574099705546
14.74,82.921111,0.0006965631297900648
14.74,83.171111,0.0006896471746781121
14.74,83.421111,0.0006828085912084609
14.74,83.671111,0.0006760464392444437
14.74,83.921111,0.000669359790888817
14.74,84.171111,0.0006627477302754448
14.74,84.421111,0.0006562093534036479
14.74,84.671111,0.0006497437679765851
14.74,84.921111,0.0006433500932416119
14.74,85.171111,0.0006370274598325692
14.74,85.421111,0.0006307750096142609
14.74,85.671111,0.0006245918955291947
14.74,85.921111,0.0006184772814465383
14.74,86.171111,0.0006124303420132557
14.74,86.421111,0.0006064502625073707
14.74,86.671111,0.0006005362386933127
14.74,86.921111,0.0005946874766793315
14.74,87.171111,0.0005889031927769422
14.74,87.421111,0.0005831826133623619
14.74,87.671111,0.0005775249747399238
14.74,87.921111,0.0005719295230074237
14.74,88.171111,0.0005663955139233948
14.74,88.421111,0.0005609222127762456
14.74,88.671111,0.0005555088942552689
14.74,88.921111,0.0005501548423234785
14.74,89.171111,0.0005448593500922374
14.74,89.421111,0.0005396217196976768
14.74,89.671111,0.000534441262178849
14.74,89.921111,0.0005293172973576171
14.74,90.171111,0.000524249153720237
14.74,90.421111,0.000519236168300608
14.74,90.671111,0.0005142776865651812
14.74,90.921111,0.0005093730622994862
14.74,91.171111,0.0005045216574962635
14.74,91.421111,0.0004997228422451683
14.74,91.671111,0.0004949759946240298
14.74,91.921111,0.0004902805005916475
14.74,92.171111,0.00048563575388208864
14.74,92.421111,0.0004810411559004767
14.74,92.671111,0.00047649611562024295
14.74,92.921111,0.0004720000494818262
14.74,93.171111,0.0004675523812927851
14.74,93.421111,0.00046315254212932406
14.74,93.671111,0.00045879997023919223
14.74,93.921111,0.0004544941109459465
14.74,94.171111,0.0004502344165545518
14.74,94.421111,0.0004460203462583143
14.74,94.671111,0.00044185136604710056
14.74,94.921111,0.00043772694861685335
14.74,95.171111,0.0004336465732803645
14.74,95.421111,0.00042960972587930064
14.74,95.671111,0.0004256158986974502
14.74,95.921111,0.0004216645903751826
14.74,96.171111,0.00041775530582510516
14.74,96.421111,0.0004138875561488888
14.74,96.671111,0.0004100608585552548
14.74,96.921111,0.0004062747362791051
14.74,97.171111,0.0004025287185017717
14.99,72.421111,0.0011323911254706024
14.99,72.671111,0.0012224120258401306
14.99,72.921111,0.0015835739469854128
14.99,73.171111,0.0029860448417441
14.99,73.421111,0.009515300031071304
14.99,73.671111,0.04356850161426371
14.99,73.921111,0.15275287116587563
14.99,74.171111,0.22693200927050416
14.99,74.421111,0.13192549653518826
14.99,74.671111,0.03679674018620008
14.99,74.921111,0.00924372891348138
14.99,75.171111,0.003359691115861047
14.99,75.421111,0.0018446512236881514
14.99,75.671111,0.0013258614347466315
14.99,75.921111,0.001104248667434156
14.99,76.171111,0.0010003045747112344
14.99,76.421111,0.0009517255638973646
14.99,76.671111,0.0009284943394594254
14.99,76.921111,0.0009151361997811273
14.99,77.171111,0.000904927182849205
14.99,77.421111,0.0008957056285718635
14.99,77.671111,0.000887409189812168
14.99,77.921111,0.0008816362958004983
14.99,78.171111,0.0008823999694014726
14.99,78.421111,0.0008960436045606645
14.99,78.671111,0.0009273273901362061
14.99,78.921111,0.000970921256051467
14.99,79.171111,0.001005519249342487
14.99,79.421111,0.0010049418293837167
14.99,79.671111,0.0009636457306431231
14.99,79.921111,0.0009031559764030003
14.99,80.171111,0.0008491566815410131
14.99,80.421111,0.0008126349630477341
14.99,80.671111,0.0007912551806246883
14.99,80.921111,0.0007784693730240044
14.99,81.171111,0.0007692778467877034
14.99,81.421111,0.0007612658027512961
14.99,81.671111,0.0007536015293309458
14.99,81.921111,0.0007460712838295929
14.99,82.171111,0.0007386325746382441
14.99,82.421111,0.0007312781371663704
14.99,82.671111,0.0007240062240638684
14.99,82.921111,0.0007168157645465849
14.99,83.171111,0.0007097057631414819
14.99,83.421111,0.0007026752418886291
14.99,83.671111,0.0006957232358252299
14.99,83.921111,0.0006888487924948161
14.99,84.171111,0.0006820509717350492
14.99,84.421111,0.0006753288455259032
14.99,84.671111,0.000668681497850539
14.99,84.921111,0.0006621080245431238
14.99,85.171111,0.0006556075331260891
14.99,85.421111,0.0006491791426468517
14.99,85.671111,0.0006428219835183882
14.99,85.921111,0.0006365351973635863
14.99,86.171111,0.0006303179368624163
14.99,86.421111,0.0006241693656014641
14.99,86.671111,0.0006180886579256236
14.99,86.921111,0.0006120749987919257
14.99,87.171111,0.0006061275836254165
14.99,87.421111,0.0006002456181771182
14.99,87.671111,0.000594428318383979
14.99,87.921111,0.0005886749102308272
14.99,88.171111,0.0005829846296142847
14.99,88.421111,0.0005773567222085989
14.99,88.671111,0.0005717904433333922
14.99,88.921111,0.0005662850578232724
14.99,89.171111,0.0005608398398992951
14.99,89.421111,0.0005554540730422458
14.99,89.671111,0.0005501270498677112
14.99,89.921111,0.000544858072002918
14.99,90.171111,0.0005396464499653146
14.99,90.421111,0.0005344915030428623
14.99,90.671111,0.0005293925591760154
14.99,90.921111,0.0005243489548413745
14.99,91.171111,0.000519360034936969
14.99,91.421111,0.0005144251526691625
14.99,91.671111,0.0005095436694411487
14.99,91.921111,0.0005047149547430144
14.99,92.171111,0.0004999383860433555
14.99,92.421111,0.0004952133486824041
14.99,92.671111,0.0004905392357666716
14.99,92.921111,0.0004859154480650602
14.99,93.171111,0.0004813413939064328
14.99,93.421111,0.0004768164890786303
14.99,93.671111,0.00047234015672888824
14.99,93.921111,0.0004679118272656596
14.99,94.171111,0.00046353093826180774
14.99,94.421111,0.0004591969343591571
14.99,94.671111,0.0004549092671743707
14.99,94.921111,0.0004506673952061544
14.99,95.171111,0.0004464707837437469
14.99,95.421111,0.000442318904776693
14.99,95.671111,0.00043821123690587294
14.99,95.921111,0.00043414726525577385
14.99,96.171111,0.00043012648138798093
14.99,96.421111,0.000426148383215879
14.99,96.671111,0.00042221247492053144
14.99,96.921111,0.0004183182668677401
14.99,97.171111,0.0004144652755262504
15.24,72.421111,0.0011881763654051105
15.24,72.671111,0.0013636079040695666
15.24,72.921111,0.0021305282007566175
15.24,73.171111,0.006259715681625689
15.24,73.421111,0.04328814182631368
15.24,73.671111,0.3830984157132338
15.24,73.921111,0.8596620529766444
15.24,74.171111,0.9281833783040256
15.24,74.421111,0.7888090292085959
15.24,74.671111,0.23573982353550912
15.24,74.921111,0.024444259490620308
15.24,75.171111,0.0043666949867790395
15.24,75.421111,0.0017584977185337433
15.24,75.671111,0.001199486685881251
15.24,75.921111,0.001041833596848815
15.24,76.171111,0.0009885006189771029
15.24,76.421111,0.0009654324999559058
15.24,76.671111,0.0009517463283826179
15.24,76.921111,0.0009410208881577166
15.24,77.171111,0.000931200003944817
15.24,77.421111,0.0009217032421060319
15.24,77.671111,0.0009124983590045067
15.24,77.921111,0.0009039325620284106
15.24,78.171111,0.0008968749043252157
15.24,78.421111,0.0008926446899610667
15.24,78.671111,0.0008920610131155816
15.24,78.921111,0.000893708546357323
15.24,79.171111,0.0008932758910492012
15.24,79.421111,0.0008860726373590193
15.24,79.671111,0.000871179465948737
15.24,79.921111,0.000852360620379487
15.24,80.171111,0.0008345246287841904
15.24,80.421111,0.0008201716281602551
15.24,80.671111,0.0008090656710866051
15.24,80.921111,0.0007998926440446907
15.24,81.171111,0.0007915793541539952
15.24,81.421111,0.0007835965147169218
15.24,81.671111,0.0007757602237220084
15.24,81.921111,0.0007680225245919437
15.24,82.171111,0.0007603732092535158
15.24,82.421111,0.0007528098452174458
15.24,82.671111,0.0007453312257013843
15.24,82.921111,0.0007379363029618212
15.24,83.171111,0.0007306240574304539
15.24,83.421111,0.0007233934860079288
15.24,83.671111,0.000716243600024294
15.24,83.921111,0.0007091734231098409
15.24,84.171111,0.0007021819901576784
15.24,84.421111,0.0006952683476593819
15.24,84.671111,0.0006884315543316172
15.24,84.921111,0.0006816706812934679
15.24,85.171111,0.000674984811868312
15.24,85.421111,0.0006683730413047992
15.24,85.671111,0.0006618344765466384
15.24,85.921111,0.0006553682360491542
15.24,86.171111,0.0006489734496166643
15.24,86.421111,0.0006426492582470706
15.24,86.671111,0.0006363948139796246
15.24,86.921111,0.0006302092797449877
15.24,87.171111,0.0006240918292174286
15.24,87.421111,0.0006180416466691383
15.24,87.671111,0.0006120579268265946
15.24,87.921111,0.0006061398747289816
15.24,88.171111,0.0006002867055886051
15.24,88.421111,0.0005944976446532906
15.24,88.671111,0.0005887719270707298
15.24,88.921111,0.0005831087977547513
15.24,89.171111,0.000577507511253474
15.24,89.421111,0.0005719673316193343
15.24,89.671111,0.0005664875322809495
15.24,89.921111,0.0005610673959167809
15.24,90.171111,0.0005557062143305986
15.24,90.421111,0.0005504032883286836
15.24,90.671111,0.0005451579275987755
15.24,90.921111,0.0005399694505907207
15.24,91.171111,0.0005348371843988026
15.24,91.421111,0.0005297604646457311
15.24,91.671111,0.0005247386353682558
15.24,91.921111,0.0005197710489044005
15.24,92.171111,0.0005148570657822712
15.24,92.421111,0.0005099960546104324
15.24,92.671111,0.0005051873919698159
15.24,92.921111,0.0005004304623071591
15.24,93.171111,0.0004957246578299184
15.24,93.421111,0.0004910693784026747
15.24,93.671111,0.0004864640314449721
15.24,93.921111,0.0004819080318306032
15.24,94.171111,0.0004774008017882869
15.24,94.421111,0.00047294177080375356
15.24,94.671111,0.00046853037552317586
15.24,94.921111,0.00046416605965796885
15.24,95.171111,0.00045984827389090904
15.24,95.421111,0.00045557647578355927
15.24,95.671111,0.00045135012968499543
15.24,95.921111,0.0004471687066417913
15.24,96.171111,0.00044303168430927063
15.24,96.421111,0.0004389385468639799
15.24,96.671111,0.0004348887849173944
15.24,96.921111,0.000430881895430807
15.24,97.171111,0.00042691738163141166
15.49,72.421111,0.0012457585287010216
15.49,72.671111,0.001506182177449002
15.49,72.921111,0.0027360383803189175
15.49,73.171111,0.011297657516439876
15.49,73.421111,0.1306377805320988
15.49,73.671111,0.8181708128866557
15.49,73.921111,0.9884811684987019
15.49,74.171111,0.9954274608806735
15.49,74.421111,0.9765763183615175
15.49,74.671111,0.6125782505163758
15.49,74.921111,0.05621927628907091
15.49,75.171111,0.006175075289820298
15.49,75.421111,0.0019436430445293222
15.49,75.671111,0.0012256090378293862
15.49,75.921111,0.0010550923198264172
15.49,76.171111,0.0010083080482023695
15.49,76.421111,0.0009905101323855804
15.49,76.671111,0.0009789351043102074
15.49,76.921111,0.0009686653327951154
15.49,77.171111,0.0009587360119086781
15.49,77.421111,0.0009489662907543992
15.49,77.671111,0.000939340188825967
15.49,77.921111,0.0009299142807676732
15.49,78.171111,0.000920833904801881
15.49,78.421111,0.000912318323963374
15.49,78.671111,0.0009044966746319397
15.49,78.921111,0.0008971201742045494
15.49,79.171111,0.0008894725963125554
15.49,79.421111,0.0008807965597149534
15.49,79.671111,0.000870945637262853
15.49,79.921111,0.0008605223298362316
15.49,80.171111,0.0008503293973293072
15.49,80.421111,0.0008407910927010724
15.49,80.671111,0.0008318765647836258
15.49,80.921111,0.0008233672490593699
15.49,81.171111,0.000815081632669392
15.49,81.421111,0.0008069293069920174
15.49,81.671111,0.0007988782130415056
15.49,81.921111,0.0007909193136224718
15.49,82.171111,0.0007830499736507873
15.49,82.421111,0.0007752688693835327
15.49,82.671111,0.0007675748652995617
15.49,82.921111,0.0007599668471701641
15.49,83.171111,0.0007524437409365943
15.49,83.421111,0.000745004537090895
15.49,83.671111,0.0007376482699005499
15.49,83.921111,0.0007303739746106059
15.49,84.171111,0.0007231806679464406
15.49,84.421111,0.0007160673593725015
15.49,84.671111,0.0007090330688377353
15.49,84.921111,0.0007020768343696443
15.49,85.171111,0.0006951977111768564
15.49,85.421111,0.0006883947688825417
15.49,85.671111,0.000681667089804662
15.49,85.921111,0.000675013768238622
15.49,86.171111,0.0006684339101591018
15.49,86.421111,0.0006619266330366515
15.49,86.671111,0.0006554910656781769
15.49,86.921111,0.0006491263480727633
15.49,87.171111,0.0006428316312400045
15.49,87.421111,0.0006366060770805323
15.49,87.671111,0.000630448858228646
15.49,87.921111,0.0006243591579070478
15.49,88.171111,0.0006183361697836287
15.49,88.421111,0.0006123790978302894
15.49,88.671111,0.0006064871561837461
15.49,88.921111,0.0006006595690083243
15.49,89.171111,0.0005948955703606715
15.49,89.421111,0.0005891944040564037
15.49,89.671111,0.0005835553235386141
15.49,89.921111,0.000577977591748252
15.49,90.171111,0.0005724604809963251
15.49,90.421111,0.0005670032728379026
15.49,90.671111,0.0005616052579479003
15.49,90.921111,0.0005562657359986018
15.49,91.171111,0.0005509840155389201
15.49,91.421111,0.000545759413875345
15.49,91.671111,0.0005405912569545692
15.49,91.921111,0.0005354788792477636
15.49,92.171111,0.00053042162363648
15.49,92.421111,0.0005254188413001476
15.49,92.671111,0.0005204698916051553
15.49,92.921111,0.0005155741419954892
15.49,93.171111,0.0005107309678848933
15.49,93.421111,0.0005059397525505524
15.49,93.671111,0.0005011998870282543
15.49,93.921111,0.0004965107700090207
15.49,94.171111,0.0004918718077371874
15.49,94.421111,0.00048728241390989953
15.49,94.671111,0.0004827420095780175
15.49,94.921111,0.00047825002304840644
15.49,95.171111,0.0004738058897875794
15.49,95.421111,0.00046940905232669566
15.49,95.671111,0.00046505896016787356
15.49,95.921111,0.00046075506969181057
15.49,96.171111,0.00045649684406668994
15.49,96.421111,0.00045228375315835105
15.49,96.671111,0.00044811527344171444
15.49,96.921111,0.0004439908879134262
15.49,97.171111,0.0004399100860057287
15.74,72.421111,0.0013055945311173998
15.74,72.671111,0.001629964748561268
15.74,72.921111,0.003148576586424311
15.74,73.171111,0.014134364303703675
15.74,73.421111,0.16925533436702014
15.74,73.671111,0.861945111810265
15.74,73.921111,0.9912380221572826
15.74,74.171111,0.9961736734718235
15.74,74.421111,0.9784694606681621
15.74,74.671111,0.6196227336968092
15.74,74.921111,0.05668694844750302
15.74,75.171111,0.006221153656881311
15.74,75.421111,0.0019691626421613835
15.74,75.671111,0.001249666731504955
15.74,75.921111,0.0010811439971171696
15.74,76.171111,0.00103630197683611
15.74,76.421111,0.0010194627816533404
15.74,76.671111,0.001008090982461112
15.74,76.921111,0.0009976790297624538
15.74,77.171111,0.0009874962610775654
15.74,77.421111,0.000977443575880446
15.74,77.671111,0.0009675103260373925
15.74,77.921111,0.0009577020347070282
15.74,78.171111,0.0009480363226611636
15.74,78.421111,0.0009385404235534196
15.74,78.671111,0.0009292297528103685
15.74,78.921111,0.0009200706207699193
15.74,79.171111,0.0009109690844579414
15.74,79.421111,0.0009018263593050258
15.74,79.671111,0.0008926225003922969
15.74,79.921111,0.0008834339880795018
15.74,80.171111,0.0008743634920369808
15.74,80.421111,0.0008654651282013113
15.74,80.671111,0.0008567340406598701
15.74,80.921111,0.0008481408702661723
15.74,81.171111,0.0008396610149519844
15.74,81.421111,0.0008312817420562494
15.74,81.671111,0.0008229979920882202
15.74,81.921111,0.0008148078120546255
15.74,82.171111,0.000806710090692929
15.74,82.421111,0.0007987036064598495
15.74,82.671111,0.0007907866383124342
15.74,82.921111,0.0007829571823939824
15.74,83.171111,0.000775213665415182
15.74,83.421111,0.0007675554055003725
15.74,83.671111,0.0007599822593396906
15.74,83.921111,0.0007524938864953084
15.74,84.171111,0.0007450894157326584
15.74,84.421111,0.0007377676422495427
15.74,84.671111,0.0007305273368569374
15.74,84.921111,0.000723367379882393
15.74,85.171111,0.0007162867484420528
15.74,85.421111,0.0007092844714034011
15.74,85.671111,0.0007023596023794016
15.74,85.921111,0.0006955112099893356
15.74,86.171111,0.0006887383753185001
15.74,86.421111,0.000682040191321931
15.74,86.671111,0.0006754157626043161
15.74,86.921111,0.0006688642052557639
15.74,87.171111,0.0006623846466956485
15.74,87.421111,0.0006559762255191647
15.74,87.671111,0.0006496380913460721
15.74,87.921111,0.0006433694046716035
15.74,88.171111,0.0006371693367194651
15.74,88.421111,0.0006310370692969331
15.74,88.671111,0.0006249717946519891
15.74,88.921111,0.0006189727153324783
15.74,89.171111,0.0006130390440472573
15.74,89.421111,0.0006071700035293058
15.74,89.671111,0.00060136482640076
15.74,89.921111,0.0005956227550398633
15.74,90.171111,0.0005899430414497825
15.74,90.421111,0.0005843249471292723
15.74,90.671111,0.0005787677429451689
15.74,90.921111,0.00057327070900667
15.74,91.171111,0.0005678331345413846
15.74,91.421111,0.0005624543177731308
15.74,91.671111,0.0005571335658014404
15.74,91.921111,0.0005518701944827629
15.74,92.171111,0.0005466635283133368
15.74,92.421111,0.0005415129003136991
15.74,92.671111,0.0005364176519148155
15.74,92.921111,0.0005313771328458077
15.74,93.171111,0.0005263907010232499
15.74,93.421111,0.0005214577224420167
15.74,93.671111,0.0005165775710676544
15.74,93.921111,0.0005117496287302623
15.74,94.171111,0.0005069732850198506
15.74,94.421111,0.0005022479371831582
15.74,94.671111,0.0004975729900219193
15.74,94.921111,0.000492947855792539
15.74,95.171111,0.0004883719541071716
15.74,95.421111,0.0004838447118361753
15.74,95.671111,0.00047936556301192564
15.74,95.921111,0.00047493394873396864
15.74,96.171111,0.0004705493170754894
15.74,96.421111,0.00046621112299107974
15.74,96.671111,0.0004619188282257937
15.74,96.921111,0.0004576719012254573
15.74,97.171111,0.00045346981704822695
15.99,72.421111,0.0013913412581011892
15.99,72.671111,0.0018154839411093206
15.99,72.921111,0.003637663865938027
15.99,73.171111,0.015132130965863317
15.99,73.421111,0.1337556204470142
15.99,73.671111,0.7074972619397009
15.99,73.921111,0.9528556396097345
15.99,74.171111,0.9670104861054994
15.99,74.421111,0.8512579375404118
15.99,74.671111,0.2646101060904142
15.99,74.921111,0.02497087767090093
15.99,75.171111,0.004307669079557419
15.99,75.421111,0.0017578857920900828
15.99,75.671111,0.0012353895200465685
15.99,75.921111,0.0011031705120945795
15.99,76.171111,0.0010657111163715365
15.99,76.421111,0.0010500672820624242
15.99,76.671111,0.0010386554094544956
15.99,76.921111,0.001027985524753038
15.99,77.171111,0.00101751098244089
15.99,77.421111,0.0010071631372817222
15.99,77.671111,0.0009969341092409638
15.99,77.921111,0.0009868227204283852
15.99,78.171111,0.0009768294084873883
15.99,78.421111,0.0009669556112997328
15.99,78.671111,0.0009572016033692908
15.99,78.921111,0.0009475627733093959
15.99,79.171111,0.000938028516656189
15.99,79.421111,0.000928587767710493
15.99,79.671111,0.0009192373401263896
15.99,79.921111,0.0009099836783271123
15.99,80.171111,0.0009008358592070595
15.99,80.421111,0.0008917981362852307
15.99,80.671111,0.0008828688973989751
15.99,80.921111,0.0008740441266300051
15.99,81.171111,0.00086532043017247
15.99,81.421111,0.0008566960574598993
15.99,81.671111,0.000848171054995335
15.99,81.921111,0.0008397471242522457
15.99,82.171111,0.0008314260163890638
15.99,82.421111,0.0008232055929413261
15.99,82.671111,0.000815076564104017
15.99,82.921111,0.0008070256718381819
15.99,83.171111,0.0007990451895324342
15.99,83.421111,0.0007911390398458744
15.99,83.671111,0.0007833181186131876
15.99,83.921111,0.0007755905419230287
15.99,84.171111,0.0007679572248582971
15.99,84.421111,0.0007604144991213465
15.99,84.671111,0.0007529582143151545
15.99,84.921111,0.0007455855152873755
15.99,85.171111,0.0007382946755104615
15.99,85.421111,0.0007310845020963545
15.99,85.671111,0.000723953979830965
15.99,85.921111,0.0007169021440964546
15.99,86.171111,0.0007099280492069733
15.99,86.421111,0.0007030307624899062
15.99,86.671111,0.0006962093633266786
15.99,86.921111,0.0006894629429062581
15.99,87.171111,0.000682790604058393
15.99,87.421111,0.000676191461095654
15.99,87.671111,0.0006696646396581212
15.99,87.921111,0.0006632092765602944
15.99,88.171111,0.0006568245196401697
15.99,88.421111,0.0006505095276104503
15.99,88.671111,0.0006442634699118585
15.99,88.921111,0.0006380855265685253
15.99,89.171111,0.000631974888045409
15.99,89.421111,0.0006259307551077408
15.99,89.671111,0.0006199523386824403
15.99,89.921111,0.0006140388597214895
15.99,90.171111,0.0006081895490672303
15.99,90.421111,0.0006024036473195572
15.99,90.671111,0.0005966804047049826
15.99,90.921111,0.0005910190809475341
15.99,91.171111,0.0005854189451414797
15.99,91.421111,0.0005798792756258253
15.99,91.671111,0.0005743993598605886
15.99,91.921111,0.0005689784943047984
15.99,92.171111,0.00056361598429621
15.99,92.421111,0.0005583111439327028
15.99,92.671111,0.0005530632959553454
15.99,92.921111,0.000547871771633088
15.99,93.171111,0.0005427359106490752
15.99,93.421111,0.0005376550609885494
15.99,93.671111,0.0005326285788283148
15.99,93.921111,0.0005276558284277487
15.99,94.171111,0.0005227361820213348
15.99,94.421111,0.0005178690197126939
15.99,94.671111,0.0005130537293700928
15.99,94.921111,0.0005082897065234092
15.99,95.171111,0.0005035763542625347
15.99,95.421111,0.0004989130831371826
15.99,95.671111,0.0004942993110581023
15.99,95.921111,0.0004897344631996562
15.99,96.171111,0.00048521797190375596
15.99,96.421111,0.00048074927658513125
15.99,96.671111,0.00047632782363791234
15.99,96.921111,0.0004719530663435091
15.99,97.171111,0.0004676244647797704
16.240000000000002,72.421111,0.0015467853487250987
16.240000000000002,72.671111,0.0022648264692308726
16.240000000000002,72.921111,0.005317754022149636
16.240000000000002,73.171111,0.023328032762302272
16.240000000000002,73.421111,0.150825651950578
16.240000000000002,73.671111,0.5525133645236416
16.240000000000002,73.921111,0.7787166016754903
16.240000000000002,74.171111,0.7050585530170632
16.240000000000002,74.421111,0.3144971235160815
16.240000000000002,74.671111,0.05096620191144402
16.240000000000002,74.921111,0.008470145499741507
16.240000000000002,75.171111,0.0026570503651805613
16.240000000000002,75.421111,0.0015057791972534018
16.240000000000002,75.671111,0.001207911981617064
16.240000000000002,75.921111,0.0011235610141139528
16.240000000000002,76.171111,0.0010960995502845665
16.240000000000002,76.421111,0.0010820196039420667
16.240000000000002,76.671111,0.001070569025707678
16.240000000000002,76.921111,0.0010596179230699637
16.240000000000002,77.171111,0.0010488352278207169
16.240000000000002,77.421111,0.0010381794808037525
16.240000000000002,77.671111,0.0010276453750134985
16.240000000000002,77.921111,0.0010172311889740152
16.240000000000002,78.171111,0.001006935575631031
16.240000000000002,78.421111,0.0009967572965065795
16.240000000000002,78.671111,0.0009866950422637046
16.240000000000002,78.921111,0.0009767471464053646
16.240000000000002,79.171111,0.0009669115001437682
16.240000000000002,79.421111,0.0009571859763023457
16.240000000000002,79.671111,0.0009475690685113182
16.240000000000002,79.921111,0.0009380600253162082
16.240000000000002,80.171111,0.0009286583140660741
16.240000000000002,80.421111,0.0009193630548457699
16.240000000000002,80.671111,0.000910172984065376
16.240000000000002,80.921111,0.0009010869701981739
16.240000000000002,81.171111,0.0008921053059510933
16.240000000000002,81.421111,0.0008832329459175937
16.240000000000002,81.671111,0.0008744853500127869
16.240000000000002,81.921111,0.0008658916748025139
16.240000000000002,82.171111,0.0008574806247756517
16.240000000000002,82.421111,0.0008492410116864521
16.240000000000002,82.671111,0.0008410886188705325
16.240000000000002,82.921111,0.0008328985631155644
16.240000000000002,83.171111,0.0008246021616034674
16.240000000000002,83.421111,0.0008162494034641439
16.240000000000002,83.671111,0.0008079612168608106
16.240000000000002,83.921111,0.0007998299899295215
16.240000000000002,84.171111,0.000791874593551304
16.240000000000002,84.421111,0.0007840671176738949
16.240000000000002,84.671111,0.000776374641682587
16.240000000000002,84.921111,0.0007687773192752448
16.240000000000002,85.171111,0.0007612666777796868
16.240000000000002,85.421111,0.0007538395607810701
16.240000000000002,85.671111,0.0007464945052714191
16.240000000000002,85.921111,0.0007392304493293158
16.240000000000002,86.171111,0.000732046411263691
16.240000000000002,86.421111,0.0007249414308752805
16.240000000000002,86.671111,0.0007179145611951589
16.240000000000002,86.921111,0.0007109648674585771
16.240000000000002,87.171111,0.000704091426869921
16.240000000000002,87.421111,0.0006972933284363519
16.240000000000002,87.671111,0.0006905696728080834
16.240000000000002,87.921111,0.0006839195721211242
16.240000000000002,88.171111,0.00067734214984227
16.240000000000002,88.421111,0.0006708365406162679
16.240000000000002,88.671111,0.0006644018901151551
16.240000000000002,88.921111,0.0006580373548897123
16.240000000000002,89.171111,0.0006517421022230169
16.240000000000002,89.421111,0.0006455153099860607
16.240000000000002,89.671111,0.0006393561664953996
16.240000000000002,89.921111,0.0006332638703728141
16.240000000000002,90.171111,0.0006272376304069328
16.240000000000002,90.421111,0.0006212766654168186
16.240000000000002,90.671111,0.0006153802041174548
16.240000000000002,90.921111,0.0006095474849871386
16.240000000000002,91.171111,0.0006037777561367237
16.240000000000002,91.421111,0.0005980702751807044
16.240000000000002,91.671111,0.0005924243091101053
16.240000000000002,91.921111,0.0005868391341671585
16.240000000000002,92.171111,0.0005813140357217255
16.240000000000002,92.421111,0.0005758483081494646
16.240000000000002,92.671111,0.0005704412547116876
16.240000000000002,92.921111,0.0005650921874369123
16.240000000000002,93.171111,0.0005598004270040596
16.240000000000002,93.421111,0.0005545653026272869
16.240000000000002,93.671111,0.0005493861519424294
16.240000000000002,93.921111,0.0005442623208950301
16.240000000000002,94.171111,0.00053919316362992
16.240000000000002,94.421111,0.0005341780423823544
16.240000000000002,94.671111,0.0005292163273706484
16.240000000000002,94.921111,0.0005243073966903224
16.240000000000002,95.171111,0.0005194506362097113
16.240000000000002,95.421111,0.0005146454394670283
16.240000000000002,95.671111,0.0005098912075688604
16.240000000000002,95.921111,0.0005051873490900731
16.240000000000002,96.171111,0.0005005332799751045
16.240000000000002,96.421111,0.0004959284234406327
16.240000000000002,96.671111,0.0004913722098795837
16.240000000000002,96.921111,0.00048686407676648303
16.240000000000002,97.171111,0.0004824034685641068
16.490000000000002,72.421111,0.0018059848178393347
16.490000000000002,72.671111,0.0032553988133657715
16.490000000000002,72.921111,0.010836917847522269
16.490000000000002,73.171111,0.06643289072463233
16.490000000000002,73.421111,0.3656184473173031
16.490000000000002,73.671111,0.7125465277951345
16.490000000000002,73.921111,0.7336375501403716
16.490000000000002,74.171111,0.43464946720242387
16.490000000000002,74.421111,0.09417781262789267
16.490000000000002,74.671111,0.015117143559468834
16.490000000000002,74.921111,0.003960941677409745
16.490000000000002,75.171111,0.0018827873691613563
16.490000000000002,75.421111,0.0013526068274907345
16.490000000000002,75.671111,0.0011969121972773215
16.490000000000002,75.921111,0.0011480748762520677
16.490000000000002,76.171111,0.0011283754569163104
16.490000000000002,76.421111,0.0011154553321621173
16.490000000000002,76.671111,0.0011038919772253725
16.490000000000002,76.921111,0.0010926377600675935
16.490000000000002,77.171111,0.001081532403225479
16.490000000000002,77.421111,0.001070555395784579
16.490000000000002,77.671111,0.0010597033986252803
16.490000000000002,77.921111,0.0010489747444504538
16.490000000000002,78.171111,0.0010383679158281881
16.490000000000002,78.421111,0.0010278814269700075
16.490000000000002,78.671111,0.0010175138067324968
16.490000000000002,78.921111,0.001007263581209029
16.490000000000002,79.171111,0.0009971292684531278
16.490000000000002,79.421111,0.0009871094031915478
16.490000000000002,79.671111,0.0009772025742419512
16.490000000000002,79.921111,0.0009674074325395753
16.490000000000002,80.171111,0.0009577226639734463
16.490000000000002,80.421111,0.0009481470012441159
16.490000000000002,80.671111,0.0009386795639199388
16.490000000000002,80.921111,0.0009293218474175808
16.490000000000002,81.171111,0.0009200860895431405
16.490000000000002,81.421111,0.0009110201688625957
16.490000000000002,81.671111,0.0009022535951025914
16.490000000000002,81.921111,0.000894023022068771
16.490000000000002,82.171111,0.0008865625076058501
16.490000000000002,82.421111,0.0008797950789654836
16.490000000000002,82.671111,0.0008730694604149217
16.490000000000002,82.921111,0.0008654091555823925
16.490000000000002,83.171111,0.0008562781496826845
16.490000000000002,83.421111,0.0008460796633177756
16.490000000000002,83.671111,0.0008357754311047075
16.490000000000002,83.921111,0.0008260973330075207
16.490000000000002,84.171111,0.0008171979418790301
16.490000000000002,84.421111,0.0008088644962176271
16.490000000000002,84.671111,0.0008008461823193815
16.490000000000002,84.921111,0.0007929947683415345
16.490000000000002,85.171111,0.0007852509434180408
16.490000000000002,85.421111,0.0007775968846538362
16.490000000000002,85.671111,0.0007700279228844219
16.490000000000002,85.921111,0.0007625424382730953
16.490000000000002,86.171111,0.0007551393525428762
16.490000000000002,86.421111,0.0007478176708284119
16.490000000000002,86.671111,0.0007405764182207801
16.490000000000002,86.921111,0.000733414632873867
16.490000000000002,87.171111,0.0007263313652810791
16.490000000000002,87.421111,0.0007193256780733315
16.490000000000002,87.671111,0.0007123966458533477
16.490000000000002,87.921111,0.0007055433550340372
16.490000000000002,88.171111,0.0006987649036792092
16.490000000000002,88.421111,0.0006920604013465431
16.490000000000002,88.671111,0.0006854289689327735
16.490000000000002,88.921111,0.0006788697385210637
16.490000000000002,89.171111,0.0006723818532305163
16.490000000000002,89.421111,0.0006659644670678223
16.490000000000002,89.671111,0.0006596167447809791
16.490000000000002,89.921111,0.0006533378617150856
16.490000000000002,90.171111,0.0006471270036701505
16.490000000000002,90.421111,0.0006409833667609061
16.490000000000002,90.671111,0.0006349061572785903
16.490000000000002,90.921111,0.0006288945915546686
16.490000000000002,91.171111,0.0006229478958264671
16.490000000000002,91.421111,0.0006170653061046955
16.490000000000002,91.671111,0.0006112460680428191
16.490000000000002,91.921111,0.000605489436808262
16.490000000000002,92.171111,0.0005997946769554227
16.490000000000002,92.421111,0.0005941610623004541
16.490000000000002,92.671111,0.0005885878757978028
16.490000000000002,92.921111,0.0005830744094184693
16.490000000000002,93.171111,0.0005776199640299765
16.490000000000002,93.421111,0.0005722238492780002
16.490000000000002,93.671111,0.0005668853834696686
16.490000000000002,93.921111,0.0005616038934584716
16.490000000000002,94.171111,0.0005563787145307909
16.490000000000002,94.421111,0.0005512091902939977
16.490000000000002,94.671111,0.000546094672566115
16.490000000000002,94.921111,0.0005410345212670122
16.490000000000002,95.171111,0.000536028104311118
16.490000000000002,95.421111,0.0005310747975016137
16.490000000000002,95.671111,0.0005261739844261098
16.490000000000002,95.921111,0.0005213250563537573
16.490000000000002,96.171111,0.0005165274121337987
16.490000000000002,96.421111,0.0005117804580955167
16.490000000000002,96.671111,0.0005070836079495731
16.490000000000002,96.921111,0.0005024362826907147
16.490000000000002,97.171111,0.0004978379105018236
16.740000000000002,72.421111,0.002162886941324924
16.740000000000002,72.671111,0.005028421178531532
16.740000000000002,72.921111,0.026117272111196525
16.740000000000002,73.171111,0.2355373567965977
16.740000000000002,73.421111,0.786078051088757
16.740000000000002,73.671111,0.9334046332154052
16.740000000000002,73.921111,0.8901918526819294
16.740000000000002,74.171111,0.4986535898647838
16.740000000000002,74.421111,0.07171334766203732
16.740000000000002,74.671111,0.009824389355530299
16.740000000000002,74.921111,0.00289417001222189
16.740000000000002,75.171111,0.001625945248480949
16.740000000000002,75.421111,0.0013029729048453322
16.740000000000002,75.671111,0.0012098420883603106
16.740000000000002,75.921111,0.0011787071212644913
16.740000000000002,76.171111,0.0011629488881880234
16.740000000000002,76.421111,0.001150487087473166
16.740000000000002,76.671111,0.0011386966466985942
16.740000000000002,76.921111,0.0011271134446575982
16.740000000000002,77.171111,0.0011156702423713782
16.740000000000002,77.421111,0.0011043579551761752
16.740000000000002,77.671111,0.0010931743005675617
16.740000000000002,77.921111,0.0010821176464568727
16.740000000000002,78.171111,0.0010711864281654538
16.740000000000002,78.421111,0.0010603791044037846
16.740000000000002,78.671111,0.001049694153958092
16.740000000000002,78.921111,0.0010391300745301597
16.740000000000002,79.171111,0.0010286853822326642
16.740000000000002,79.421111,0.0010183586124548221
16.740000000000002,79.671111,0.00100814832143742
16.740000000000002,79.921111,0.0009980530885989013
16.740000000000002,80.171111,0.000988071542926719
16.740000000000002,80.421111,0.000978202636012674
16.740000000000002,80.671111,0.0009684477132378816
16.740000000000002,80.921111,0.000958822365227454
16.740000000000002,81.171111,0.0009494065949186379
16.740000000000002,81.421111,0.000940494454208798
16.740000000000002,81.671111,0.0009328718252881483
16.740000000000002,81.921111,0.0009279791160341813
16.740000000000002,82.171111,0.0009272776702189541
16.740000000000002,82.421111,0.0009303954235623281
16.740000000000002,82.671111,0.0009334050015349643
16.740000000000002,82.921111,0.0009301817512276544
16.740000000000002,83.171111,0.0009172837385610086
16.740000000000002,83.421111,0.0008973023006333078
16.740000000000002,83.671111,0.0008763148221821946
16.740000000000002,83.921111,0.0008587900009191886
16.740000000000002,84.171111,0.000845570323537828
16.740000000000002,84.421111,0.0008353242191993427
16.740000000000002,84.671111,0.000826533008056016
16.740000000000002,84.921111,0.0008183089235454737
16.740000000000002,85.171111,0.0008103007548793944
16.740000000000002,85.421111,0.0008024066278545886
16.740000000000002,85.671111,0.0007946036074194493
16.740000000000002,85.921111,0.0007868870053206389
16.740000000000002,86.171111,0.0007792553208653639
16.740000000000002,86.421111,0.0007717074904970086
16.740000000000002,86.671111,0.0007642425075906066
16.740000000000002,86.921111,0.0007568593819053566
16.740000000000002,87.171111,0.0007495571360802588
16.740000000000002,87.421111,0.0007423348052483135
16.740000000000002,87.671111,0.0007351914368571901
16.740000000000002,87.921111,0.0007281260905027362
16.740000000000002,88.171111,0.0007211378377652402
16.740000000000002,88.421111,0.0007142257620480286
16.740000000000002,88.671111,0.000707388958418338
16.740000000000002,88.921111,0.0007006265334504229
16.740000000000002,89.171111,0.0006939376050708726
16.740000000000002,89.421111,0.0006873213024061141
16.740000000000002,89.671111,0.0006807767656320555
16.740000000000002,89.921111,0.0006743031458258345
16.740000000000002,90.171111,0.000667899604819664
16.740000000000002,90.421111,0.0006615653150567204
16.740000000000002,90.671111,0.0006552994594490626
16.740000000000002,90.921111,0.0006491012312375367
16.740000000000002,91.171111,0.0006429698338536445
16.740000000000002,91.421111,0.0006369044807833581
16.740000000000002,91.671111,0.0006309043954328298
16.740000000000002,91.921111,0.0006249688109959872
16.740000000000002,92.171111,0.0006190969703239839
16.740000000000002,92.421111,0.0006132881257964639
16.740000000000002,92.671111,0.0006075415391946415
16.740000000000002,92.921111,0.0006018564815761365
16.740000000000002,93.171111,0.0005962322331515723
16.740000000000002,93.421111,0.0005906680831628834
16.740000000000002,93.671111,0.0005851633297633267
16.740000000000002,93.921111,0.0005797172798991609
16.740000000000002,94.171111,0.000574329249192977
16.740000000000002,94.421111,0.0005689985618286487
16.740000000000002,94.671111,0.0005637245504378908
16.740000000000002,94.921111,0.0005585065559883819
16.740000000000002,95.171111,0.0005533439276734579
16.740000000000002,95.421111,0.0005482360228033198
16.740000000000002,95.671111,0.0005431822066977717
16.740000000000002,95.921111,0.0005381818525804253
16.740000000000002,96.171111,0.000533234341474387
16.740000000000002,96.421111,0.0005283390620993831
16.740000000000002,96.671111,0.0005234954107703107
16.740000000000002,96.921111,0.0005187027912971954
16.740000000000002,97.171111,0.0005139606148865292
16.990000000000002,72.421111,0.002584624680894465
16.990000000000002,72.671111,0.007644882152785207
16.990000000000002,72.921111,0.059082211033112515
16.990000000000002,73.171111,0.5526577999701541
16.990000000000002,73.421111,0.9566079726243221
16.990000000000002,73.671111,0.9882711974972305
16.990000000000002,73.921111,0.9691533110979685
16.990000000000002,74.171111,0.6724650970943652
16.990000000000002,74.421111,0.08795512375549548
16.990000000000002,74.671111,0.009654693936015257
16.990000000000002,74.921111,0.0027287072670880114
16.990000000000002,75.171111,0.0015840546726126723
16.990000000000002,75.421111,0.00131244272772491
16.990000000000002,75.671111,0.0012391391421010937
16.990000000000002,75.921111,0.0012141614818486075
16.990000000000002,76.171111,0.0011996696834367954
16.990000000000002,76.421111,0.0011871575277047262
16.990000000000002,76.671111,0.0011750524435620736
16.990000000000002,76.921111,0.0011631169013977532
16.990000000000002,77.171111,0.0011513202975229455
16.990000000000002,77.421111,0.0011396580533790301
16.990000000000002,77.671111,0.0011281282784675894
16.990000000000002,77.921111,0.0011167293272536574
16.990000000000002,78.171111,0.0011054595908048838
16.990000000000002,78.421111,0.0010943174820976038
16.990000000000002,78.671111,0.0010833014349049626
16.990000000000002,78.921111,0.0010724099034480957
16.990000000000002,79.171111,0.0010616413621062227
16.990000000000002,79.421111,0.001050994305209211
16.990000000000002,79.671111,0.0010404672474624908
16.990000000000002,79.921111,0.001030058733976211
16.990000000000002,80.171111,0.0010197674694196203
16.990000000000002,80.421111,0.0010095935848759491
16.990000000000002,80.671111,0.0009995481902376595
16.990000000000002,80.921111,0.0009897080262364839
16.990000000000002,81.171111,0.0009804469584376865
16.990000000000002,81.421111,0.000973128942877745
16.990000000000002,81.671111,0.0009714202758227231
16.990000000000002,81.921111,0.00098222590013606
16.990000000000002,82.171111,0.001013285392616871
16.990000000000002,82.421111,0.0010646616962173353
16.990000000000002,82.671111,0.0011179553745097363
16.990000000000002,82.921111,0.0011393088793591394
16.990000000000002,83.171111,0.0011078022091793884
16.990000000000002,83.421111,0.0010390234542654688
16.990000000000002,83.671111,0.0009673413835669065
16.990000000000002,83.921111,0.0009146171464490824
16.990000000000002,84.171111,0.0008830287568220928
16.990000000000002,84.421111,0.0008652387692279053
16.990000000000002,84.671111,0.0008538946519701676
16.990000000000002,84.921111,0.0008448489827682655
16.990000000000002,85.171111,0.0008364804394048507
16.990000000000002,85.421111,0.0008283227079351215
16.990000000000002,85.671111,0.0008202737865686252
16.990000000000002,85.921111,0.0008123157874076695
16.990000000000002,86.171111,0.0008044454755537572
16.990000000000002,86.421111,0.0007966615849225064
16.990000000000002,86.671111,0.0007889630654080541
16.990000000000002,86.921111,0.0007813488965093243
16.990000000000002,87.171111,0.0007738180717888744
16.990000000000002,87.421111,0.0007663695977059173
16.990000000000002,87.671111,0.0007590024933928502
16.990000000000002,87.921111,0.0007517157904825161
16.990000000000002,88.171111,0.0007445085329397967
16.990000000000002,88.421111,0.0007373797768956492
16.990000000000002,88.671111,0.0007303285904834792
16.990000000000002,88.921111,0.0007233540536778185
16.990000000000002,89.171111,0.000716455258135272
16.990000000000002,89.421111,0.0007096313070376995
16.990000000000002,89.671111,0.0007028813149376091
16.990000000000002,89.921111,0.0006962044076057074
16.990000000000002,90.171111,0.0006895997218806076
16.990000000000002,90.421111,0.0006830664055206341
16.990000000000002,90.671111,0.0006766036170577093
16.990000000000002,90.921111,0.0006702105256532894
16.990000000000002,91.171111,0.0006638863109563177
16.990000000000002,91.421111,0.0006576301629631646
16.990000000000002,91.671111,0.0006514412818795352
16.990000000000002,91.921111,0.0006453188779842934
16.990000000000002,92.171111,0.0006392621714952077
16.990000000000002,92.421111,0.0006332703924365599
16.990000000000002,92.671111,0.0006273427805086028
16.990000000000002,92.921111,0.0006214785849588477
16.990000000000002,93.171111,0.000615677064455144
16.990000000000002,93.421111,0.0006099374869605191
16.990000000000002,93.671111,0.0006042591296097735
16.990000000000002,93.921111,0.000598641278587793
16.990000000000002,94.171111,0.0005930832290095435
16.990000000000002,94.421111,0.0005875842848017502
16.990000000000002,94.671111,0.0005821437585862095
16.990000000000002,94.921111,0.0005767609715647279
16.990000000000002,95.171111,0.0005714352534056564
16.990000000000002,95.421111,0.0005661659421319991
16.990000000000002,95.671111,0.0005609523840110792
16.990000000000002,95.921111,0.0005557939334457215
16.990000000000002,96.171111,0.0005506899528669596
16.990000000000002,96.421111,0.0005456398126282106
16.990000000000002,96.671111,0.0005406428909009306
16.990000000000002,96.921111,0.000535698573571701
16.990000000000002,97.171111,0.0005308062541407434
17.240000000000002,72.421111,0.0030398459540904145
17.240000000000002,72.671111,0.010976810220429347
17.240000000000002,72.921111,0.11254157589507457
17.240000000000002,73.171111,0.7872413755797584
17.240000000000002,73.421111,0.9884661183745292
17.240000000000002,73.671111,0.9968223382179918
17.240000000000002,73.921111,0.9881865639931499
17.240000000000002,74.171111,0.7798771028593446
17.240000000000002,74.421111,0.10675693438073336
17.240000000000002,74.671111,0.010173116919778074
17.240000000000002,74.921111,0.0027566736588811
17.240000000000002,75.171111,0.0016065906828595267
17.240000000000002,75.421111,0.0013443532375109254
17.240000000000002,75.671111,0.0012760835091262747
17.240000000000002,75.921111,0.0012526684818267928
17.240000000000002,76.171111,0.0012382957527836264
17.240000000000002,76.421111,0.001225499605171902
17.240000000000002,76.671111,0.0012130313884876629
17.240000000000002,76.921111,0.001200723989378614
17.240000000000002,77.171111,0.0011885581208021271
17.240000000000002,77.421111,0.001176530555532856
17.240000000000002,77.671111,0.001164639488098708
17.240000000000002,77.921111,0.0011528832345939636
17.240000000000002,78.171111,0.0011412601388656415
17.240000000000002,78.421111,0.001129768566705812
17.240000000000002,78.671111,0.0011184069052858844
17.240000000000002,78.921111,0.0011071735628512761
17.240000000000002,79.171111,0.0010960669684352618
17.240000000000002,79.421111,0.0010850855716850562
17.240000000000002,79.671111,0.0010742278448469958
17.240000000000002,79.921111,0.0010634923189151114
17.240000000000002,80.171111,0.0010528780418225202
17.240000000000002,80.421111,0.001042389065412625
17.240000000000002,80.671111,0.0010320682742196358
17.240000000000002,80.921111,0.00102219098413985
17.240000000000002,81.171111,0.001014086561144912
17.240000000000002,81.421111,0.0010126252673395694
17.240000000000002,81.671111,0.001031218208590259
17.240000000000002,81.921111,0.0010973174417847871
17.240000000000002,82.171111,0.0012507996437209332
17.240000000000002,82.421111,0.0015181338392388757
17.240000000000002,82.671111,0.0018385809802098734
17.240000000000002,82.921111,0.002009489624420551
17.240000000000002,83.171111,0.0018697162672102997
17.240000000000002,83.421111,0.001537365745439052
17.240000000000002,83.671111,0.001232376884550232
17.240000000000002,83.921111,0.0010415318495591522
17.240000000000002,84.171111,0.0009455995625410323
17.240000000000002,84.421111,0.0009031597397455891
17.240000000000002,84.671111,0.0008840259382569235
17.240000000000002,84.921111,0.0008728646021740027
17.240000000000002,85.171111,0.0008638747799277354
17.240000000000002,85.421111,0.0008554040722551389
17.240000000000002,85.671111,0.0008470938123670451
17.240000000000002,85.921111,0.0008388833377991914
17.240000000000002,86.171111,0.0008307638523739926
17.240000000000002,86.421111,0.0008227334990880406
17.240000000000002,86.671111,0.000814791152291115
17.240000000000002,86.921111,0.0008069357580289836
17.240000000000002,87.171111,0.000799166279445955
17.240000000000002,87.421111,0.0007914816930929846
17.240000000000002,87.671111,0.0007838809885714857
17.240000000000002,87.921111,0.000776363168350593
17.240000000000002,88.171111,0.0007689272475937877
17.240000000000002,88.421111,0.0007615722539881796
17.240000000000002,88.671111,0.0007542972275762053
17.240000000000002,88.921111,0.000747101220589677
17.240000000000002,89.171111,0.0007399832972861838
17.240000000000002,89.421111,0.0007329425337877788
17.240000000000002,89.671111,0.0007259780179219308
17.240000000000002,89.921111,0.0007190888490647185
17.240000000000002,90.171111,0.0007122741379862182
17.240000000000002,90.421111,0.0007055330066980534
17.240000000000002,90.671111,0.0006988645883030892
17.240000000000002,90.921111,0.0006922680268472331
17.240000000000002,91.171111,0.0006857424771732975
17.240000000000002,91.421111,0.0006792871047769236
17.240000000000002,91.671111,0.0006729010856645056
17.240000000000002,91.921111,0.0006665836062131088
17.240000000000002,92.171111,0.0006603338630323401
17.240000000000002,92.421111,0.0006541510628281487
17.240000000000002,92.671111,0.0006480344222685247
17.240000000000002,92.921111,0.0006419831678510775
17.240000000000002,93.171111,0.0006359965357724446
17.240000000000002,93.421111,0.0006300737717995384
17.240000000000002,93.671111,0.0006242141311425703
17.240000000000002,93.921111,0.0006184168783298478
17.240000000000002,94.171111,0.0006126812870843124
17.240000000000002,94.421111,0.0006070066402017917
17.240000000000002,94.671111,0.000601392229430944
17.240000000000002,94.921111,0.0005958373553548673
17.240000000000002,95.171111,0.000590341327274356
17.240000000000002,95.421111,0.0005849034630927665
17.240000000000002,95.671111,0.0005795230892024909
17.240000000000002,95.921111,0.0005741995403729923
17.240000000000002,96.171111,0.0005689321596403964
17.240000000000002,96.421111,0.0005637202981986068
17.240000000000002,96.671111,0.0005585633152919285
17.240000000000002,96.921111,0.0005534605781091758
17.240000000000002,97.171111,0.0005484114616792357
17.490000000000002,72.421111,0.003410976670137757
17.490000000000002,72.671111,0.01381809694345615
17.490000000000002,72.921111,0.1603699837320135
17.490000000000002,73.171111,0.8685792327643491
17.490000000000002,73.421111,0.9938664433877673
17.490000000000002,73.671111,0.9981137462441629
17.490000000000002,73.921111,0.9912214602047955
17.490000000000002,74.171111,0.796101452136954
17.490000000000002,74.421111,0.10615586828007022
17.490000000000002,74.671111,0.009952023001567242
17.490000000000002,74.921111,0.0027502331861337477
17.490000000000002,75.171111,0.0016345332922370042
17.490000000000002,75.421111,0.0013816216327692317
17.490000000000002,75.671111,0.001316199636464967
17.490000000000002,75.921111,0.0012933022874981757
17.490000000000002,76.171111,0.0012787300109897643
17.490000000000002,76.421111,0.0012655698663451456
17.490000000000002,76.671111,0.0012527119498902375
17.490000000000002,76.921111,0.001240015040790127
17.490000000000002,77.171111,0.0012274635218445474
17.490000000000002,77.421111,0.0012150545321174746
17.490000000000002,77.671111,0.0012027862521746281
17.490000000000002,77.921111,0.0011906569502527161
17.490000000000002,78.171111,0.0011786649205000562
17.490000000000002,78.421111,0.0011668084795024639
17.490000000000002,78.671111,0.0011550859658451913
17.490000000000002,78.921111,0.0011434957398064002
17.490000000000002,79.171111,0.001132036183070555
17.490000000000002,79.421111,0.0011207056987358086
17.490000000000002,79.671111,0.0011095027171844358
17.490000000000002,79.921111,0.0010984257948550046
17.490000000000002,80.171111,0.001087474860745106
17.490000000000002,80.421111,0.001076663419288625
17.490000000000002,80.671111,0.0010661105575975858
17.490000000000002,80.921111,0.001056567844234632
17.490000000000002,81.171111,0.0010516653251537958
17.490000000000002,81.421111,0.0010648827817511305
17.490000000000002,81.671111,0.0011354543437973182
17.490000000000002,81.921111,0.0013591087748135325
17.490000000000002,82.171111,0.001949524261780607
17.490000000000002,82.421111,0.0032975295364322216
17.490000000000002,82.671111,0.005541258741234495
17.490000000000002,82.921111,0.007108666845596702
17.490000000000002,83.171111,0.005979956941255533
17.490000000000002,83.421111,0.0036353374493938813
17.490000000000002,83.671111,0.0020654678082783055
17.490000000000002,83.921111,0.0013480424734336085
17.490000000000002,84.171111,0.0010621912987280016
17.490000000000002,84.421111,0.0009564491764462868
17.490000000000002,84.671111,0.000918613457777055
17.490000000000002,84.921111,0.0009027153710987758
17.490000000000002,85.171111,0.0008925875280005297
17.490000000000002,85.421111,0.0008837146783696626
17.490000000000002,85.671111,0.000875122320584252
17.490000000000002,85.921111,0.0008666473013972798
17.490000000000002,86.171111,0.0008582675386357879
17.490000000000002,86.421111,0.0008499798015663981
17.490000000000002,86.671111,0.0008417828255052182
17.490000000000002,86.921111,0.000833675517823686
17.490000000000002,87.171111,0.0008256568097485835
17.490000000000002,87.421111,0.0008177256466251967
17.490000000000002,87.671111,0.0008098809872497095
17.490000000000002,87.921111,0.000802121803669143
17.490000000000002,88.171111,0.0007944470810025698
17.490000000000002,88.421111,0.0007868558172654544
17.490000000000002,88.671111,0.000779347023196461
17.490000000000002,88.921111,0.0007719197220867043
17.490000000000002,89.171111,0.0007645729496113952
17.490000000000002,89.421111,0.0007573057536638514
17.490000000000002,89.671111,0.0007501171941918348
17.490000000000002,89.921111,0.0007430063430361909
17.490000000000002,90.171111,0.0007359722837717345
17.490000000000002,90.421111,0.0007290141115503836
17.490000000000002,90.671111,0.0007221309329464751
17.490000000000002,90.921111,0.0007153218658042514
17.490000000000002,91.171111,0.0007085860390874735
17.490000000000002,91.421111,0.0007019225927311523
17.490000000000002,91.671111,0.0006953306774953285
17.490000000000002,91.921111,0.0006888094548209107
17.490000000000002,92.171111,0.0006823580966875238
17.490000000000002,92.421111,0.0006759757854733279
17.490000000000002,92.671111,0.0006696617138168093
17.490000000000002,92.921111,0.0006634150844804834
17.490000000000002,93.171111,0.0006572351102164955
17.490000000000002,93.421111,0.0006511210136341085
17.490000000000002,93.671111,0.0006450720270690096
17.490000000000002,93.921111,0.0006390873924544507
17.490000000000002,94.171111,0.0006331663611941778
17.490000000000002,94.421111,0.0006273081940371138
17.490000000000002,94.671111,0.0006215121609537954
17.490000000000002,94.921111,0.0006157775410145133
17.490000000000002,95.171111,0.0006101036222691461
17.490000000000002,95.421111,0.0006044897016286533
17.490000000000002,95.671111,0.0005989350847482248
17.490000000000002,95.921111,0.0005934390859120257
17.490000000000002,96.171111,0.0005880010279195511
17.490000000000002,96.421111,0.0005826202419735498
17.490000000000002,96.671111,0.0005772960675694865
17.490000000000002,96.921111,0.0005720278523865448
17.490000000000002,97.171111,0.0005668149521801234
17.740000000000002,72.421111,0.00343701013058165
17.740000000000002,72.671111,0.013137590572809667
17.740000000000002,72.921111,0.13693341307980303
17.740000000000002,73.171111,0.8142370263910097
17.740000000000002,73.421111,0.988032416739968
17.740000000000002,73.671111,0.9955743640347351
17.740000000000002,73.921111,0.9797322286018763
17.740000000000002,74.171111,0.6688229129968999
17.740000000000002,74.421111,0.07386155891170604
17.740000000000002,74.671111,0.008322467050234119
17.740000000000002,74.921111,0.002613248857853021
17.740000000000002,75.171111,0.0016448532240237678
17.740000000000002,75.421111,0.0014179586049270498
17.740000000000002,75.671111,0.0013579321746733817
17.740000000000002,75.921111,0.0013357918146761768
17.740000000000002,76.171111,0.0013209960451546028
17.740000000000002,76.421111,0.001307445943372423
17.740000000000002,76.671111,0.0012941790391535546
17.740000000000002,76.921111,0.0012810750986100912
17.740000000000002,77.171111,0.001268120823942103
17.740000000000002,77.421111,0.0012553135140866585
17.740000000000002,77.671111,0.001242651311801412
17.740000000000002,77.921111,0.0012301324335779636
17.740000000000002,78.171111,0.001217755121618069
17.740000000000002,78.421111,0.00120551764118019
17.740000000000002,78.671111,0.0011934182801733519
17.740000000000002,78.921111,0.0011814553488439436
17.740000000000002,79.171111,0.0011696271794932366
17.740000000000002,79.421111,0.0011579321268041375
17.740000000000002,79.671111,0.001146368580407957
17.740000000000002,79.921111,0.0011349351714677507
17.740000000000002,80.171111,0.0011236333762688004
17.740000000000002,80.421111,0.0011124930025947178
17.740000000000002,80.671111,0.0011017643782712094
17.740000000000002,80.921111,0.0010930201626584027
17.740000000000002,81.171111,0.0010938860610009023
17.740000000000002,81.421111,0.0011333301767753213
17.740000000000002,81.671111,0.0013034512298852321
17.740000000000002,81.921111,0.001893581385366443
17.740000000000002,82.171111,0.003962798188379153
17.740000000000002,82.421111,0.011525801761559488
17.740000000000002,82.671111,0.032681337076833704
17.740000000000002,82.921111,0.0536098031653176
17.740000000000002,83.171111,0.03869384785930995
17.740000000000002,83.421111,0.01458124843752684
17.740000000000002,83.671111,0.004729514001892101
17.740000000000002,83.921111,0.002019073513984439
17.740000000000002,84.171111,0.0012600399120909597
17.740000000000002,84.421111,0.0010296642814878495
17.740000000000002,84.671111,0.0009585457745447094
17.740000000000002,84.921111,0.000934608271413028
17.740000000000002,85.171111,0.0009227023754351271
17.740000000000002,85.421111,0.0009133190245081142
17.740000000000002,85.671111,0.0009044209789630252
17.740000000000002,85.921111,0.0008956685696459057
17.740000000000002,86.171111,0.0008870168578244337
17.740000000000002,86.421111,0.0008784602694353897
17.740000000000002,86.671111,0.0008699973223552725
17.740000000000002,86.921111,0.0008616268790643106
17.740000000000002,87.171111,0.0008533478372631786
17.740000000000002,87.421111,0.000845159109729963
17.740000000000002,87.671111,0.000837059623119774
17.740000000000002,87.921111,0.0008290483177382911
17.740000000000002,88.171111,0.0008211241473570878
17.740000000000002,88.421111,0.0008132860790328126
17.740000000000002,88.671111,0.0008055330929289045
17.740000000000002,88.921111,0.0007978641821398361
17.740000000000002,89.171111,0.00079027835251782
17.740000000000002,89.421111,0.0007827746225019323
17.740000000000002,89.671111,0.000775352022949651
17.740000000000002,89.921111,0.0007680095969707379
17.740000000000002,90.171111,0.000760746399763457
17.740000000000002,90.421111,0.0007535614984530794
17.740000000000002,90.671111,0.0007464539719326511
17.740000000000002,90.921111,0.0007394229107059844
17.740000000000002,91.171111,0.0007324674167328434
17.740000000000002,91.421111,0.0007255866032762964
17.740000000000002,91.671111,0.000718779594752192
17.740000000000002,91.921111,0.0007120455265807336
17.740000000000002,92.171111,0.0007053835450401419
17.740000000000002,92.421111,0.0006987928071223239
17.740000000000002,92.671111,0.0006922724803905902
17.740000000000002,92.921111,0.0006858217428393199
17.740000000000002,93.171111,0.0006794397827555982
17.740000000000002,93.421111,0.0006731257985827701
17.740000000000002,93.671111,0.0006668789987858947
17.740000000000002,93.921111,0.0006606986017190627
17.740000000000002,94.171111,0.0006545838354945601
17.740000000000002,94.421111,0.000648533937853847
17.740000000000002,94.671111,0.0006425481560403189
17.740000000000002,94.921111,0.000636625746673848
17.740000000000002,95.171111,0.0006307659756270412
17.740000000000002,95.421111,0.0006249681179032246
17.740000000000002,95.671111,0.0006192314575161156
17.740000000000002,95.921111,0.0006135552873711532
17.740000000000002,96.171111,0.000607938909148472
17.740000000000002,96.421111,0.0006023816331874934
17.740000000000002,96.671111,0.000596882778373103
17.740000000000002,96.921111,0.0005914416720234153
17.740000000000002,97.171111,0.0005860576497790633
17.990000000000002,72.421111,0.0030483389289666005
17.990000000000002,72.671111,0.008982468731995505
17.990000000000002,72.921111,0.06207709466349236
17.990000000000002,73.171111,0.48399599254276227
17.990000000000002,73.421111,0.9058437166083264
17.990000000000002,73.671111,0.9540666333667691
17.990000000000002,73.921111,0.8553131324489261
17.990000000000002,74.171111,0.3164361293888588
17.990000000000002,74.421111,0.034075363172857524
17.990000000000002,74.671111,0.005885285434387184
17.990000000000002,74.921111,0.0023549567085336563
17.990000000000002,75.171111,0.0016342530135161335
17.990000000000002,75.421111,0.0014522057109855417
17.990000000000002,75.671111,0.0014010344499519234
17.990000000000002,75.921111,0.0013801531469274713
17.990000000000002,76.171111,0.0013651721165905237
17.990000000000002,76.421111,0.001351217413043261
17.990000000000002,76.671111,0.0013375232291489905
17.990000000000002,76.921111,0.0013239940988824066
17.990000000000002,77.171111,0.001310619132059928
17.990000000000002,77.421111,0.0012973957647656627
17.990000000000002,77.671111,0.0012843220961919418
17.990000000000002,77.921111,0.0012713962884971161
17.990000000000002,78.171111,0.0012586165296701462
17.990000000000002,78.421111,0.001245981031422954
17.990000000000002,78.671111,0.0012334880287977327
17.990000000000002,78.921111,0.0012211357798458877
17.990000000000002,79.171111,0.0012089225653512867
17.990000000000002,79.421111,0.0011968466895280522
17.990000000000002,79.671111,0.0011849065003470749
17.990000000000002,79.921111,0.0011731007210380984
17.990000000000002,80.171111,0.001161432626135931
17.990000000000002,80.421111,0.001149950920160081
17.990000000000002,80.671111,0.0011390580451542255
17.990000000000002,80.921111,0.001131279808003762
17.990000000000002,81.171111,0.0011389233300304637
17.990000000000002,81.421111,0.0012099106888712444
17.990000000000002,81.671111,0.0015113840819450783
17.990000000000002,81.921111,0.002712135248713161
17.990000000000002,82.171111,0.008554845775668521
17.990000000000002,82.421111,0.04399615991205789
17.990000000000002,82.671111,0.19429113757560995
17.990000000000002,82.921111,0.35092873413014347
17.990000000000002,83.171111,0.2423718214918258
17.990000000000002,83.421111,0.06373692554026164
17.990000000000002,83.671111,0.011609421343316285
17.990000000000002,83.921111,0.0031291222959560655
17.990000000000002,84.171111,0.0015143353300714653
17.990000000000002,84.421111,0.0011130743050723354
17.990000000000002,84.671111,0.0010014807192678338
17.990000000000002,84.921111,0.0009681555923564289
17.990000000000002,85.171111,0.0009542176378936079
17.990000000000002,85.421111,0.0009442745759748587
17.990000000000002,85.671111,0.0009350539526416248
17.990000000000002,85.921111,0.0009260114254710202
17.990000000000002,86.171111,0.0009170755651378195
17.990000000000002,86.421111,0.0009082380852748554
17.990000000000002,86.671111,0.0008994972556176596
17.990000000000002,86.921111,0.0008908518904680771
17.990000000000002,87.171111,0.0008823008524743292
17.990000000000002,87.421111,0.0008738430204259592
17.990000000000002,87.671111,0.000865477287436449
17.990000000000002,87.921111,0.0008572025606868127
17.990000000000002,88.171111,0.0008490177612347023
17.990000000000002,88.421111,0.0008409218238281885
17.990000000000002,88.671111,0.0008329136967222013
17.990000000000002,88.921111,0.0008249923414975396
17.990000000000002,89.171111,0.0008171567328824163
17.990000000000002,89.421111,0.0008094058585765235
17.990000000000002,89.671111,0.0008017387190775335
17.990000000000002,89.921111,0.0007941543275100496
17.990000000000002,90.171111,0.0007866517094569408
17.990000000000002,90.421111,0.0007792299027930414
17.990000000000002,90.671111,0.0007718879575211629
17.990000000000002,90.921111,0.000764624935610412
17.990000000000002,91.171111,0.0007574399108367537
17.990000000000002,91.421111,0.0007503319686258043
17.990000000000002,91.671111,0.0007433002058978164
17.990000000000002,91.921111,0.0007363437309148251
17.990000000000002,92.171111,0.0007294616631299196
17.990000000000002,92.421111,0.0007226531330386242
17.990000000000002,92.671111,0.0007159172820323295
17.990000000000002,92.921111,0.0007092532622537824
17.990000000000002,93.171111,0.0007026602364545713
17.990000000000002,93.421111,0.0006961373778545919
17.990000000000002,93.671111,0.0006896838700034753
17.990000000000002,93.921111,0.0006832989066439252
17.990000000000002,94.171111,0.0006769816915769646
17.990000000000002,94.421111,0.0006707314385290351
17.990000000000002,94.671111,0.0006645473710209499
17.990000000000002,94.921111,0.0006584287222386602
17.990000000000002,95.171111,0.0006523747349058049
17.990000000000002,95.421111,0.0006463846611580208
17.990000000000002,95.671111,0.0006404577624190077
17.990000000000002,95.921111,0.0006345933092782823
17.990000000000002,96.171111,0.0006287905813706363
17.990000000000002,96.421111,0.0006230488672572534
17.990000000000002,96.671111,0.0006173674643084645
17.990000000000002,96.921111,0.0006117456785881245
17.990000000000002,97.171111,0.000606182824739576
18.240000000000002,72.421111,0.0025738526131335922
18.240000000000002,72.671111,0.005433755969112483
18.240000000000002,72.921111,0.021340867077719743
18.240000000000002,73.171111,0.12312614749631222
18.240000000000002,73.421111,0.4241411877673312
18.240000000000002,73.671111,0.5675946148618255
18.240000000000002,73.921111,0.35860797928329285
18.240000000000002,74.171111,0.0856533359324266
18.240000000000002,74.421111,0.014809652754081906
18.240000000000002,74.671111,0.004152516527054274
18.240000000000002,74.921111,0.00213327740771085
18.240000000000002,75.171111,0.0016292541773683035
18.240000000000002,75.421111,0.0014894436353184348
18.240000000000002,75.671111,0.001446439284138909
18.240000000000002,75.921111,0.0014265971615978368
18.240000000000002,76.171111,0.0014113677227295457
18.240000000000002,76.421111,0.001396982083646321
18.240000000000002,76.671111,0.0013828405531680047
18.240000000000002,76.921111,0.0013688671186828094
18.240000000000002,77.171111,0.0013550526220944803
18.240000000000002,77.421111,0.00134139456975758
18.240000000000002,77.671111,0.0013278910101245378
18.240000000000002,77.921111,0.0013145400483608393
18.240000000000002,78.171111,0.0013013398158754133
18.240000000000002,78.421111,0.0012882884685078949
18.240000000000002,78.671111,0.0012753841861372997
18.240000000000002,78.921111,0.001262625172352132
18.240000000000002,79.171111,0.0012500096541733505
18.240000000000002,79.421111,0.0012375358829767426
18.240000000000002,79.671111,0.001225202159591427
18.240000000000002,79.921111,0.0012130072426817745
18.240000000000002,80.171111,0.001200955492628603
18.240000000000002,80.421111,0.0011891072246744345
18.240000000000002,80.671111,0.001177958507425948
18.240000000000002,80.921111,0.0011706225461092152
18.240000000000002,81.171111,0.0011823093657493144
18.240000000000002,81.421111,0.0012730334892030466
18.240000000000002,81.671111,0.0016624804128537534
18.240000000000002,81.921111,0.0033417832474608093
18.240000000000002,82.171111,0.013118377101606597
18.240000000000002,82.421111,0.08911629637173515
18.240000000000002,82.671111,0.4135009872178815
18.240000000000002,82.921111,0.648900222230006
18.240000000000002,83.171111,0.4977457066932549
18.240000000000002,83.421111,0.1358165100426892
18.240000000000002,83.671111,0.019044103177116998
18.240000000000002,83.921111,0.004022323012617899
18.240000000000002,84.171111,0.0016981966623619146
18.240000000000002,84.421111,0.001179114479962495
18.240000000000002,84.671111,0.001041641359433586
18.240000000000002,84.921111,0.001002363724253672
18.240000000000002,85.171111,0.0009870455363482616
18.240000000000002,85.421111,0.0009766318849736613
18.240000000000002,85.671111,0.0009670881107500356
18.240000000000002,85.921111,0.0009577437564522532
18.240000000000002,86.171111,0.000948511059442414
18.240000000000002,86.421111,0.0009393800473128618
18.240000000000002,86.671111,0.0009303488218570341
18.240000000000002,86.921111,0.000921416152802358
18.240000000000002,87.171111,0.0009125808664936396
18.240000000000002,87.421111,0.0009038418062548747
18.240000000000002,87.671111,0.0008951978301894024
18.240000000000002,87.921111,0.0008866478109026682
18.240000000000002,88.171111,0.0008781906353051913
18.240000000000002,88.421111,0.0008698252044207413
18.240000000000002,88.671111,0.0008615504331972511
18.240000000000002,88.921111,0.0008533652503203872
18.240000000000002,89.171111,0.0008452685980297353
18.240000000000002,89.421111,0.0008372594319375446
18.240000000000002,89.671111,0.0008293367208500299
18.240000000000002,89.921111,0.00082149944659115
18.240000000000002,90.171111,0.0008137466038288692
18.240000000000002,90.421111,0.0008060771999038328
18.240000000000002,90.671111,0.0007984902546604397
18.240000000000002,90.921111,0.0007909848002802723
18.240000000000002,91.171111,0.0007835598811178498
18.240000000000002,91.421111,0.0007762145535386698
18.240000000000002,91.671111,0.0007689478857595127
18.240000000000002,91.921111,0.0007617589576909576
18.240000000000002,92.171111,0.0007546468607821024
18.240000000000002,92.421111,0.0007476106978674421
18.240000000000002,92.671111,0.000740649583015867
18.240000000000002,92.921111,0.0007337626413817699
18.240000000000002,93.171111,0.0007269490090582182
18.240000000000002,93.421111,0.0007202078329321605
18.240000000000002,93.671111,0.0007135382705416467
18.240000000000002,93.921111,0.0007069394899350286
18.240000000000002,94.171111,0.0007004106695321023
18.240000000000002,94.421111,0.0006939509979871865
18.240000000000002,94.671111,0.0006875596740540894
18.240000000000002,94.921111,0.0006812359064529439
18.240000000000002,95.171111,0.0006749789137388913
18.240000000000002,95.421111,0.0006687879241725661
18.240000000000002,95.671111,0.0006626621755923821
18.240000000000002,95.921111,0.0006566009152885815
18.240000000000002,96.171111,0.0006506033998790088
18.240000000000002,96.421111,0.0006446688951866163
18.240000000000002,96.671111,0.0006387966761186426
18.240000000000002,96.921111,0.000632986026547463
18.240000000000002,97.171111,0.0006272362391930784
18.490000000000002,72.421111,0.0023332362673932202
18.490000000000002,72.671111,0.004012102129174901
18.490000000000002,72.921111,0.0112059156175963
18.490000000000002,73.171111,0.045717583557368414
18.490000000000002,73.421111,0.15623746516849374
18.490000000000002,73.671111,0.24615110487237934
18.490000000000002,73.921111,0.1572174160463841
18.490000000000002,74.171111,0.045666422245268554
18.490000000000002,74.421111,0.010904799108625834
18.490000000000002,74.671111,0.0037732309205144358
18.490000000000002,74.921111,0.002125099945130474
18.490000000000002,75.171111,0.0016714191376384353
18.490000000000002,75.421111,0.0015385180074135958
18.490000000000002,75.671111,0.001495787010866659
18.490000000000002,75.921111,0.001475445581858043
18.490000000000002,76.171111,0.001459710848815924
18.490000000000002,76.421111,0.0014448446050178338
18.490000000000002,76.671111,0.0014302326376156443
18.490000000000002,76.921111,0.0014157946746689897
18.490000000000002,77.171111,0.001401520851703585
18.490000000000002,77.421111,0.0013874085460273235
18.490000000000002,77.671111,0.0013734557402798292
18.490000000000002,77.921111,0.0013596604795011258
18.490000000000002,78.171111,0.0013460208360260057
18.490000000000002,78.421111,0.0013325349073829323
18.490000000000002,78.671111,0.0013192008158799736
18.490000000000002,78.921111,0.0013060167082645422
18.490000000000002,79.171111,0.0012929807554340794
18.490000000000002,79.421111,0.0012800911532816536
18.490000000000002,79.671111,0.0012673461464107075
18.490000000000002,79.921111,0.0012547444144110952
18.490000000000002,80.171111,0.0012422899376575178
18.490000000000002,80.421111,0.0012300396289052643
18.490000000000002,80.671111,0.0012184625934123625
18.490000000000002,80.921111,0.0012105028794138792
18.490000000000002,81.171111,0.001220523695188107
18.490000000000002,81.421111,0.0013048011945714546
18.490000000000002,81.671111,0.0016641208649564737
18.490000000000002,81.921111,0.003148768007441069
18.490000000000002,82.171111,0.010999775486666743
18.490000000000002,82.421111,0.06451009648982971
18.490000000000002,82.671111,0.29546795551958194
18.490000000000002,82.921111,0.5028795015779463
18.490000000000002,83.171111,0.3637195361251699
18.490000000000002,83.421111,0.09585854590737934
18.490000000000002,83.671111,0.015406578443755845
18.490000000000002,83.921111,0.0037058829935308676
18.490000000000002,84.171111,0.0016827358364120792
18.490000000000002,84.421111,0.001204402873649347
18.490000000000002,84.671111,0.0010744350923351674
18.490000000000002,84.921111,0.0010364711788093848
18.490000000000002,85.171111,0.0010211364852210322
18.490000000000002,85.421111,0.001010449546942146
18.490000000000002,85.671111,0.0010005946515906545
18.490000000000002,85.921111,0.0009909373882845318
18.490000000000002,86.171111,0.0009813946156441735
18.490000000000002,86.421111,0.0009719567937741047
18.490000000000002,86.671111,0.0009626220235307459
18.490000000000002,86.921111,0.000953389039047314
18.490000000000002,87.171111,0.0009442566293108201
18.490000000000002,87.421111,0.0009352236006403651
18.490000000000002,87.671111,0.0009262887745888238
18.490000000000002,87.921111,0.000917450987663914
18.490000000000002,88.171111,0.0009087090911254031
18.490000000000002,88.421111,0.0009000619507874478
18.490000000000002,88.671111,0.0008915084468237499
18.490000000000002,88.921111,0.0008830474735754663
18.490000000000002,89.171111,0.0008746779393617768
18.490000000000002,89.421111,0.0008663987662931306
18.490000000000002,89.671111,0.0008582088900870812
18.490000000000002,89.921111,0.0008501072598867064
18.490000000000002,90.171111,0.0008420928380815571
18.490000000000002,90.421111,0.0008341646001311162
18.490000000000002,90.671111,0.0008263215343907018
18.490000000000002,90.921111,0.0008185626419398201
18.490000000000002,91.171111,0.0008108869364128884
18.490000000000002,91.421111,0.0008032934438323372
18.490000000000002,91.671111,0.000795781202444019
18.490000000000002,91.921111,0.0007883492625549187
18.490000000000002,92.171111,0.0007809966863731099
18.490000000000002,92.421111,0.0007737225478499384
18.490000000000002,92.671111,0.0007665259325243896
18.490000000000002,92.921111,0.0007594059373696245
18.490000000000002,93.171111,0.0007523616706416664
18.490000000000002,93.421111,0.0007453922517301995
18.490000000000002,93.671111,0.0007384968110113946
18.490000000000002,93.921111,0.0007316744897027696
18.490000000000002,94.171111,0.0007249244397200544
18.490000000000002,94.421111,0.0007182458235360496
18.490000000000002,94.671111,0.0007116378140414613
18.490000000000002,94.921111,0.0007050995944076466
18.490000000000002,95.171111,0.000698630357951255
18.490000000000002,95.421111,0.000692229308000732
18.490000000000002,95.671111,0.0006858956577646697
18.490000000000002,95.921111,0.0006796286302019702
18.490000000000002,96.171111,0.0006734274578938013
18.490000000000002,96.421111,0.0006672913829173169
18.490000000000002,96.671111,0.0006612196567211144
18.490000000000002,96.921111,0.000655211540002408
18.490000000000002,97.171111,0.0006492663025858943
18.740000000000002,72.421111,0.002400355306371281
18.740000000000002,72.671111,0.004193047387774893
18.740000000000002,72.921111,0.012540953145932041
18.740000000000002,73.171111,0.059412505041672725
18.740000000000002,73.421111,0.23736551134181005
18.740000000000002,73.671111,0.4068387533572942
18.740000000000002,73.921111,0.2967336412129165
18.740000000000002,74.171111,0.08787711733831316
18.740000000000002,74.421111,0.017424459878760373
18.740000000000002,74.671111,0.004903574838407354
18.740000000000002,74.921111,0.0024137656114506657
18.740000000000002,75.171111,0.0017821126949623192
18.740000000000002,75.421111,0.0016040297750009955
18.740000000000002,75.671111,0.0015499695072477885
18.740000000000002,75.921111,0.0015269183326934662
18.740000000000002,76.171111,0.0015103231475040797
18.740000000000002,76.421111,0.0014949143953771114
18.740000000000002,76.671111,0.0014798068512282992
18.740000000000002,76.921111,0.0014648830464213526
18.740000000000002,77.171111,0.0014501290921765369
18.740000000000002,77.421111,0.0014355419713768117
18.740000000000002,77.671111,0.0014211195817537424
18.740000000000002,77.921111,0.0014068599047854704
18.740000000000002,78.171111,0.0013927609511115264
18.740000000000002,78.421111,0.001378820757391283
18.740000000000002,78.671111,0.0013650373858366692
18.740000000000002,78.921111,0.001351408923859889
18.740000000000002,79.171111,0.0013379334837615683
18.740000000000002,79.421111,0.001324609203244846
18.740000000000002,79.671111,0.0013114342625439844
18.740000000000002,79.921111,0.0012984071649373844
18.740000000000002,80.171111,0.0012855302714493543
18.740000000000002,80.421111,0.0012728444030388987
18.740000000000002,80.671111,0.0012606897954874892
18.740000000000002,80.921111,0.0012512028220107677
18.740000000000002,81.171111,0.0012547597394495786
18.740000000000002,81.421111,0.0013111105787124032
18.740000000000002,81.671111,0.0015507106554224297
18.740000000000002,81.921111,0.0024197237120540923
18.740000000000002,82.171111,0.005818385039137488
18.740000000000002,82.421111,0.02057495304077575
18.740000000000002,82.671111,0.06923964743975317
18.740000000000002,82.921111,0.12097757046398605
18.740000000000002,83.171111,0.08418179492914649
18.740000000000002,83.421111,0.027315390364537565
18.740000000000002,83.671111,0.0072550878225851574
18.740000000000002,83.921111,0.002650622722129099
18.740000000000002,84.171111,0.0015179037755469185
18.740000000000002,84.421111,0.0011967641282934274
18.740000000000002,84.671111,0.0011013759278787367
18.740000000000002,84.921111,0.001070808545799458
18.740000000000002,85.171111,0.0010566056867153267
18.740000000000002,85.421111,0.0010458094272912319
18.740000000000002,85.671111,0.0010356507671147998
18.740000000000002,85.921111,0.0010256684351839093
18.740000000000002,86.171111,0.001015801632162387
18.740000000000002,86.421111,0.0010060430420984615
18.740000000000002,86.671111,0.000996390905831788
18.740000000000002,86.921111,0.0009868439291715267
18.740000000000002,87.171111,0.0009774008625337057
18.740000000000002,87.421111,0.0009680604736130022
18.740000000000002,87.671111,0.0009588215457953388
18.740000000000002,87.921111,0.0009496828778933952
18.740000000000002,88.171111,0.0009406432839382958
18.740000000000002,88.421111,0.0009317015929758849
18.740000000000002,88.671111,0.000922856648865897
18.740000000000002,88.921111,0.0009141073100839373
18.740000000000002,89.171111,0.0009054524495262227
18.740000000000002,89.421111,0.0008968909543170718
18.740000000000002,89.671111,0.0008884217256190526
18.740000000000002,89.921111,0.0008800436784458112
18.740000000000002,90.171111,0.0008717557414774851
18.740000000000002,90.421111,0.0008635568568787133
18.740000000000002,90.671111,0.0008554459801191676
18.740000000000002,90.921111,0.0008474220797965879
18.740000000000002,91.171111,0.0008394841374622945
18.740000000000002,91.421111,0.0008316311474491415
18.740000000000002,91.671111,0.0008238621167018977
18.740000000000002,91.921111,0.000816176064610004
18.740000000000002,92.171111,0.00080857202284252
18.740000000000002,92.421111,0.0008010490351850459
18.740000000000002,92.671111,0.0007936061573787196
18.740000000000002,92.921111,0.0007862424569619664
18.740000000000002,93.171111,0.0007789570131154456
18.740000000000002,93.421111,0.0007717489165093816
18.740000000000002,93.671111,0.0007646172691518602
18.740000000000002,93.921111,0.00075756118423803
18.740000000000002,94.171111,0.0007505797860015222
18.740000000000002,94.421111,0.0007436722095689278
18.740000000000002,94.671111,0.0007368376008168299
18.740000000000002,94.921111,0.000730075116230666
18.740000000000002,95.171111,0.0007233839227652183
18.740000000000002,95.421111,0.0007167631977068919
18.740000000000002,95.671111,0.0007102121285378995
18.740000000000002,95.921111,0.0007037299128023521
18.740000000000002,96.171111,0.0006973157579742101
18.740000000000002,96.421111,0.0006909688813270715
18.740000000000002,96.671111,0.0006846885098057331
18.740000000000002,96.921111,0.0006784738798995384
18.740000000000002,97.171111,0.0006723242375174523
18.990000000000002,72.421111,0.00266821568901366
18.990000000000002,72.671111,0.00539437354565357
18.990000000000002,72.921111,0.021819974582522866
18.990000000000002,73.171111,0.15273807509866852
18.990000000000002,73.421111,0.6015000238940181
18.990000000000002,73.671111,0.8213932831968102
18.990000000000002,73.921111,0.7247830192833712
18.990000000000002,74.171111,0.2826649119892652
18.990000000000002,74.421111,0.04062787998496036
18.990000000000002,74.671111,0.007587499524845597
18.990000000000002,74.921111,0.0029187130388138474
18.990000000000002,75.171111,0.0019347392663975592
18.990000000000002,75.421111,0.0016796731973739052
18.990000000000002,75.671111,0.001607884078243605
18.990000000000002,75.921111,0.001580947581565093
18.990000000000002,76.171111,0.0015632980128239336
18.990000000000002,76.421111,0.001547303870185896
18.990000000000002,76.671111,0.0015316765021788237
18.990000000000002,76.921111,0.0015162446240804721
18.990000000000002,77.171111,0.0015009886824197333
18.990000000000002,77.421111,0.0014859051356954768
18.990000000000002,77.671111,0.0014709917861447377
18.990000000000002,77.921111,0.001456246548554447
18.990000000000002,78.171111,0.0014416673691383748
18.990000000000002,78.421111,0.0014272522210041936
18.990000000000002,78.671111,0.0014129991036187838
18.990000000000002,78.921111,0.0013989060424430073
18.990000000000002,79.171111,0.0013849710885947468
18.990000000000002,79.421111,0.0013711923189750788
18.990000000000002,79.671111,0.0013575678456658024
18.990000000000002,79.921111,0.0013440959722696862
18.990000000000002,80.171111,0.0013307771657635886
18.990000000000002,80.421111,0.0013176333608180327
18.990000000000002,80.671111,0.0013048535262371128
18.990000000000002,80.921111,0.0012936276055260417
18.990000000000002,81.171111,0.0012897089989315693
18.990000000000002,81.421111,0.0013146031677926733
18.990000000000002,81.671111,0.0014325346913122866
18.990000000000002,81.921111,0.001812638451902998
18.990000000000002,82.171111,0.0028975034471516274
18.990000000000002,82.421111,0.005727340687901706
18.990000000000002,82.671111,0.011208520015994749
18.990000000000002,82.921111,0.015477616406585256
18.990000000000002,83.171111,0.012433819797669266
18.990000000000002,83.421111,0.0065715449698757365
18.990000000000002,83.671111,0.003177620861352443
18.990000000000002,83.921111,0.0018363934311811721
18.990000000000002,84.171111,0.001353549336041272
18.990000000000002,84.421111,0.0011854457720373148
18.990000000000002,84.671111,0.0011284801418153115
18.990000000000002,84.921111,0.0011065276661896843
18.990000000000002,85.171111,0.001093693840449163
18.990000000000002,85.421111,0.0010828122416403276
18.990000000000002,85.671111,0.0010723394609085562
18.990000000000002,85.921111,0.001062017525666044
18.990000000000002,86.171111,0.0010518118859560368
18.990000000000002,86.421111,0.0010417178436575424
18.990000000000002,86.671111,0.0010317338092872526
18.990000000000002,86.921111,0.0010218584605445273
18.990000000000002,87.171111,0.001012090507633048
18.990000000000002,87.421111,0.001002428677908751
18.990000000000002,87.671111,0.0009928717148934662
18.990000000000002,87.921111,0.0009834183780282196
18.990000000000002,88.171111,0.0009740674424592583
18.990000000000002,88.421111,0.0009648176988280165
18.990000000000002,88.671111,0.0009556679530640204
18.990000000000002,88.921111,0.0009466170261807047
18.990000000000002,89.171111,0.0009376637540740792
18.990000000000002,89.421111,0.0009288069873241907
18.990000000000002,89.671111,0.0009200455909993758
18.990000000000002,89.921111,0.0009113784444632278
18.990000000000002,90.171111,0.0009028044411842598
18.990000000000002,90.421111,0.0008943224885482214
18.990000000000002,90.671111,0.0008859315076730332
18.990000000000002,90.921111,0.0008776304332263557
18.990000000000002,91.171111,0.0008694182132459221
18.990000000000002,91.421111,0.000861293808963126
18.990000000000002,91.671111,0.000853256194630491
18.990000000000002,91.921111,0.0008453043573519996
18.990000000000002,92.171111,0.000837437296910759
18.990000000000002,92.421111,0.000829654025586398
18.990000000000002,92.671111,0.0008219535679677655
18.990000000000002,92.921111,0.0008143349607884408
18.990000000000002,93.171111,0.0008067972528042113
18.990000000000002,93.421111,0.0007993395046813663
18.990000000000002,93.671111,0.0007919607888414823
18.990000000000002,93.921111,0.0007846601892610623
18.990000000000002,94.171111,0.0007774368012795286
18.990000000000002,94.421111,0.0007702897314488537
18.990000000000002,94.671111,0.0007632180974071708
18.990000000000002,94.921111,0.000756221027748144
18.990000000000002,95.171111,0.0007492976618795967
18.990000000000002,95.421111,0.0007424471498786858
18.990000000000002,95.671111,0.0007356686523493566
18.990000000000002,95.921111,0.0007289613402831447
18.990000000000002,96.171111,0.0007223243949226663
18.990000000000002,96.421111,0.0007157570076272104
18.990000000000002,96.671111,0.000709258379740258
18.990000000000002,96.921111,0.0007028277224588178
18.990000000000002,97.171111,0.0006964642567045528
19.240000000000002,72.421111,0.002892719343533915
19.240000000000002,72.671111,0.0064017305647913894
19.240000000000002,72.921111,0.030970593488919194
19.240000000000002,73.171111,0.2558412626477982
19.240000000000002,73.421111,0.7958741582640348
19.240000000000002,73.671111,0.9340111296283937
19.240000000000002,73.921111,0.8846162360509112
19.240000000000002,74.171111,0.4712500383257786
19.240000000000002,74.421111,0.06558489625755884
19.240000000000002,74.671111,0.009822976880302444
19.240000000000002,74.921111,0.0032931278765510586
19.240000000000002,75.171111,0.0020563794980379153
19.240000000000002,75.421111,0.0017502164144154243
19.240000000000002,75.671111,0.0016668522930069131
19.240000000000002,75.921111,0.0016372387618523215
19.240000000000002,76.171111,0.0016187077670311379
19.240000000000002,76.421111,0.0016021294341012611
19.240000000000002,76.671111,0.001585961265640965
19.240000000000002,76.921111,0.0015699982921728419
19.240000000000002,77.171111,0.0015542174070360423
19.240000000000002,77.421111,0.0015386147155140883
19.240000000000002,77.671111,0.0015231879327161817
19.240000000000002,77.921111,0.0015079349044305763
19.240000000000002,78.171111,0.0014928535096192022
19.240000000000002,78.421111,0.0014779416550246148
19.240000000000002,78.671111,0.0014631972745893377
19.240000000000002,78.921111,0.0014486183290781168
19.240000000000002,79.171111,0.001434202805719427
19.240000000000002,79.421111,0.0014199487180486167
19.240000000000002,79.671111,0.001405854109726203
19.240000000000002,79.921111,0.0013919171213162683
19.240000000000002,80.171111,0.0013781368349265152
19.240000000000002,80.421111,0.0013645215449755682
19.240000000000002,80.671111,0.0013511511207045049
19.240000000000002,80.921111,0.0013385339961540744
19.240000000000002,81.171111,0.0013291240522156998
19.240000000000002,81.421111,0.001331941613611864
19.240000000000002,81.671111,0.001372177536826055
19.240000000000002,81.921111,0.0015038216180922395
19.240000000000002,82.171111,0.0018156497573330755
19.240000000000002,82.421111,0.0023945510241371237
19.240000000000002,82.671111,0.003147985608935324
19.240000000000002,82.921111,0.003581876309727415
19.240000000000002,83.171111,0.0032498077960044927
19.240000000000002,83.421111,0.0024777440093052753
19.240000000000002,83.671111,0.0018225344512278452
19.240000000000002,83.921111,0.0014440588353248616
19.240000000000002,84.171111,0.0012655372824485075
19.240000000000002,84.421111,0.001191156421094999
19.240000000000002,84.671111,0.0011605032760520898
19.240000000000002,84.921111,0.0011445802826611
19.240000000000002,85.171111,0.0011326168408513251
19.240000000000002,85.421111,0.0011215599761889522
19.240000000000002,85.671111,0.001110748134951849
19.240000000000002,85.921111,0.0011000699512453394
19.240000000000002,86.171111,0.0010895097990277242
19.240000000000002,86.421111,0.001079064855221495
19.240000000000002,86.671111,0.0010687336392260095
19.240000000000002,86.921111,0.0010585147950856978
19.240000000000002,87.171111,0.0010484069907824353
19.240000000000002,87.421111,0.0010384089115223598
19.240000000000002,87.671111,0.0010285192591810714
19.240000000000002,87.921111,0.001018736752067679
19.240000000000002,88.171111,0.001009060124704671
19.240000000000002,88.421111,0.000999488127611288
19.240000000000002,88.671111,0.000990019527089913
19.240000000000002,88.921111,0.0009806531050154423
19.240000000000002,89.171111,0.0009713876586276128
19.240000000000002,89.421111,0.0009622220003262057
19.240000000000002,89.671111,0.0009531549574691148
19.240000000000002,89.921111,0.0009441853721732247
19.240000000000002,90.171111,0.0009353121011180668
19.240000000000002,90.421111,0.0009265340153522349
19.240000000000002,90.671111,0.0009178500001027535
19.240000000000002,90.921111,0.0009092589545886477
19.240000000000002,91.171111,0.0009007597918442744
19.240000000000002,91.421111,0.0008923514385678195
19.240000000000002,91.671111,0.0008840328350148208
19.240000000000002,91.921111,0.000875802934907997
19.240000000000002,92.171111,0.0008676607051956043
19.240000000000002,92.421111,0.000859605125431481
19.240000000000002,92.671111,0.0008516351869445946
19.240000000000002,92.921111,0.0008437498926310012
19.240000000000002,93.171111,0.0008359482579486459
19.240000000000002,93.421111,0.0008282293121739235
19.240000000000002,93.671111,0.0008205920982789111
19.240000000000002,93.921111,0.0008130356713814346
19.240000000000002,94.171111,0.0008055590973845679
19.240000000000002,94.421111,0.0007981614528139413
19.240000000000002,94.671111,0.0007908418253186392
19.240000000000002,94.921111,0.0007835993139849529
19.240000000000002,95.171111,0.0007764330292663652
19.240000000000002,95.421111,0.0007693420927511593
19.240000000000002,95.671111,0.0007623256369419839
19.240000000000002,95.921111,0.0007553828050802903
19.240000000000002,96.171111,0.0007485127509962444
19.240000000000002,96.421111,0.0007417146389681225
19.240000000000002,96.671111,0.0007349876435852853
19.240000000000002,96.921111,0.0007283309496133067
19.240000000000002,97.171111,0.0007217437518609797
19.490000000000002,72.421111,0.002863713531262325
19.490000000000002,72.671111,0.005826905889123878
19.490000000000002,72.921111,0.02399945247217729
19.490000000000002,73.171111,0.17135040654068953
19.490000000000002,73.421111,0.6463197590200206
19.490000000000002,73.671111,0.8534644778499624
19.490000000000002,73.921111,0.7710986440982305
19.490000000000002,74.171111,0.32836581714006924
19.490000000000002,74.421111,0.04754643018750496
19.490000000000002,74.671111,0.008531838238432099
19.490000000000002,74.921111,0.0031910033025144575
19.490000000000002,75.171111,0.0020876750776350783
19.490000000000002,75.421111,0.0018041471827040503
19.490000000000002,75.671111,0.001724920939126321
19.490000000000002,75.921111,0.001695612875106067
19.490000000000002,76.171111,0.0016766448457989846
19.490000000000002,76.421111,0.001659515779234105
19.490000000000002,76.671111,0.0016427878897012013
19.490000000000002,76.921111,0.0016262698543230989
19.490000000000002,77.171111,0.0016099399002900475
19.490000000000002,77.421111,0.001593794173490953
19.490000000000002,77.671111,0.0015778303242433107
19.490000000000002,77.921111,0.001562046127594085
19.490000000000002,78.171111,0.0015464393923145638
19.490000000000002,78.421111,0.0015310079558304862
19.490000000000002,78.671111,0.0015157496836432649
19.490000000000002,78.921111,0.0015006624689409063
19.490000000000002,79.171111,0.001485744232222872
19.490000000000002,79.421111,0.0014709929209949775
19.490000000000002,79.671111,0.00145640651077586
19.490000000000002,79.921111,0.0014419830268230336
19.490000000000002,80.171111,0.0014277208218088611
19.490000000000002,80.421111,0.0014136212969987196
19.490000000000002,80.671111,0.0013997094210768794
19.490000000000002,80.921111,0.0013861511461058134
19.490000000000002,81.171111,0.0013737510374413906
19.490000000000002,81.421111,0.0013654458011217044
19.490000000000002,81.671111,0.001369171557409528
19.490000000000002,81.921111,0.001400159595768598
19.490000000000002,82.171111,0.0014765977421647043
19.490000000000002,82.421111,0.0016015827895666966
19.490000000000002,82.671111,0.0017354867468308299
19.490000000000002,82.921111,0.0017962211055714858
19.490000000000002,83.171111,0.0017298921690763866
19.490000000000002,83.421111,0.0015763879189370118
19.490000000000002,83.671111,0.001420299336907545
19.490000000000002,83.921111,0.0013103121211533288
19.490000000000002,84.171111,0.00124820570197775
19.490000000000002,84.421111,0.001216326569286509
19.490000000000002,84.671111,0.001198332215439102
19.490000000000002,84.921111,0.0011852186874235573
19.490000000000002,85.171111,0.001173491304384914
19.490000000000002,85.421111,0.0011621472973763081
19.490000000000002,85.671111,0.0011509680446899597
19.490000000000002,85.921111,0.001139915897887738
19.490000000000002,86.171111,0.0011289847271790307
19.490000000000002,86.421111,0.001118172628835855
19.490000000000002,86.671111,0.0011074781533230887
19.490000000000002,86.921111,0.0010968999043302606
19.490000000000002,87.171111,0.0010864365054637777
19.490000000000002,87.421111,0.0010760865978764684
19.490000000000002,87.671111,0.0010658488399261823
19.490000000000002,87.921111,0.0010557219069415808
19.490000000000002,88.171111,0.0010457044909952943
19.490000000000002,88.421111,0.0010357953006804143
19.490000000000002,88.671111,0.0010259930608900669
19.490000000000002,88.921111,0.0010162965126000898
19.490000000000002,89.171111,0.0010067044126547233
19.490000000000002,89.421111,0.0009972155335552977
19.490000000000002,89.671111,0.0009878286632518463
19.490000000000002,89.921111,0.0009785426049376386
19.490000000000002,90.171111,0.0009693561768466394
19.490000000000002,90.421111,0.0009602682120544687
19.490000000000002,90.671111,0.0009512775582880095
19.490000000000002,90.921111,0.0009423830777739802
19.490000000000002,91.171111,0.0009335836472557724
19.490000000000002,91.421111,0.0009248781585371335
19.490000000000002,91.671111,0.0009162655200150659
19.490000000000002,91.921111,0.0009077446585351439
19.490000000000002,92.171111,0.0008993145176767608
19.490000000000002,92.421111,0.0008909740472034058
19.490000000000002,92.671111,0.0008827221875729276
19.490000000000002,92.921111,0.0008745578688416571
19.490000000000002,93.171111,0.0008664800374369166
19.490000000000002,93.421111,0.0008584876889558308
19.490000000000002,93.671111,0.0008505798688990999
19.490000000000002,93.921111,0.0008427556402272688
19.490000000000002,94.171111,0.0008350140552635478
19.490000000000002,94.421111,0.000827354155351132
19.490000000000002,94.671111,0.0008197749858676462
19.490000000000002,94.921111,0.0008122756068490754
19.490000000000002,95.171111,0.0008048550946597262
19.490000000000002,95.421111,0.0007975125398478768
19.490000000000002,95.671111,0.000790247045233665
19.490000000000002,95.921111,0.0007830577249949039
19.490000000000002,96.171111,0.0007759437043004259
19.490000000000002,96.421111,0.0007689041191208125
19.490000000000002,96.671111,0.0007619381160800538
19.490000000000002,96.921111,0.0007550448523154966
19.490000000000002,97.171111,0.0007482234953404809
19.740000000000002,72.421111,0.002637485138880595
19.740000000000002,72.671111,0.004300011584890528
19.740000000000002,72.921111,0.011480895858994181
19.740000000000002,73.171111,0.048120782475967086
19.740000000000002,73.421111,0.18553974807927417
19.740000000000002,73.671111,0.33636929724910974
19.740000000000002,73.921111,0.2570777357769664
19.740000000000002,74.171111,0.08315005619483211
19.740000000000002,74.421111,0.018287038367375507
19.740000000000002,74.671111,0.005467205329302142
19.740000000000002,74.921111,0.0027555639997260766
19.740000000000002,75.171111,0.002047484375715511
19.740000000000002,75.421111,0.0018448604842171822
19.740000000000002,75.671111,0.0017828029841635263
19.740000000000002,75.921111,0.0017562947599125361
19.740000000000002,76.171111,0.001737256821570919
19.740000000000002,76.421111,0.0017195996494973203
19.740000000000002,76.671111,0.0017022908879998355
19.740000000000002,76.921111,0.001685192482736485
19.740000000000002,77.171111,0.0016682880768438702
19.740000000000002,77.421111,0.0016515741845370639
19.740000000000002,77.671111,0.0016350484092694205
19.740000000000002,77.921111,0.0016187084532367122
19.740000000000002,78.171111,0.0016025520519235446
19.740000000000002,78.421111,0.0015865769703401675
19.740000000000002,78.671111,0.001570781002485127
19.740000000000002,78.921111,0.0015551619709458196
19.740000000000002,79.171111,0.0015397177265095336
19.740000000000002,79.421111,0.0015244461477964375
19.740000000000002,79.671111,0.001509345141228088
19.740000000000002,79.921111,0.0014944126462355795
19.740000000000002,80.171111,0.0014796467051482525
19.740000000000002,80.421111,0.00146504615054672
19.740000000000002,80.671111,0.001450615789966177
19.740000000000002,80.921111,0.0014363960722433237
19.740000000000002,81.171111,0.0014225887070439698
19.740000000000002,81.421111,0.0014099317010531627
19.740000000000002,81.671111,0.0014003984993261017
19.740000000000002,81.921111,0.001397625475942343
19.740000000000002,82.171111,0.0014053784670997288
19.740000000000002,82.421111,0.001422906311336297
19.740000000000002,82.671111,0.0014403341519580492
19.740000000000002,82.921111,0.0014417605713892903
19.740000000000002,83.171111,0.001418070063634822
19.740000000000002,83.421111,0.0013760980965913901
19.740000000000002,83.671111,0.0013316946359767663
19.740000000000002,83.921111,0.0012961978605586096
19.740000000000002,84.171111,0.0012715570947587622
19.740000000000002,84.421111,0.0012543162596882445
19.740000000000002,84.671111,0.0012406342523578408
19.740000000000002,84.921111,0.0012282810295857704
19.740000000000002,85.171111,0.001216376669049519
19.740000000000002,85.421111,0.0012046668229317352
19.740000000000002,85.671111,0.0011930950857578064
19.740000000000002,85.921111,0.0011816507964611256
19.740000000000002,86.171111,0.001170331274422804
19.740000000000002,86.421111,0.0011591349214977928
19.740000000000002,86.671111,0.0011480602685021643
19.740000000000002,86.921111,0.001137105873679417
19.740000000000002,87.171111,0.0011262703140949867
19.740000000000002,87.421111,0.001115552184852807
19.740000000000002,87.671111,0.0011049500988273037
19.740000000000002,87.921111,0.0010944626864250163
19.740000000000002,88.171111,0.0010840885953505772
19.740000000000002,88.421111,0.0010738264903760008
19.740000000000002,88.671111,0.0010636750531131673
19.740000000000002,88.921111,0.0010536329817895016
19.740000000000002,89.171111,0.0010436989910267544
19.740000000000002,89.421111,0.0010338718116228668
19.740000000000002,89.671111,0.0010241501903368844
19.740000000000002,89.921111,0.0010145328896769327
19.740000000000002,90.171111,0.0010050186876923292
19.740000000000002,90.421111,0.0009956063777812126
19.740000000000002,90.671111,0.0009862947686050455
19.740000000000002,90.921111,0.0009770826846523272
19.740000000000002,91.171111,0.000967968969755855
19.740000000000002,91.421111,0.000958952499956592
19.740000000000002,91.671111,0.0009500322139571744
19.740000000000002,91.921111,0.0009412071492805593
19.740000000000002,92.171111,0.000932476414751318
19.740000000000002,92.421111,0.0009238390054462694
19.740000000000002,92.671111,0.0009152935295322237
19.740000000000002,92.921111,0.0009068381916259061
19.740000000000002,93.171111,0.0008984712728976307
19.740000000000002,93.421111,0.0008901917185963659
19.740000000000002,93.671111,0.0008819991539620517
19.740000000000002,93.921111,0.0008738933086534034
19.740000000000002,94.171111,0.0008658735185936885
19.740000000000002,94.421111,0.000857938722529949
19.740000000000002,94.671111,0.0008500877323244089
19.740000000000002,94.921111,0.0008423194249536406
19.740000000000002,95.171111,0.0008346327748570678
19.740000000000002,95.421111,0.0008270268182528335
19.740000000000002,95.671111,0.0008195006215564798
19.740000000000002,95.921111,0.0008120532675547146
19.740000000000002,96.171111,0.0008046838513056085
19.740000000000002,96.421111,0.0007973914791674986
19.740000000000002,96.671111,0.0007901752685247398
19.740000000000002,96.921111,0.0007830343476286421
19.740000000000002,97.171111,0.0007759678554542865
19.990000000000002,72.421111,0.0024154600401871873
19.990000000000002,72.671111,0.003118177243498363
19.990000000000002,72.921111,0.0052411980287748496
19.990000000000002,73.171111,0.011336126702982254
19.990000000000002,73.421111,0.024788109114904578
19.990000000000002,73.671111,0.037269085725830625
19.990000000000002,73.921111,0.030489607971861423
19.990000000000002,74.171111,0.015119742684042146
19.990000000000002,74.421111,0.0065396503306011785
19.990000000000002,74.671111,0.003411043803902631
19.990000000000002,74.921111,0.002356937542981936
19.990000000000002,75.171111,0.0020028392457274793
19.990000000000002,75.421111,0.0018858465963098683
19.990000000000002,75.671111,0.0018430658655528233
19.990000000000002,75.921111,0.0018197941624097783
19.990000000000002,76.171111,0.0018007325948849531
19.990000000000002,76.421111,0.0017825289439592365
19.990000000000002,76.671111,0.0017646129022627413
19.990000000000002,76.921111,0.0017469071747268328
19.990000000000002,77.171111,0.001729401590182676
19.990000000000002,77.421111,0.0017120930904091032
19.990000000000002,77.671111,0.0016949792326210553
19.990000000000002,77.921111,0.001678057643028924
19.990000000000002,78.171111,0.0016613259805433717
19.990000000000002,78.421111,0.0016447819345046816
19.990000000000002,78.671111,0.0016284232241939357
19.990000000000002,78.921111,0.0016122475984229213
19.990000000000002,79.171111,0.0015962528351323136
19.990000000000002,79.421111,0.001580436740998753
19.990000000000002,79.671111,0.001564797151111565
19.990000000000002,79.921111,0.0015493319296707893
19.990000000000002,80.171111,0.0015340389832414984
19.990000000000002,80.421111,0.0015189163938392886
19.990000000000002,80.671111,0.0015039634247948927
19.990000000000002,80.921111,0.0014891862775017134
19.990000000000002,81.171111,0.001474622463360852
19.990000000000002,81.421111,0.0014604134668423996
19.990000000000002,81.671111,0.00144693914898822
19.990000000000002,81.921111,0.0014348931589468017
19.990000000000002,82.171111,0.0014249649501125862
19.990000000000002,82.421111,0.0014169392013864488
19.990000000000002,82.671111,0.0014089149825079455
19.990000000000002,82.921111,0.0013980208370775273
19.990000000000002,83.171111,0.00138267319514381
19.990000000000002,83.421111,0.0013640626450722821
19.990000000000002,83.671111,0.0013450227901686265
19.990000000000002,83.921111,0.0013276988572158113
19.990000000000002,84.171111,0.0013125324347825697
19.990000000000002,84.421111,0.0012988992406833056
19.990000000000002,84.671111,0.0012860667927005734
19.990000000000002,84.921111,0.0012736032784839031
19.990000000000002,85.171111,0.0012613368158418015
19.990000000000002,85.421111,0.001249216743429523
19.990000000000002,85.671111,0.0012372308230192367
19.990000000000002,85.921111,0.0012253757111391613
19.990000000000002,86.171111,0.0012136496294752434
19.990000000000002,86.421111,0.0012020510257754876
19.990000000000002,86.671111,0.0011905783885584529
19.990000000000002,86.921111,0.0011792302271947355
19.990000000000002,87.171111,0.0011680050700290877
19.990000000000002,87.421111,0.0011569014640237442
19.990000000000002,87.671111,0.0011459179745046402
19.990000000000002,87.921111,0.0011350531849162095
19.990000000000002,88.171111,0.0011243056965797743
19.990000000000002,88.421111,0.0011136741284553343
19.990000000000002,88.671111,0.0011031571169066528
19.990000000000002,88.921111,0.001092753315469618
19.990000000000002,89.171111,0.0010824613946238248
19.990000000000002,89.421111,0.001072280041567336
19.990000000000002,89.671111,0.0010622079599946327
19.990000000000002,89.921111,0.0010522438698788354
19.990000000000002,90.171111,0.0010423865072730547
19.990000000000002,90.421111,0.001032634624287693
19.990000000000002,90.671111,0.0010229869904939968
19.990000000000002,90.921111,0.0010134424031795772
19.990000000000002,91.171111,0.0010039997379997757
19.990000000000002,91.421111,0.0009946581275436777
19.990000000000002,91.671111,0.000985417380662896
19.990000000000002,91.921111,0.0009762784799009014
19.990000000000002,92.171111,0.000967243207261523
19.990000000000002,92.421111,0.0009583116134267471
19.990000000000002,92.671111,0.0009494782802471494
19.990000000000002,92.921111,0.0009407320943042609
19.990000000000002,93.171111,0.0009320628216910987
19.990000000000002,93.421111,0.000923469154976623
19.990000000000002,93.671111,0.000914958933746407
19.990000000000002,93.921111,0.000906541265948924
19.990000000000002,94.171111,0.000898219709751219
19.990000000000002,94.421111,0.0008899922289066638
19.990000000000002,94.671111,0.00088185489531367
19.990000000000002,94.921111,0.0008738045195106918
19.990000000000002,95.171111,0.0008658390955266396
19.990000000000002,95.421111,0.0008579573143415569
19.990000000000002,95.671111,0.000850158133480469
19.990000000000002,95.921111,0.00084244058964843
19.990000000000002,96.171111,0.0008348037444979005
19.990000000000002,96.421111,0.0008272466732038874
19.990000000000002,96.671111,0.0008197684625539776
19.990000000000002,96.921111,0.0008123682105900399
19.990000000000002,97.171111,0.0008050450264424094
20.240000000000002,72.421111,0.002304523222463953
20.240000000000002,72.671111,0.002542455009380616
20.240000000000002,72.921111,0.0031250197055213277
20.240000000000002,73.171111,0.00426239702185046
20.240000000000002,73.421111,0.005855147609572769
20.240000000000002,73.671111,0.006903550681377629
20.240000000000002,73.921111,0.006307296498074271
20.240000000000002,74.171111,0.004685064748014092
20.240000000000002,74.421111,0.0032997575397160197
20.240000000000002,74.671111,0.0025129728329278136
20.240000000000002,74.921111,0.002147670849841024
20.240000000000002,75.171111,0.001997454731110403
20.240000000000002,75.421111,0.0019372892522226096
20.240000000000002,75.671111,0.0019077512482701862
20.240000000000002,75.921111,0.0018865510891575778
20.240000000000002,76.171111,0.0018672601618579833
20.240000000000002,76.421111,0.0018484591090555905
20.240000000000002,76.671111,0.0018299048852596308
20.240000000000002,76.921111,0.0018115632273605102
20.240000000000002,77.171111,0.0017934283211874869
20.240000000000002,77.421111,0.0017754973847893497
20.240000000000002,77.671111,0.001757767916168061
20.240000000000002,77.921111,0.0017402374615692676
20.240000000000002,78.171111,0.0017229035998502279
20.240000000000002,78.421111,0.001705763941262816
20.240000000000002,78.671111,0.0016888161269948113
20.240000000000002,78.921111,0.0016720578287481016
20.240000000000002,79.171111,0.0016554867483238726
20.240000000000002,79.421111,0.0016391006172141148
20.240000000000002,79.671111,0.0016228971962084632
20.240000000000002,79.921111,0.0016068742751581073
20.240000000000002,80.171111,0.0015910296746157885
20.240000000000002,80.421111,0.0015753612653395146
20.240000000000002,80.671111,0.001559867117876755
20.240000000000002,80.921111,0.0015445463602120008
20.240000000000002,81.171111,0.0015294028096579813
20.240000000000002,81.421111,0.001514455798920111
20.240000000000002,81.671111,0.0014997601706162249
20.240000000000002,81.921111,0.0014854172975577345
20.240000000000002,82.171111,0.0014715271048024222
20.240000000000002,82.421111,0.001458053913285105
20.240000000000002,82.671111,0.0014447133222821118
20.240000000000002,82.921111,0.001431081872256744
20.240000000000002,83.171111,0.001416927147188692
20.240000000000002,83.421111,0.0014024212501694384
20.240000000000002,83.671111,0.0013879781446150526
20.240000000000002,83.921111,0.0013739144344291222
20.240000000000002,84.171111,0.0013602962488510125
20.240000000000002,84.421111,0.0013470304250565973
20.240000000000002,84.671111,0.0013340067244760557
20.240000000000002,84.921111,0.001321159390598231
20.240000000000002,85.171111,0.0013084613665475147
20.240000000000002,85.421111,0.0012959036762365268
20.240000000000002,85.671111,0.0012834830885952646
20.240000000000002,85.921111,0.0012711977162507796
20.240000000000002,86.171111,0.0012590459227484346
20.240000000000002,86.421111,0.0012470261227076555
20.240000000000002,86.671111,0.0012351367539693125
20.240000000000002,86.921111,0.0012233762743975092
20.240000000000002,87.171111,0.0012117431613738261
20.240000000000002,87.421111,0.0012002359115214614
20.240000000000002,87.671111,0.0011888530404478245
20.240000000000002,87.921111,0.0011775930824914505
20.240000000000002,88.171111,0.001166454590472475
20.240000000000002,88.421111,0.0011554361354465777
20.240000000000002,88.671111,0.0011445363064623443
20.240000000000002,88.921111,0.0011337537103220132
20.240000000000002,89.171111,0.0011230869713455241
20.240000000000002,89.421111,0.0011125347311378973
20.240000000000002,89.671111,0.0011020956483605174
20.240000000000002,89.921111,0.0010917683985178898
20.240000000000002,90.171111,0.0010815516739170659
20.240000000000002,90.421111,0.001071444185448121
20.240000000000002,90.671111,0.0010614446793319207
20.240000000000002,90.921111,0.0010515520469038836
20.240000000000002,91.171111,0.0010417658590628023
20.240000000000002,91.421111,0.001032088245503092
20.240000000000002,91.671111,0.0010225283053365336
20.240000000000002,91.921111,0.0010131073403987253
20.240000000000002,92.171111,0.001003854929918419
20.240000000000002,92.421111,0.0009947823338547629
20.240000000000002,92.671111,0.000985843173938061
20.240000000000002,92.921111,0.0009769309838430695
20.240000000000002,93.171111,0.000967948359315576
20.240000000000002,93.421111,0.0009588917196567725
20.240000000000002,93.671111,0.0009498536423706592
20.240000000000002,93.921111,0.0009409398774700608
20.240000000000002,94.171111,0.0009321976231343485
20.240000000000002,94.421111,0.0009236151235224603
20.240000000000002,94.671111,0.0009151606281430371
20.240000000000002,94.921111,0.0009068100430375568
20.240000000000002,95.171111,0.0008985516025151079
20.240000000000002,95.421111,0.0008903807535705844
20.240000000000002,95.671111,0.0008822956319483275
20.240000000000002,95.921111,0.0008742950936633844
20.240000000000002,96.171111,0.0008663781462593291
20.240000000000002,96.421111,0.0008585438301311938
20.240000000000002,96.671111,0.0008507911998707993
20.240000000000002,96.921111,0.0008431193219071053
20.240000000000002,97.171111,0.000835527274151349
20.490000000000002,72.421111,0.002297872075606409
20.490000000000002,72.671111,0.002353130316070162
20.490000000000002,72.921111,0.0024928469156258234
20.490000000000002,73.171111,0.0027287099210293805
20.490000000000002,73.421111,0.002993914928674811
20.490000000000002,73.671111,0.003131130393884838
20.490000000000002,73.921111,0.0030221453356581735
20.490000000000002,74.171111,0.0027332608521126946
20.490000000000002,74.421111,0.0024313273843060423
20.490000000000002,74.671111,0.002216645120648648
20.490000000000002,74.921111,0.0020954234216403753
20.490000000000002,75.171111,0.0020340988660737286
20.490000000000002,75.421111,0.0020007186084128703
20.490000000000002,75.671111,0.001977317026235349
20.490000000000002,75.921111,0.0019567749929634707
20.490000000000002,76.171111,0.0019370076657349907
20.490000000000002,76.421111,0.0019175517994380507
20.490000000000002,76.671111,0.001898326488757096
20.490000000000002,76.921111,0.0018793187558314294
20.490000000000002,77.171111,0.0018605249001662925
20.490000000000002,77.421111,0.0018419422310446685
20.490000000000002,77.671111,0.0018235681719594647
20.490000000000002,77.921111,0.0018054001849278157
20.490000000000002,78.171111,0.0017874357650957073
20.490000000000002,78.421111,0.0017696724400359679
20.490000000000002,78.671111,0.0017521077692972437
20.490000000000002,78.921111,0.0017347393439692412
20.490000000000002,79.171111,0.0017175647862544177
20.490000000000002,79.421111,0.0017005817490457638
20.490000000000002,79.671111,0.0016837879155116506
20.490000000000002,79.921111,0.0016671809987038252
20.490000000000002,80.171111,0.0016507587413853164
20.490000000000002,80.421111,0.0016345189179079356
20.490000000000002,80.671111,0.0016184593509832538
20.490000000000002,80.921111,0.0016025780095014323
20.490000000000002,81.171111,0.0015868734238897269
20.490000000000002,81.421111,0.0015713459248778872
20.490000000000002,81.671111,0.0015559999311824555
20.490000000000002,81.921111,0.0015408452070196945
20.490000000000002,82.171111,0.0015258913604411597
20.490000000000002,82.421111,0.0015111324883799852
20.490000000000002,82.671111,0.0014965342832856136
20.490000000000002,82.921111,0.0014820466359763969
20.490000000000002,83.171111,0.0014676413096999675
20.490000000000002,83.421111,0.0014533362409703697
20.490000000000002,83.671111,0.0014391770222470257
20.490000000000002,83.921111,0.0014251982126944204
20.490000000000002,84.171111,0.0014114057803065686
20.490000000000002,84.421111,0.0013977874722754975
20.490000000000002,84.671111,0.0013843290847486654
20.490000000000002,84.921111,0.0013710215197076288
20.490000000000002,85.171111,0.00135786012793436
20.490000000000002,85.421111,0.0013448423495355064
20.490000000000002,85.671111,0.0013319663017015515
20.490000000000002,85.921111,0.0013192302746232011
20.490000000000002,86.171111,0.0013066326061401995
20.490000000000002,86.421111,0.0012941716586111337
20.490000000000002,86.671111,0.0012818458154755898
20.490000000000002,86.921111,0.0012696534806421488
20.490000000000002,87.171111,0.0012575930781880346
20.490000000000002,87.421111,0.0012456630520884474
20.490000000000002,87.671111,0.0012338618659513425
20.490000000000002,87.921111,0.001222188002755986
20.490000000000002,88.171111,0.001210639964595127
20.490000000000002,88.421111,0.001199216272420787
20.490000000000002,88.671111,0.00118791546579354
20.490000000000002,88.921111,0.001176736102635309
20.490000000000002,89.171111,0.0011656767589855776
20.490000000000002,89.421111,0.0011547360287612375
20.490000000000002,89.671111,0.0011439125235253877
20.490000000000002,89.921111,0.0011332048723585268
20.490000000000002,90.171111,0.001122611723102622
20.490000000000002,90.421111,0.0011121317582904132
20.490000000000002,90.671111,0.001101763831923191
20.490000000000002,90.921111,0.0010915078574965237
20.490000000000002,91.171111,0.001081369125052437
20.490000000000002,91.421111,0.0010713734773439034
20.490000000000002,91.671111,0.0010616029371119386
20.490000000000002,91.921111,0.001052238067983421
20.490000000000002,92.171111,0.0010435266999789055
20.490000000000002,92.421111,0.0010355696749146707
20.490000000000002,92.671111,0.0010280017685249112
20.490000000000002,92.921111,0.001019967703601024
20.490000000000002,93.171111,0.0010106820987128948
20.490000000000002,93.421111,0.001000123445730585
20.490000000000002,93.671111,0.0009890536221275018
20.490000000000002,93.921111,0.0009783382689984102
20.490000000000002,94.171111,0.000968365141665906
20.490000000000002,94.421111,0.0009590449958717819
20.490000000000002,94.671111,0.0009501280636226335
20.490000000000002,94.921111,0.0009414268969560334
20.490000000000002,95.171111,0.0009328536411818076
20.490000000000002,95.421111,0.0009243786097714846
20.490000000000002,95.671111,0.0009159937407853433
20.490000000000002,95.921111,0.0009076967021290446
20.490000000000002,96.171111,0.0008994863002000293
20.490000000000002,96.421111,0.0008913615226992397
20.490000000000002,96.671111,0.0008833213890905008
20.490000000000002,96.921111,0.0008753649326266997
20.490000000000002,97.171111,0.0008674911985497612
20.740000000000002,72.421111,0.0023518838877796076
20.740000000000002,72.671111,0.002347014943007534
20.740000000000002,72.921111,0.0023613827123910637
20.740000000000002,73.171111,0.002394662296212139
20.740000000000002,73.421111,0.0024298210671190776
20.740000000000002,73.671111,0.00243722209771036
20.740000000000002,73.921111,0.0023978710642435863
20.740000000000002,74.171111,0.0023225085623151645
20.740000000000002,74.421111,0.002240580086602105
20.740000000000002,74.671111,0.0021744209853336986
20.740000000000002,74.921111,0.0021287119330021375
20.740000000000002,75.171111,0.0020973396020331674
20.740000000000002,75.421111,0.0020730041641598782
20.740000000000002,75.671111,0.0020513300738347925
20.740000000000002,75.921111,0.002030548230098708
20.740000000000002,76.171111,0.0020101363687542646
20.740000000000002,76.421111,0.001989976645156267
20.740000000000002,76.671111,0.001970046723195803
20.740000000000002,76.921111,0.00195034126186468
20.740000000000002,77.171111,0.0019308572648602084
20.740000000000002,77.421111,0.0019115920149758824
20.740000000000002,77.671111,0.0018925428500201212
20.740000000000002,77.921111,0.0018737071435494677
20.740000000000002,78.171111,0.0018550823031658241
20.740000000000002,78.421111,0.0018366657699911844
20.740000000000002,78.671111,0.0018184550182099289
20.740000000000002,78.921111,0.0018004475546200807
20.740000000000002,79.171111,0.0017826409181909532
20.740000000000002,79.421111,0.0017650326796270132
20.740000000000002,79.671111,0.0017476204409379824
20.740000000000002,79.921111,0.0017304018350165103
20.740000000000002,80.171111,0.0017133745252406211
20.740000000000002,80.421111,0.0016965362052617028
20.740000000000002,80.671111,0.001679884600106885
20.740000000000002,80.921111,0.0016634174744107452
20.740000000000002,81.171111,0.0016471326685643282
20.740000000000002,81.421111,0.0016310282072489642
20.740000000000002,81.671111,0.0016151025001780034
20.740000000000002,81.921111,0.0015993544522706644
20.740000000000002,82.171111,0.0015837829796209759
20.740000000000002,82.421111,0.0015683856594054593
20.740000000000002,82.671111,0.0015531575966368596
20.740000000000002,82.921111,0.0015380925320903026
20.740000000000002,83.171111,0.0015231861526268716
20.740000000000002,83.421111,0.0015084382258658308
20.740000000000002,83.671111,0.0014938509732425934
20.740000000000002,83.921111,0.001479425670052572
20.740000000000002,84.171111,0.001465161101267986
20.740000000000002,84.421111,0.0014510544721257803
20.740000000000002,84.671111,0.001437102837975971
20.740000000000002,84.921111,0.0014233037244810402
20.740000000000002,85.171111,0.0014096550696375896
20.740000000000002,85.421111,0.0013961550160872668
20.740000000000002,85.671111,0.0013828017866875427
20.740000000000002,85.921111,0.0013695936399204685
20.740000000000002,86.171111,0.0013565288586000084
20.740000000000002,86.421111,0.0013436057475696788
20.740000000000002,86.671111,0.00133082263313516
20.740000000000002,86.921111,0.0013181778627490363
20.740000000000002,87.171111,0.00130566980472655
20.740000000000002,87.421111,0.0012932968479675833
20.740000000000002,87.671111,0.001281057401682614
20.740000000000002,87.921111,0.0012689498951225175
20.740000000000002,88.171111,0.0012569727773120976
20.740000000000002,88.421111,0.0012451245167873239
20.740000000000002,88.671111,0.0012334036013362142
20.740000000000002,88.921111,0.0012218085377433071
20.740000000000002,89.171111,0.0012103378515377395
20.740000000000002,89.421111,0.0011989900867463484
20.740000000000002,89.671111,0.001187763805685081
20.740000000000002,89.921111,0.0011766575893696078
20.740000000000002,90.171111,0.0011656700464330015
20.740000000000002,90.421111,0.0011547999131730593
20.740000000000002,90.671111,0.0011440469034430859
20.740000000000002,90.921111,0.0011334172190410306
20.740000000000002,91.171111,0.0011229503305194165
20.740000000000002,91.421111,0.0011128131377375965
20.740000000000002,91.671111,0.0011035213946551951
20.740000000000002,91.921111,0.0010962061296869456
20.740000000000002,92.171111,0.0010924345646089865
20.740000000000002,92.421111,0.0010928992027384532
20.740000000000002,92.671111,0.001095382370218073
20.740000000000002,92.921111,0.0010944555620267767
20.740000000000002,93.171111,0.0010850075258901804
20.740000000000002,93.421111,0.0010668963516993037
20.740000000000002,93.671111,0.0010450940220191347
20.740000000000002,93.921111,0.0010251229615927202
20.740000000000002,94.171111,0.0010093607821193564
20.740000000000002,94.421111,0.0009971961873593111
20.740000000000002,94.671111,0.0009870590623562955
20.740000000000002,94.921111,0.000977786819479796
20.740000000000002,95.171111,0.0009688393973665229
20.740000000000002,95.421111,0.0009600380252817263
20.740000000000002,95.671111,0.0009513380166951196
20.740000000000002,95.921111,0.0009427301554621314
20.740000000000002,96.171111,0.0009342122214198276
20.740000000000002,96.421111,0.000925783055057928
20.740000000000002,96.671111,0.0009174416309307767
20.740000000000002,96.921111,0.0009091869470039652
20.740000000000002,97.171111,0.0009010180142988509
20.990000000000002,72.421111,0.002432608419465938
20.990000000000002,72.671111,0.002411435585659363
20.990000000000002,72.921111,0.0023940857909467987
20.990000000000002,73.171111,0.002380354476849198
20.990000000000002,73.421111,0.0023669805693894434
20.990000000000002,73.671111,0.0023486941685550004
20.990000000000002,73.921111,0.002322266391966806
20.990000000000002,74.171111,0.002289525395180144
20.990000000000002,74.421111,0.0022556099893537756
20.990000000000002,74.671111,0.0022246611523102943
20.990000000000002,74.921111,0.002197701039756977
20.990000000000002,75.171111,0.002173658330183143
20.990000000000002,75.421111,0.0021511630441810887
20.990000000000002,75.671111,0.002129378946570757
20.990000000000002,75.921111,0.0021079647751596387
20.990000000000002,76.171111,0.0020868179501891907
20.990000000000002,76.421111,0.0020659134707395337
20.990000000000002,76.671111,0.002045244687520417
20.990000000000002,76.921111,0.002024808242154121
20.990000000000002,77.171111,0.002004601256305207
20.990000000000002,77.421111,0.001984620935005007
20.990000000000002,77.671111,0.0019648645232583245
20.990000000000002,77.921111,0.0019453293019478003
20.990000000000002,78.171111,0.001926012587113384
20.990000000000002,78.421111,0.0019069117294632956
20.990000000000002,78.671111,0.001888024113903387
20.990000000000002,78.921111,0.0018693471590735822
20.990000000000002,79.171111,0.0018508783168908816
20.990000000000002,79.421111,0.0018326150720987685
20.990000000000002,79.671111,0.001814554941822936
20.990000000000002,79.921111,0.0017966954751333691
20.990000000000002,80.171111,0.0017790342526138633
20.990000000000002,80.421111,0.0017615688859496906
20.990000000000002,80.671111,0.001744297017609593
20.990000000000002,80.921111,0.00172721632101456
20.990000000000002,81.171111,0.0017103245025965616
20.990000000000002,81.421111,0.0016936193087491668
20.990000000000002,81.671111,0.0016770985390084155
20.990000000000002,81.921111,0.0016607600531256795
20.990000000000002,82.171111,0.0016446017380326164
20.990000000000002,82.421111,0.0016286214163436232
20.990000000000002,82.671111,0.0016128167694994982
20.990000000000002,82.921111,0.0015971854122111622
20.990000000000002,83.171111,0.0015817251155879342
20.990000000000002,83.421111,0.0015664339509142843
20.990000000000002,83.671111,0.0015513101795015622
20.990000000000002,83.921111,0.0015363520228391023
20.990000000000002,84.171111,0.0015215575580141624
20.990000000000002,84.421111,0.0015069247788585098
20.990000000000002,84.671111,0.0014924516921644019
20.990000000000002,84.921111,0.0014781363592486114
20.990000000000002,85.171111,0.0014639768917353066
20.990000000000002,85.421111,0.0014499714372346734
20.990000000000002,85.671111,0.001436118170646284
20.990000000000002,85.921111,0.0014224152908565455
20.990000000000002,86.171111,0.0014088610196883124
20.990000000000002,86.421111,0.0013954536014614527
20.990000000000002,86.671111,0.0013821913026745329
20.990000000000002,86.921111,0.0013690724117073868
20.990000000000002,87.171111,0.0013560952385296315
20.990000000000002,87.421111,0.0013432581144133737
20.990000000000002,87.671111,0.0013305593916499159
20.990000000000002,87.921111,0.0013179974432703928
20.990000000000002,88.171111,0.0013055706627702803
20.990000000000002,88.421111,0.0012932774638377204
20.990000000000002,88.671111,0.001281116280085619
20.990000000000002,88.921111,0.0012690855647874502
20.990000000000002,89.171111,0.0012571837906169819
20.990000000000002,89.421111,0.0012454094493990781
20.990000000000002,89.671111,0.0012337610520312902
20.990000000000002,89.921111,0.0012222371313573115
20.990000000000002,90.171111,0.0012108362856974714
20.990000000000002,90.421111,0.001199557657566957
20.990000000000002,90.671111,0.0011884049905329273
20.990000000000002,90.921111,0.001177412912596086
20.990000000000002,91.171111,0.0011667746400344397
20.990000000000002,91.421111,0.001157291434092064
20.990000000000002,91.671111,0.0011514374486684793
20.990000000000002,91.921111,0.001154706302540094
20.990000000000002,92.171111,0.0011750721604423993
20.990000000000002,92.421111,0.001217154296870719
20.990000000000002,92.671111,0.0012713799917538327
20.990000000000002,92.921111,0.0013091144371623082
20.990000000000002,93.171111,0.0013004171794242009
20.990000000000002,93.421111,0.0012442782103968125
20.990000000000002,93.671111,0.0011698775664093866
20.990000000000002,93.921111,0.001106718023189931
20.990000000000002,94.171111,0.0010653138826921733
20.990000000000002,94.421111,0.0010413792319451365
20.990000000000002,94.671111,0.001026876222632889
20.990000000000002,94.921111,0.0010161537316393653
20.990000000000002,95.171111,0.0010066292062705857
20.990000000000002,95.421111,0.0009974540981995017
20.990000000000002,95.671111,0.0009884194707584658
20.990000000000002,95.921111,0.000979485341673425
20.990000000000002,96.171111,0.000970645007549524
20.990000000000002,96.421111,0.0009618967701830847
20.990000000000002,96.671111,0.0009532395230781714
20.990000000000002,96.921111,0.0009446722248893904
20.990000000000002,97.171111,0.0009361938506859803
21.240000000000002,72.421111,0.002524221260946434
21.240000000000002,72.671111,0.0024990282607002907
21.240000000000002,72.921111,0.0024746472187989147
21.240000000000002,73.171111,0.00245104106416502
21.240000000000002,73.421111,0.002427726775903771
21.240000000000002,73.671111,0.002403936597381787
21.240000000000002,73.921111,0.002379203194270654
21.240000000000002,74.171111,0.00235378669356403
21.240000000000002,74.421111,0.002328427296729915
21.240000000000002,74.671111,0.0023037281119222134
21.240000000000002,74.921111,0.0022798403609886183
21.240000000000002,75.171111,0.002256606362705703
21.240000000000002,75.421111,0.0022338224822289485
21.240000000000002,75.671111,0.0022113629721413875
21.240000000000002,75.921111,0.002189174893158207
21.240000000000002,76.171111,0.002167240487921507
21.240000000000002,76.421111,0.0021455534614114595
21.240000000000002,76.671111,0.0021241102560368794
21.240000000000002,76.921111,0.0021029078324284224
21.240000000000002,77.171111,0.0020819432548754694
21.240000000000002,77.421111,0.002061213632438174
21.240000000000002,77.671111,0.0020407161121135907
21.240000000000002,77.921111,0.00202044787779764
21.240000000000002,78.171111,0.002000406149750431
21.240000000000002,78.421111,0.0019805881841017275
21.240000000000002,78.671111,0.001960991272365023
21.240000000000002,78.921111,0.001941612740958537
21.240000000000002,79.171111,0.0019224499507328942
21.240000000000002,79.421111,0.001903500296505461
21.240000000000002,79.671111,0.0018847612066012062
21.240000000000002,79.921111,0.0018662301423999885
21.240000000000002,80.171111,0.001847904597890253
21.240000000000002,80.421111,0.0018297820992296317
21.240000000000002,80.671111,0.001811860204316263
21.240000000000002,80.921111,0.0017941365023911302
21.240000000000002,81.171111,0.0017766086137440485
21.240000000000002,81.421111,0.0017592741896788992
21.240000000000002,81.671111,0.0017421309128073793
21.240000000000002,81.921111,0.0017251764970316029
21.240000000000002,82.171111,0.0017084086854527395
21.240000000000002,82.421111,0.0016918252452539266
21.240000000000002,82.671111,0.0016754239633471348
21.240000000000002,82.921111,0.0016592026498691266
21.240000000000002,83.171111,0.0016431591493913814
21.240000000000002,83.421111,0.0016272913480216602
21.240000000000002,83.671111,0.0016115971673458154
21.240000000000002,83.921111,0.0015960745521678716
21.240000000000002,84.171111,0.001580721464749056
21.240000000000002,84.421111,0.0015655358876438936
21.240000000000002,84.671111,0.0015505158283594508
21.240000000000002,84.921111,0.0015356593211858533
21.240000000000002,85.171111,0.0015209644266576527
21.240000000000002,85.421111,0.001506429230495721
21.240000000000002,85.671111,0.0014920518428451607
21.240000000000002,85.921111,0.0014778303977971763
21.240000000000002,86.171111,0.0014637630530319953
21.240000000000002,86.421111,0.0014498479894976654
21.240000000000002,86.671111,0.001436083411099273
21.240000000000002,86.921111,0.0014224675443933327
21.240000000000002,87.171111,0.001408998638286499
21.240000000000002,87.421111,0.0013956749637384829
21.240000000000002,87.671111,0.0013824948134690542
21.240000000000002,87.921111,0.0013694565016691427
21.240000000000002,88.171111,0.0013565583637158997
21.240000000000002,88.421111,0.0013437987558917396
21.240000000000002,88.671111,0.0013311760551072453
21.240000000000002,88.921111,0.0013186886586279368
21.240000000000002,89.171111,0.0013063349838058672
21.240000000000002,89.421111,0.0012941134678432578
21.240000000000002,89.671111,0.001282022568186454
21.240000000000002,89.921111,0.0012700607738832404
21.240000000000002,90.171111,0.0012582267673295275
21.240000000000002,90.421111,0.0012465211906423483
21.240000000000002,90.671111,0.0012349615752091684
21.240000000000002,90.921111,0.001223678905990516
21.240000000000002,91.171111,0.001213386517690188
21.240000000000002,91.421111,0.001207036086112144
21.240000000000002,91.671111,0.0012138361952875717
21.240000000000002,91.921111,0.0012551274422405213
21.240000000000002,92.171111,0.0013664990244892819
21.240000000000002,92.421111,0.001583332858608206
21.240000000000002,92.671111,0.0018894043451347698
21.240000000000002,92.921111,0.002143389618511773
21.240000000000002,93.171111,0.002142715627176167
21.240000000000002,93.421111,0.001877457135963743
21.240000000000002,93.671111,0.0015465889685617154
21.240000000000002,93.921111,0.0013018848656757382
21.240000000000002,94.171111,0.0011649624219687192
21.240000000000002,94.421111,0.0011005070487154838
21.240000000000002,94.671111,0.001071917068445547
21.240000000000002,94.921111,0.0010570860335740824
21.240000000000002,95.171111,0.001046396520478297
21.240000000000002,95.421111,0.001036733722866122
21.240000000000002,95.671111,0.001027335272712625
21.240000000000002,95.921111,0.0010180576612085017
21.240000000000002,96.171111,0.0010088791721427376
21.240000000000002,96.421111,0.000999796378623827
21.240000000000002,96.671111,0.0009908079861604944
21.240000000000002,96.921111,0.000981912905052362
21.240000000000002,97.171111,0.0009731100723288472
21.490000000000002,72.421111,0.002621801610191338
21.490000000000002,72.671111,0.0025951656610591154
21.490000000000002,72.921111,0.0025688923495501568
21.490000000000002,73.171111,0.002542974088813665
21.490000000000002,73.421111,0.0025173529566361115
21.490000000000002,73.671111,0.002491939043428606
21.490000000000002,73.921111,0.002466676460233957
21.490000000000002,74.171111,0.0024415913679518807
21.490000000000002,74.421111,0.002416764155437916
21.490000000000002,74.671111,0.0023922599078223606
21.490000000000002,74.921111,0.002368092753238408
21.490000000000002,75.171111,0.00234424190295868
21.490000000000002,75.421111,0.002320681374356379
21.490000000000002,75.671111,0.0022973940215554396
21.490000000000002,75.921111,0.002274370971190926
21.490000000000002,76.171111,0.002251607367367639
21.490000000000002,76.421111,0.0022290996878787835
21.490000000000002,76.671111,0.0022068447566089304
21.490000000000002,76.921111,0.002184839491961951
21.490000000000002,77.171111,0.0021630808594703113
21.490000000000002,77.421111,0.002141565864652384
21.490000000000002,77.671111,0.002120291551766033
21.490000000000002,77.921111,0.0020992550032245976
21.490000000000002,78.171111,0.0020784533390763387
21.490000000000002,78.421111,0.002057883716494914
21.490000000000002,78.671111,0.0020375433292771287
21.490000000000002,78.921111,0.002017429407347791
21.490000000000002,79.171111,0.0019975392162714547
21.490000000000002,79.421111,0.0019778700567710176
21.490000000000002,79.671111,0.001958419264253054
21.490000000000002,79.921111,0.0019391842083397938
21.490000000000002,80.171111,0.0019201622924076363
21.490000000000002,80.421111,0.0019013509531321708
21.490000000000002,80.671111,0.0018827476600397025
21.490000000000002,80.921111,0.0018643499150660728
21.490000000000002,81.171111,0.0018461552521255322
21.490000000000002,81.421111,0.001828161236695809
21.490000000000002,81.671111,0.0018103654654220026
21.490000000000002,81.921111,0.00179276556571381
21.490000000000002,82.171111,0.0017753591952657862
21.490000000000002,82.421111,0.0017581440414626507
21.490000000000002,82.671111,0.0017411178208204508
21.490000000000002,82.921111,0.0017242782787456167
21.490000000000002,83.171111,0.0017076231896064435
21.490000000000002,83.421111,0.0016911503566462748
21.490000000000002,83.671111,0.0016748576113778365
21.490000000000002,83.921111,0.0016587428127357085
21.490000000000002,84.171111,0.0016428038464925514
21.490000000000002,84.421111,0.0016270386250225404
21.490000000000002,84.671111,0.0016114450871422938
21.490000000000002,84.921111,0.001596021197843942
21.490000000000002,85.171111,0.0015807649479385808
21.490000000000002,85.421111,0.0015656743536837383
21.490000000000002,85.671111,0.0015507474564271527
21.490000000000002,85.921111,0.0015359823222664197
21.490000000000002,86.171111,0.0015213770417179036
21.490000000000002,86.421111,0.001506929729391482
21.490000000000002,86.671111,0.0014926385236700105
21.490000000000002,86.921111,0.0014785015863933017
21.490000000000002,87.171111,0.0014645171025464436
21.490000000000002,87.421111,0.0014506832799524728
21.490000000000002,87.671111,0.0014369983489692722
21.490000000000002,87.921111,0.0014234605621906763
21.490000000000002,88.171111,0.0014100681941517051
21.490000000000002,88.421111,0.0013968195410378748
21.490000000000002,88.671111,0.001383712920398526
21.490000000000002,88.921111,0.0013707466708642486
21.490000000000002,89.171111,0.0013579191518718467
21.490000000000002,89.421111,0.0013452287434845287
21.490000000000002,89.671111,0.0013326738481261007
21.490000000000002,89.921111,0.0013202529247274865
21.490000000000002,90.171111,0.0013079649599282903
21.490000000000002,90.421111,0.0012958145535644442
21.490000000000002,90.671111,0.0012838545939749377
21.490000000000002,90.921111,0.0012724609639893597
21.490000000000002,91.171111,0.0012636638174456612
21.490000000000002,91.421111,0.001265886521213641
21.490000000000002,91.671111,0.0013061010000230179
21.490000000000002,91.921111,0.0014532811180810242
21.490000000000002,92.171111,0.0018593704944177881
21.490000000000002,92.421111,0.002814589554290058
21.490000000000002,92.671111,0.004609300088244216
21.490000000000002,92.921111,0.0065766444564472485
21.490000000000002,93.171111,0.0066702914985936265
21.490000000000002,93.421111,0.0047415802308223235
21.490000000000002,93.671111,0.002852179927158602
21.490000000000002,93.921111,0.001818265014171117
21.490000000000002,94.171111,0.0013673117532514072
21.490000000000002,94.421111,0.001190566473800657
21.490000000000002,94.671111,0.001126122569517742
21.490000000000002,94.921111,0.0011014657364103115
21.490000000000002,95.171111,0.0010883728131898468
21.490000000000002,95.421111,0.0010779965748080789
21.490000000000002,95.671111,0.0010681891813071804
21.490000000000002,95.921111,0.0010585483907072366
21.490000000000002,96.171111,0.0010490149995201765
21.490000000000002,96.421111,0.001039581309996245
21.490000000000002,96.671111,0.0010302456123579026
21.490000000000002,96.921111,0.0010210067509667832
21.490000000000002,97.171111,0.0010118636221641791
21.740000000000002,72.421111,0.0027244184464909615
21.740000000000002,72.671111,0.0026967111255985776
21.740000000000002,72.921111,0.0026693241813969485
21.740000000000002,73.171111,0.0026422534044205186
21.740000000000002,73.421111,0.0026154902590620967
21.740000000000002,73.671111,0.00258902347786461
21.740000000000002,73.921111,0.0025628447937559294
21.740000000000002,74.171111,0.0025369531097361444
21.740000000000002,74.421111,0.002511352083000614
21.740000000000002,74.671111,0.0024860440862164964
21.740000000000002,74.921111,0.002461027108752011
21.740000000000002,75.171111,0.0024362961482130587
21.740000000000002,75.421111,0.0024118457920063096
21.740000000000002,75.671111,0.0023876714360439315
21.740000000000002,75.921111,0.002363769235307736
21.740000000000002,76.171111,0.0023401357336419277
21.740000000000002,76.421111,0.0023167676300381206
21.740000000000002,76.671111,0.002293661692294951
21.740000000000002,76.921111,0.002270814734634768
21.740000000000002,77.171111,0.0022482236130682686
21.740000000000002,77.421111,0.0022258852242635447
21.740000000000002,77.671111,0.0022037965049345504
21.740000000000002,77.921111,0.002181954431294173
21.740000000000002,78.171111,0.002160356018519774
21.740000000000002,78.421111,0.002138998320226517
21.740000000000002,78.671111,0.0021178784279480716
21.740000000000002,78.921111,0.002096993470624602
21.740000000000002,79.171111,0.0020763406140979
21.740000000000002,79.421111,0.0020559170606135563
21.740000000000002,79.671111,0.00203572004833011
21.740000000000002,79.921111,0.0020157468508350553
21.740000000000002,80.171111,0.001995994776667591
21.740000000000002,80.421111,0.0019764611688480277
21.740000000000002,80.671111,0.0019571434044138047
21.740000000000002,80.921111,0.0019380388939619665
21.740000000000002,81.171111,0.0019191450811981677
21.740000000000002,81.421111,0.0019004594424922644
21.740000000000002,81.671111,0.0018819794864405094
21.740000000000002,81.921111,0.0018637027534334604
21.740000000000002,82.171111,0.0018456268152274022
21.740000000000002,82.421111,0.0018277492745179904
21.740000000000002,82.671111,0.0018100677645207116
21.740000000000002,82.921111,0.0017925799485666149
21.740000000000002,83.171111,0.0017752835197131687
21.740000000000002,83.421111,0.0017581762003556832
21.740000000000002,83.671111,0.0017412557418282537
21.740000000000002,83.921111,0.001724519924002583
21.740000000000002,84.171111,0.0017079665549001
21.740000000000002,84.421111,0.0016915934703198021
21.740000000000002,84.671111,0.0016753985334735807
21.740000000000002,84.921111,0.0016593796346231857
21.740000000000002,85.171111,0.0016435346907194299
21.740000000000002,85.421111,0.001627861645045715
21.740000000000002,85.671111,0.0016123584668668541
21.740000000000002,85.921111,0.001597023151083102
21.740000000000002,86.171111,0.001581853717889112
21.740000000000002,86.421111,0.0015668482124376393
21.740000000000002,86.671111,0.001552004704507937
21.740000000000002,86.921111,0.0015373212881787132
21.740000000000002,87.171111,0.0015227960815056246
21.740000000000002,87.421111,0.0015084272262032297
21.740000000000002,87.671111,0.00149421288733133
21.740000000000002,87.921111,0.0014801512529856622
21.740000000000002,88.171111,0.0014662405339928308
21.740000000000002,88.421111,0.0014524789636094907
21.740000000000002,88.671111,0.0014388647972256783
21.740000000000002,88.921111,0.0014253963120730074
21.740000000000002,89.171111,0.0014120718069529348
21.740000000000002,89.421111,0.0013988896022797933
21.740000000000002,89.671111,0.0013858480455645036
21.740000000000002,89.921111,0.0013729455995930132
21.740000000000002,90.171111,0.0013601819778488154
21.740000000000002,90.421111,0.0013475699423776708
21.740000000000002,90.671111,0.001335232063823031
21.740000000000002,90.921111,0.001324014551675096
21.740000000000002,91.171111,0.001318439898141961
21.740000000000002,91.421111,0.0013373355744638338
21.740000000000002,91.671111,0.0014436658562304444
21.740000000000002,91.921111,0.001826155107110607
21.740000000000002,92.171111,0.003092425263354884
21.740000000000002,92.421111,0.007418264055608404
21.740000000000002,92.671111,0.020765278704142773
21.740000000000002,92.921111,0.04308935288320407
21.740000000000002,93.171111,0.04460089920868789
21.740000000000002,93.421111,0.0224657491114438
21.740000000000002,93.671111,0.00793626854264752
21.740000000000002,93.921111,0.0031421245683378916
21.740000000000002,94.171111,0.001752197387276034
21.740000000000002,94.421111,0.0013260275711687274
21.740000000000002,94.671111,0.0011924591244152826
21.740000000000002,94.921111,0.0011499524893741036
21.740000000000002,95.171111,0.0011327585348825339
21.740000000000002,95.421111,0.0011213639788196135
21.740000000000002,95.671111,0.0011110907640844605
21.740000000000002,95.921111,0.0011010649740459968
21.740000000000002,96.171111,0.001091158918562333
21.740000000000002,96.421111,0.0010813570887514424
21.740000000000002,96.671111,0.0010716570383092446
21.740000000000002,96.921111,0.0010620575207008897
21.740000000000002,97.171111,0.001052557388349828
21.990000000000002,72.421111,0.0028321399971624555
21.990000000000002,72.671111,0.0028033622684015495
21.990000000000002,72.921111,0.002774911981129061
21.990000000000002,73.171111,0.0027467850968970102
21.990000000000002,73.421111,0.0027189773375510297
21.990000000000002,73.671111,0.002691484290926627
21.990000000000002,73.921111,0.0026643017926373147
21.990000000000002,74.171111,0.002637426203636199
21.990000000000002,74.421111,0.002610854248418662
21.990000000000002,74.671111,0.00258458261149761
21.990000000000002,74.921111,0.0025586077300098365
21.990000000000002,75.171111,0.002532925885930985
21.990000000000002,75.421111,0.0025075333777181286
21.990000000000002,75.671111,0.0024824266010352843
21.990000000000002,75.921111,0.002457602044871664
21.990000000000002,76.171111,0.002433056266262673
21.990000000000002,76.421111,0.002408785874125257
21.990000000000002,76.671111,0.0023847875229345283
21.990000000000002,76.921111,0.0023610579106757576
21.990000000000002,77.171111,0.0023375937779884014
21.990000000000002,77.421111,0.002314391907551575
21.990000000000002,77.671111,0.002291449123511743
21.990000000000002,77.921111,0.002268762290922148
21.990000000000002,78.171111,0.0022463283151903436
21.990000000000002,78.421111,0.0022241441415335145
21.990000000000002,78.671111,0.002202206754441366
21.990000000000002,78.921111,0.002180513177146541
21.990000000000002,79.171111,0.0021590604711023763
21.990000000000002,79.421111,0.0021378457354680014
21.990000000000002,79.671111,0.002116866106600574
21.990000000000002,79.921111,0.002096118757554614
21.990000000000002,80.171111,0.002075600897588312
21.990000000000002,80.421111,0.002055309771676716
21.990000000000002,80.671111,0.002035242660031696
21.990000000000002,80.921111,0.002015396877628615
21.990000000000002,81.171111,0.0019957697737395565
21.990000000000002,81.421111,0.001976358731473088
21.990000000000002,81.671111,0.001957161167320426
21.990000000000002,81.921111,0.0019381745307079034
21.990000000000002,82.171111,0.0019193963035556024
21.990000000000002,82.421111,0.0019008239998420477
21.990000000000002,82.671111,0.001882455165174942
21.990000000000002,82.921111,0.0018642873763681169
21.990000000000002,83.171111,0.0018463182410245744
21.990000000000002,83.421111,0.0018285453971251878
21.990000000000002,83.671111,0.0018109665126227604
21.990000000000002,83.921111,0.0017935792850415182
21.990000000000002,84.171111,0.001776381441082369
21.990000000000002,84.421111,0.0017593707362338255
21.990000000000002,84.671111,0.0017425449543884445
21.990000000000002,84.921111,0.0017259019074644354
21.990000000000002,85.171111,0.0017094394350324882
21.990000000000002,85.421111,0.0016931554039477336
21.990000000000002,85.671111,0.001677047707986814
21.990000000000002,85.921111,0.0016611142674899787
21.990000000000002,86.171111,0.0016453530290081347
21.990000000000002,86.421111,0.0016297619649547792
21.990000000000002,86.671111,0.0016143390732627435
21.990000000000002,86.921111,0.0015990823770456765
21.990000000000002,87.171111,0.0015839899242642169
21.990000000000002,87.421111,0.0015690597873967444
21.990000000000002,87.671111,0.0015542900631147127
21.990000000000002,87.921111,0.0015396788719624355
21.990000000000002,88.171111,0.0015252243580412834
21.990000000000002,88.421111,0.0015109246886982868
21.990000000000002,88.671111,0.0014967780542192327
21.990000000000002,88.921111,0.0014827826675316012
21.990000000000002,89.171111,0.0014689367640091189
21.990000000000002,89.421111,0.0014552386027319
21.990000000000002,89.671111,0.0014416864867755556
21.990000000000002,89.921111,0.0014282790083754381
21.990000000000002,90.171111,0.001415017669768225
21.990000000000002,90.421111,0.0014019310699013964
21.990000000000002,90.671111,0.001389259412239839
21.990000000000002,90.921111,0.0013785739319467478
21.990000000000002,91.171111,0.0013780252537444607
21.990000000000002,91.421111,0.001421316693459341
21.990000000000002,91.671111,0.0016266146079515797
21.990000000000002,91.921111,0.0024170834524614463
21.990000000000002,92.171111,0.005771720108739476
21.990000000000002,92.421111,0.023908575892384834
21.990000000000002,92.671111,0.11762763209850227
21.990000000000002,92.921111,0.30971091822731905
21.990000000000002,93.171111,0.3202039027013589
21.990000000000002,93.421111,0.1294898371556688
21.990000000000002,93.671111,0.026277519473943363
21.990000000000002,93.921111,0.005971430858252532
21.990000000000002,94.171111,0.0023372758131737824
21.990000000000002,94.421111,0.0014972818700780847
21.990000000000002,94.671111,0.0012677450522151873
21.990000000000002,94.921111,0.0012019772141606305
21.990000000000002,95.171111,0.001179566066825515
21.990000000000002,95.421111,0.0011669403353295785
21.990000000000002,95.671111,0.0011561541629245536
21.990000000000002,95.921111,0.0011457213544816662
21.990000000000002,96.171111,0.0011354239123438162
21.990000000000002,96.421111,0.001125235737798753
21.990000000000002,96.671111,0.0011151533442739418
21.990000000000002,96.921111,0.0011051753626926048
21.990000000000002,97.171111,0.0010953005968339469
22.240000000000002,72.421111,0.0029452238363243534
22.240000000000002,72.671111,0.0029153283122854393
22.240000000000002,72.921111,0.0028857722906234407
22.240000000000002,73.171111,0.0028565516061572907
22.240000000000002,73.421111,0.002827662132909106
22.240000000000002,73.671111,0.0027990997888196405
22.240000000000002,73.921111,0.00277086055462088
22.240000000000002,74.171111,0.0027429404873789776
22.240000000000002,74.421111,0.0027153357115343854
22.240000000000002,74.671111,0.002688042397564154
22.240000000000002,74.921111,0.002661056750702244
22.240000000000002,75.171111,0.0026343750150210755
22.240000000000002,75.421111,0.002607993481592641
22.240000000000002,75.671111,0.0025819084920000526
22.240000000000002,75.921111,0.002556116437522437
22.240000000000002,76.171111,0.0025306137572318624
22.240000000000002,76.421111,0.002505396936565762
22.240000000000002,76.671111,0.0024804625064119828
22.240000000000002,76.921111,0.0024558070424211577
22.240000000000002,77.171111,0.002431427164388282
22.240000000000002,77.421111,0.0024073195356546988
22.240000000000002,77.671111,0.002383480862520102
22.240000000000002,77.921111,0.0023599078936629796
22.240000000000002,78.171111,0.00233659741956909
22.240000000000002,78.421111,0.002313546271967964
22.240000000000002,78.671111,0.0022907513232772103
22.240000000000002,78.921111,0.0022682094860545857
22.240000000000002,79.171111,0.002245917712457667
22.240000000000002,79.421111,0.0022238729937111034
22.240000000000002,79.671111,0.0022020723595812075
22.240000000000002,79.921111,0.0021805128778579074
22.240000000000002,80.171111,0.002159191653843903
22.240000000000002,80.421111,0.0021381058298509076
22.240000000000002,80.671111,0.0021172525847028933
22.240000000000002,80.921111,0.0020966291332462725
22.240000000000002,81.171111,0.0020762327258668535
22.240000000000002,81.421111,0.0020560606480135198
22.240000000000002,81.671111,0.002036110219728527
22.240000000000002,81.921111,0.002016378795184324
22.240000000000002,82.171111,0.001996863762226793
22.240000000000002,82.421111,0.0019775625419248327
22.240000000000002,82.671111,0.001958472588126192
22.240000000000002,82.921111,0.001939591387019479
22.240000000000002,83.171111,0.001920916456702206
22.240000000000002,83.421111,0.001902445346754883
22.240000000000002,83.671111,0.0018841756378209452
22.240000000000002,83.921111,0.0018661049411925366
22.240000000000002,84.171111,0.0018482308984020183
22.240000000000002,84.421111,0.0018305511808191278
22.240000000000002,84.671111,0.001813063489253739
22.240000000000002,84.921111,0.001795765553564088
22.240000000000002,85.171111,0.0017786551322704334
22.240000000000002,85.421111,0.0017617300121740532
22.240000000000002,85.671111,0.0017449880079815066
22.240000000000002,85.921111,0.0017284269619340855
22.240000000000002,86.171111,0.001712044743442384
22.240000000000002,86.421111,0.0016958392487259263
22.240000000000002,86.671111,0.0016798084004577328
22.240000000000002,86.921111,0.001663950147413835
22.240000000000002,87.171111,0.0016482624641275887
22.240000000000002,87.421111,0.0016327433505487685
22.240000000000002,87.671111,0.0016173908317073551
22.240000000000002,87.921111,0.0016022029573819578
22.240000000000002,88.171111,0.0015871778017728033
22.240000000000002,88.421111,0.0015723134631793186
22.240000000000002,88.671111,0.0015576080636841574
22.240000000000002,88.921111,0.0015430597488800442
22.240000000000002,89.171111,0.0015286666882215073
22.240000000000002,89.421111,0.0015144270835530922
22.240000000000002,89.671111,0.0015003392661229586
22.240000000000002,89.921111,0.0014864026022783183
22.240000000000002,90.171111,0.0014726248566894714
22.240000000000002,90.421111,0.001459075490931969
22.240000000000002,90.671111,0.0014462250457333663
22.240000000000002,90.921111,0.0014367709426314627
22.240000000000002,91.171111,0.0014435909194129128
22.240000000000002,91.421111,0.0015178374763619034
22.240000000000002,91.671111,0.0018433672341033225
22.240000000000002,91.921111,0.0031760324161733814
22.240000000000002,92.171111,0.01012513788218653
22.240000000000002,92.421111,0.06287122198125246
22.240000000000002,92.671111,0.3707374000294662
22.240000000000002,92.921111,0.7292482960610583
22.240000000000002,93.171111,0.7321190632839729
22.240000000000002,93.421111,0.37656141034323637
22.240000000000002,93.671111,0.06286015091123898
22.240000000000002,93.921111,0.00970131204758425
22.240000000000002,94.171111,0.002930869761342269
22.240000000000002,94.421111,0.0016592972790332341
22.240000000000002,94.671111,0.0013423217348517713
22.240000000000002,94.921111,0.0012559101135087973
22.240000000000002,95.171111,0.0012286918250482895
22.240000000000002,95.421111,0.0012148343215090738
22.240000000000002,95.671111,0.0012035033696612008
22.240000000000002,95.921111,0.001192639340403141
22.240000000000002,96.171111,0.0011819300994737251
22.240000000000002,96.421111,0.0011713362282415429
22.240000000000002,96.671111,0.001160852483173248
22.240000000000002,96.921111,0.0011504772394597925
22.240000000000002,97.171111,0.0011402092314879875
22.490000000000002,72.421111,0.003063966987413342
22.490000000000002,72.671111,0.0030328991962564012
22.490000000000002,72.921111,0.0030021838685469937
22.490000000000002,73.171111,0.0029718166853808944
22.490000000000002,73.421111,0.002941793383376267
22.490000000000002,73.671111,0.0029121097541269588
22.490000000000002,73.921111,0.0028827616442231394
22.490000000000002,74.171111,0.002853744955072326
22.490000000000002,74.421111,0.002825055641844794
22.490000000000002,74.671111,0.00279668971194172
22.490000000000002,74.921111,0.0027686432238686687
22.490000000000002,75.171111,0.0027409122867230874
22.490000000000002,75.421111,0.00271349305985174
22.490000000000002,75.671111,0.0026863817523344073
22.490000000000002,75.921111,0.0026595746223064707
22.490000000000002,76.171111,0.0026330679762476402
22.490000000000002,76.421111,0.002606858168298257
22.490000000000002,76.671111,0.0025809415996045056
22.490000000000002,76.921111,0.00255531471768118
22.490000000000002,77.171111,0.002529974015785656
22.490000000000002,77.421111,0.0025049160323010675
22.490000000000002,77.671111,0.0024801373501280974
22.490000000000002,77.921111,0.0024556345960852354
22.490000000000002,78.171111,0.002431404440317411
22.490000000000002,78.421111,0.0024074435957128306
22.490000000000002,78.671111,0.002383748817327895
22.490000000000002,78.921111,0.0023603169018201484
22.490000000000002,79.171111,0.00233714468688909
22.490000000000002,79.421111,0.002314229050724763
22.490000000000002,79.671111,0.0022915669114639933
22.490000000000002,79.921111,0.0022691552266541643
22.490000000000002,80.171111,0.002246990992724486
22.490000000000002,80.421111,0.002225071244464551
22.490000000000002,80.671111,0.0022033930545101513
22.490000000000002,80.921111,0.002181953532836238
22.490000000000002,81.171111,0.0021607498262568793
22.490000000000002,81.421111,0.0021397791179321997
22.490000000000002,81.671111,0.002119038626882104
22.490000000000002,81.921111,0.002098525607506793
22.490000000000002,82.171111,0.0020782373491138833
22.490000000000002,82.421111,0.0020581711754520827
22.490000000000002,82.671111,0.002038324444251351
22.490000000000002,82.921111,0.0020186945467694072
22.490000000000002,83.171111,0.0019992789073444953
22.490000000000002,83.421111,0.0019800749829543716
22.490000000000002,83.671111,0.001961080262781382
22.490000000000002,83.921111,0.0019422922677835425
22.490000000000002,84.171111,0.0019237085502715563
22.490000000000002,84.421111,0.0019053266934916792
22.490000000000002,84.671111,0.0018871443112143443
22.490000000000002,84.921111,0.0018691590473284693
22.490000000000002,85.171111,0.0018513685754413616
22.490000000000002,85.421111,0.0018337705984841617
22.490000000000002,85.671111,0.001816362848322694
22.490000000000002,85.921111,0.001799143085373736
22.490000000000002,86.171111,0.0017821090982265233
22.490000000000002,86.421111,0.0017652587032695225
22.490000000000002,86.671111,0.0017485897443223076
22.490000000000002,86.921111,0.001732100092272537
22.490000000000002,87.171111,0.0017157876447178963
22.490000000000002,87.421111,0.0016996503256129958
22.490000000000002,87.671111,0.001683686084921127
22.490000000000002,87.921111,0.0016678928982707846
22.490000000000002,88.171111,0.0016522687666170243
22.490000000000002,88.421111,0.001636811715908392
22.490000000000002,88.671111,0.001621519796772983
22.490000000000002,88.921111,0.0016063910844387906
22.490000000000002,89.171111,0.0015914236820572481
22.490000000000002,89.421111,0.0015766157662240041
22.490000000000002,89.671111,0.0015619660549217318
22.490000000000002,89.921111,0.001547477667559268
22.490000000000002,90.171111,0.0015331841528866683
22.490000000000002,90.421111,0.0015192969243045988
22.490000000000002,90.671111,0.001506928027125251
22.490000000000002,90.921111,0.0015011945785889244
22.490000000000002,91.171111,0.0015227843301147167
22.490000000000002,91.421111,0.001646263026796867
22.490000000000002,91.671111,0.002137272867717062
22.490000000000002,91.921111,0.004185261672032114
22.490000000000002,92.171111,0.01607782599206557
22.490000000000002,92.421111,0.11648264881563808
22.490000000000002,92.671111,0.5705619568582683
22.490000000000002,92.921111,0.8590594401927334
22.490000000000002,93.171111,0.8453417754068322
22.490000000000002,93.421111,0.5010108711668623
22.490000000000002,93.671111,0.08541585236356779
22.490000000000002,93.921111,0.011802136574645314
22.490000000000002,94.171111,0.0032873919432837135
22.490000000000002,94.421111,0.0017815382536995007
22.490000000000002,94.671111,0.0014131299772636749
22.490000000000002,94.921111,0.001312263112202081
22.490000000000002,95.171111,0.0012806611781430615
22.490000000000002,95.421111,0.0012653257776030972
22.490000000000002,95.671111,0.0012533076848374454
22.490000000000002,95.921111,0.0012419556652923786
22.490000000000002,96.171111,0.0012308062633955789
22.490000000000002,96.421111,0.0012197850835113538
22.490000000000002,96.671111,0.0012088797534661369
22.490000000000002,96.921111,0.001198087382371793
22.490000000000002,97.171111,0.0011874064839129264
22.740000000000002,72.421111,0.003188686907075764
22.740000000000002,72.671111,0.003156389073994887
22.740000000000002,72.921111,0.003124457307673374
22.740000000000002,73.171111,0.0030928871271649586
22.740000000000002,73.421111,0.0030616741096499036
22.740000000000002,73.671111,0.00303081388965407
22.740000000000002,73.921111,0.003000302158295765
22.740000000000002,74.171111,0.0029701346625370276
22.740000000000002,74.421111,0.002940307204418811
22.740000000000002,74.671111,0.0029108156402918805
22.740000000000002,74.921111,0.00288165588007003
22.740000000000002,75.171111,0.002852823886511776
22.740000000000002,75.421111,0.0028243156745169024
22.740000000000002,75.671111,0.0027961273104274375
22.740000000000002,75.921111,0.0027682549113332167
22.740000000000002,76.171111,0.002740694644385812
22.740000000000002,76.421111,0.0027134427261224915
22.740000000000002,76.671111,0.00268649542180018
22.740000000000002,76.921111,0.0026598490447389267
22.740000000000002,77.171111,0.0026334999556745357
22.740000000000002,77.421111,0.0026074445621202124
22.740000000000002,77.671111,0.002581679317737068
22.740000000000002,77.921111,0.002556200721713378
22.740000000000002,78.171111,0.0025310053181524087
22.740000000000002,78.421111,0.0025060896954688023
22.740000000000002,78.671111,0.002481450485793264
22.740000000000002,78.921111,0.002457084364385575
22.740000000000002,79.171111,0.002432988049055678
22.740000000000002,79.421111,0.002409158299592846
22.740000000000002,79.671111,0.002385591917202737
22.740000000000002,79.921111,0.0023622857439522366
22.740000000000002,80.171111,0.0023392366622220126
22.740000000000002,80.421111,0.0023164415941666684
22.740000000000002,80.671111,0.0022938975011823196
22.740000000000002,80.921111,0.002271601383381605
22.740000000000002,81.171111,0.002249550279075923
22.740000000000002,81.421111,0.002227741264264851
22.740000000000002,81.671111,0.0022061714521326085
22.740000000000002,81.921111,0.0021848379925515416
22.740000000000002,82.171111,0.002163738071592395
22.740000000000002,82.421111,0.0021428689110414116
22.740000000000002,82.671111,0.002122227767924101
22.740000000000002,82.921111,0.0021018119340355545
22.740000000000002,83.171111,0.0020816187354772957
22.740000000000002,83.421111,0.0020616455322004933
22.740000000000002,83.671111,0.002041889717555492
22.740000000000002,83.921111,0.002022348717847567
22.740000000000002,84.171111,0.002003019991898796
22.740000000000002,84.421111,0.001983901030615998
22.740000000000002,84.671111,0.001964989356564592
22.740000000000002,84.921111,0.00194628252354838
22.740000000000002,85.171111,0.0019277781161950703
22.740000000000002,85.421111,0.0019094737495475606
22.740000000000002,85.671111,0.001891367068660813
22.740000000000002,85.921111,0.0018734557482042984
22.740000000000002,86.171111,0.0018557374920699042
22.740000000000002,86.421111,0.0018382100329852565
22.740000000000002,86.671111,0.0018208711321323252
22.740000000000002,86.921111,0.0018037185787713066
22.740000000000002,87.171111,0.00178675018986967
22.740000000000002,87.421111,0.0017699638097362878
22.740000000000002,87.671111,0.0017533573096606095
22.740000000000002,87.921111,0.0017369285875568623
22.740000000000002,88.171111,0.0017206755676143072
22.740000000000002,88.421111,0.0017045961999648765
22.740000000000002,88.671111,0.0016886884604822884
22.740000000000002,88.921111,0.0016729503519368441
22.740000000000002,89.171111,0.001657379921049092
22.740000000000002,89.421111,0.001641975455279988
22.740000000000002,89.671111,0.0016267373944252356
22.740000000000002,89.921111,0.001611683276518905
22.740000000000002,90.171111,0.0015969403028603289
22.740000000000002,90.421111,0.0015832010282502392
22.740000000000002,90.671111,0.0015735415683967272
22.740000000000002,90.921111,0.001579535781356912
22.740000000000002,91.171111,0.0016398018039283336
22.740000000000002,91.421111,0.0018778924688366248
22.740000000000002,91.671111,0.0027354634844747503
22.740000000000002,91.921111,0.006393309853987323
22.740000000000002,92.171111,0.029477061271525735
22.740000000000002,92.421111,0.2139363452392214
22.740000000000002,92.671111,0.7184437298170291
22.740000000000002,92.921111,0.9037747044818599
22.740000000000002,93.171111,0.8701338919786991
22.740000000000002,93.421111,0.5217653508206684
22.740000000000002,93.671111,0.0909982609379982
22.740000000000002,93.921111,0.012901718896855801
22.740000000000002,94.171111,0.003613589554151704
22.740000000000002,94.421111,0.001931101368379966
22.740000000000002,94.671111,0.0015047587819338115
22.740000000000002,94.921111,0.0013802391210544062
22.740000000000002,95.171111,0.001338715538855155
22.740000000000002,95.421111,0.0013194771938601245
22.740000000000002,95.671111,0.0013059365825238728
22.740000000000002,95.921111,0.0012938550351244344
22.740000000000002,96.171111,0.0012821959848551873
22.740000000000002,96.421111,0.0012707176675010496
22.740000000000002,96.671111,0.001259368379375533
22.740000000000002,96.921111,0.0012481377854241772
22.740000000000002,97.171111,0.0012370232355367664
22.990000000000002,72.421111,0.003319720711838463
22.990000000000002,72.671111,0.003286131861977362
22.990000000000002,72.921111,0.003252923342549107
22.990000000000002,73.171111,0.0032200905028858086
22.990000000000002,73.421111,0.0031876287525883706
22.990000000000002,73.671111,0.0031555335607118804
22.990000000000002,73.921111,0.0031238004549627514
22.990000000000002,74.171111,0.003092425020906769
22.990000000000002,74.421111,0.003061402901187566
22.990000000000002,74.671111,0.0030307297947555546
22.990000000000002,74.921111,0.003000401456107817
22.990000000000002,75.171111,0.0029704136945389596
22.990000000000002,75.421111,0.002940762373402446
22.990000000000002,75.671111,0.0029114434093820783
22.990000000000002,75.921111,0.002882452771773415
22.990000000000002,76.171111,0.0028537864817751255
22.990000000000002,76.421111,0.0028254406117902025
22.990000000000002,76.671111,0.0027974112847368284
22.990000000000002,76.921111,0.0027696946733688395
22.990000000000002,77.171111,0.0027422869996055455
22.990000000000002,77.421111,0.0027151845338708827
22.990000000000002,77.671111,0.0026883835944417063
22.990000000000002,77.921111,0.0026618805468050905
22.990000000000002,78.171111,0.002635671803024523
22.990000000000002,78.421111,0.0026097538211149116
22.990000000000002,78.671111,0.0025841231044261954
22.990000000000002,78.921111,0.0025587762010355055
22.990000000000002,79.171111,0.002533709703147753
22.990000000000002,79.421111,0.002508920246504461
22.990000000000002,79.671111,0.002484404509800818
22.990000000000002,79.921111,0.002460159214110785
22.990000000000002,80.171111,0.0024361811223201327
22.990000000000002,80.421111,0.002412467038567311
22.990000000000002,80.671111,0.0023890138076921013
22.990000000000002,80.921111,0.002365818314691806
22.990000000000002,81.171111,0.0023428774841850112
22.990000000000002,81.421111,0.0023201882798827315
22.990000000000002,81.671111,0.0022977477040668575
22.990000000000002,81.921111,0.002275552797075819
22.990000000000002,82.171111,0.0022536006367973264
22.990000000000002,82.421111,0.002231888338168124
22.990000000000002,82.671111,0.0022104130526806273
22.990000000000002,82.921111,0.002189171967896417
22.990000000000002,83.171111,0.002168162306966346
22.990000000000002,83.421111,0.0021473813281573783
22.990000000000002,83.671111,0.0021268263243858407
22.990000000000002,83.921111,0.002106494622757188
22.990000000000002,84.171111,0.0020863835841120407
22.990000000000002,84.421111,0.0020664906025785355
22.990000000000002,84.671111,0.0020468131051307875
22.990000000000002,84.921111,0.002027348551153457
22.990000000000002,85.171111,0.0020080944320122977
22.990000000000002,85.421111,0.0019890482706306114
22.990000000000002,85.671111,0.0019702076210715244
22.990000000000002,85.921111,0.001951570068126024
22.990000000000002,86.171111,0.0019331332269066125
22.990000000000002,86.421111,0.0019148947424465987
22.990000000000002,86.671111,0.0018968522893048464
22.990000000000002,86.921111,0.0018790035711759715
22.990000000000002,87.171111,0.0018613463205058825
22.990000000000002,87.421111,0.001843878298112599
22.990000000000002,87.671111,0.0018265972928123463
22.990000000000002,87.921111,0.0018095011210519881
22.990000000000002,88.171111,0.0017925876265624018
22.990000000000002,88.421111,0.0017758546801800628
22.990000000000002,88.671111,0.0017593001810257665
22.990000000000002,88.921111,0.0017429220675194456
22.990000000000002,89.171111,0.00172671840293996
22.990000000000002,89.421111,0.0017106881083476973
22.990000000000002,89.671111,0.0016948372958419061
22.990000000000002,89.921111,0.0016792265110752063
22.990000000000002,90.171111,0.0016642516040295675
22.990000000000002,90.421111,0.0016519384942149423
22.990000000000002,90.671111,0.0016505655324736764
22.990000000000002,90.921111,0.0016879539677106467
22.990000000000002,91.171111,0.0018471015704943539
22.990000000000002,91.421111,0.0023849401704933507
22.990000000000002,91.671111,0.004321498537844415
22.990000000000002,91.921111,0.013721490249217254
22.990000000000002,92.171111,0.08318504515636582
22.990000000000002,92.421111,0.49566182124481734
22.990000000000002,92.671111,0.8972715248786838
22.990000000000002,92.921111,0.9612413693855659
22.990000000000002,93.171111,0.9290883144782042
22.990000000000002,93.421111,0.6357217388232586
22.990000000000002,93.671111,0.1274773410128365
22.990000000000002,93.921111,0.017767187516137633
22.990000000000002,94.171111,0.00468367759667063
22.990000000000002,94.421111,0.0023236982283090257
22.990000000000002,94.671111,0.0016973203454912179
22.990000000000002,94.921111,0.0014916093956303833
22.990000000000002,95.171111,0.0014146129249678094
22.990000000000002,95.421111,0.0013811150308358268
22.990000000000002,95.671111,0.001362508585173503
22.990000000000002,95.921111,0.0013486934582585485
22.990000000000002,96.171111,0.0013362804036693035
22.990000000000002,96.421111,0.0013242819636324651
22.990000000000002,96.671111,0.001312460418564233
22.990000000000002,96.921111,0.0013007687615155096
22.990000000000002,97.171111,0.0012891985760057141
23.240000000000002,72.421111,0.003457426314415191
23.240000000000002,72.671111,0.003422482097309599
23.240000000000002,72.921111,0.003387933169517967
23.240000000000002,73.171111,0.0033537747026192136
23.240000000000002,73.421111,0.003320001930682431
23.240000000000002,73.671111,0.003286610149423652
23.240000000000002,73.921111,0.0032535947153743425
23.240000000000002,74.171111,0.003220951045061311
23.240000000000002,74.421111,0.0031886746141980226
23.240000000000002,74.671111,0.0031567609568869995
23.240000000000002,74.921111,0.0031252056648333176
23.240000000000002,75.171111,0.003094004386568968
23.240000000000002,75.421111,0.0030631528266878965
23.240000000000002,75.671111,0.0030326467450917027
23.240000000000002,75.921111,0.0030024819562456625
23.240000000000002,76.171111,0.0029726543284450987
23.240000000000002,76.421111,0.002943159783091885
23.240000000000002,76.671111,0.0029139942939808996
23.240000000000002,76.921111,0.0028851538865964127
23.240000000000002,77.171111,0.0028566346374181172
23.240000000000002,77.421111,0.002828432673236816
23.240000000000002,77.671111,0.002800544170479517
23.240000000000002,77.921111,0.0027729653545438657
23.240000000000002,78.171111,0.0027456924991417666
23.240000000000002,78.421111,0.0027187219256520887
23.240000000000002,78.671111,0.0026920500024822623
23.240000000000002,78.921111,0.002665673144438734
23.240000000000002,79.171111,0.002639587812106102
23.240000000000002,79.421111,0.002613790511234804
23.240000000000002,79.671111,0.0025882777921372654
23.240000000000002,79.921111,0.002563046249092381
23.240000000000002,80.171111,0.0025380925197582083
23.240000000000002,80.421111,0.002513413284592758
23.240000000000002,80.671111,0.002489005266282794
23.240000000000002,80.921111,0.0024648652291804603
23.240000000000002,81.171111,0.002440989978747738
23.240000000000002,81.421111,0.0024173763610084937
23.240000000000002,81.671111,0.0023940212620081384
23.240000000000002,81.921111,0.0023709216072806843
23.240000000000002,82.171111,0.0023480743613231657
23.240000000000002,82.421111,0.0023254765270772867
23.240000000000002,82.671111,0.0023031251454182253
23.240000000000002,82.921111,0.002281017294650432
23.240000000000002,83.171111,0.002259150090010423
23.240000000000002,83.421111,0.0022375206831763516
23.240000000000002,83.671111,0.002216126261784388
23.240000000000002,83.921111,0.0021949640489516966
23.240000000000002,84.171111,0.002174031302806001
23.240000000000002,84.421111,0.0021533253160216015
23.240000000000002,84.671111,0.0021328434153617725
23.240000000000002,84.921111,0.002112582961227453
23.240000000000002,85.171111,0.002092541347212107
23.240000000000002,85.421111,0.0020727159996627334
23.240000000000002,85.671111,0.0020531043772468688
23.240000000000002,85.921111,0.0020337039705255497
23.240000000000002,86.171111,0.0020145123015321074
23.240000000000002,86.421111,0.0019955269233567917
23.240000000000002,86.671111,0.001976745419737016
23.240000000000002,86.921111,0.001958165404653274
23.240000000000002,87.171111,0.0019397845219305651
23.240000000000002,87.421111,0.0019216004448453494
23.240000000000002,87.671111,0.0019036108757386917
23.240000000000002,87.921111,0.0018858135456482684
23.240000000000002,88.171111,0.0018682062141201115
23.240000000000002,88.421111,0.0018507866707873591
23.240000000000002,88.671111,0.0018335527507543352
23.240000000000002,88.921111,0.0018165024348127735
23.240000000000002,89.171111,0.0017996343891179306
23.240000000000002,89.421111,0.001782950841693548
23.240000000000002,89.671111,0.0017664755117932792
23.240000000000002,89.921111,0.0017503721675122786
23.240000000000002,90.171111,0.0017356240754466518
23.240000000000002,90.421111,0.001727078772954098
23.240000000000002,90.671111,0.0017438559332243007
23.240000000000002,90.921111,0.001848065218618634
23.240000000000002,91.171111,0.002226412219027593
23.240000000000002,91.421111,0.003528082392366446
23.240000000000002,91.671111,0.008986771985316347
23.240000000000002,91.921111,0.043344822094743746
23.240000000000002,92.171111,0.309789107874573
23.240000000000002,92.421111,0.8600385344343497
23.240000000000002,92.671111,0.9814221671442278
23.240000000000002,92.921111,0.9915863291982291
23.240000000000002,93.171111,0.9789008212468496
23.240000000000002,93.421111,0.8315506974453539
23.240000000000002,93.671111,0.2635797406906243
23.240000000000002,93.921111,0.03763098903124626
23.240000000000002,94.171111,0.008635461167237629
23.240000000000002,94.421111,0.0035908426671000604
23.240000000000002,94.671111,0.002226977113854229
23.240000000000002,94.921111,0.001739695831326634
23.240000000000002,95.171111,0.0015431602045493278
23.240000000000002,95.421111,0.001461699549831522
23.240000000000002,95.671111,0.001426276865126446
23.240000000000002,95.921111,0.0014073222917707817
23.240000000000002,96.171111,0.0013933399776786752
23.240000000000002,96.421111,0.0013806484770221956
23.240000000000002,96.671111,0.0013683084715528095
23.240000000000002,96.921111,0.0013561296129802772
23.240000000000002,97.171111,0.001344080364529968
23.490000000000002,72.421111,0.003602183783796528
23.490000000000002,72.671111,0.0035658162711499236
23.490000000000002,72.921111,0.0035298597394008767
23.490000000000002,73.171111,0.0034943091739308516
23.490000000000002,73.421111,0.0034591596249331355
23.490000000000002,73.671111,0.0034244062065399263
23.490000000000002,73.921111,0.0033900440959615087
23.490000000000002,74.171111,0.0033560685326372896
23.490000000000002,74.421111,0.003322474817398504
23.490000000000002,74.671111,0.003289258311642482
23.490000000000002,74.921111,0.003256414436518298
23.490000000000002,75.171111,0.003223938672123638
23.490000000000002,75.421111,0.003191826556712735
23.490000000000002,75.671111,0.003160073685915249
23.490000000000002,75.921111,0.0031286757119658513
23.490000000000002,76.171111,0.003097628342944508
23.490000000000002,76.421111,0.00306692734202717
23.490000000000002,76.671111,0.003036568526746819
23.490000000000002,76.921111,0.003006547768264692
23.490000000000002,77.171111,0.002976860990651551
23.490000000000002,77.421111,0.0029475041701788494
23.490000000000002,77.671111,0.0029184733346196696
23.490000000000002,77.921111,0.002889764562559311
23.490000000000002,78.171111,0.002861373982715321
23.490000000000002,78.421111,0.0028332977732669624
23.490000000000002,78.671111,0.0028055321611938663
23.490000000000002,78.921111,0.002778073421623812
23.490000000000002,79.171111,0.002750917877189485
23.490000000000002,79.421111,0.0027240618973940925
23.490000000000002,79.671111,0.002697501897985708
23.490000000000002,79.921111,0.002671234340340253
23.490000000000002,80.171111,0.0026452557308529116
23.490000000000002,80.421111,0.002619562620338
23.490000000000002,80.671111,0.0025941516034370072
23.490000000000002,80.921111,0.0025690193180348754
23.490000000000002,81.171111,0.002544162444684207
23.490000000000002,81.421111,0.0025195777060374636
23.490000000000002,81.671111,0.0024952618662869436
23.490000000000002,81.921111,0.0024712117306124534
23.490000000000002,82.171111,0.0024474241446365997
23.490000000000002,82.421111,0.002423895993887511
23.490000000000002,82.671111,0.0024006242032690033
23.490000000000002,82.921111,0.00237760573653798
23.490000000000002,83.171111,0.002354837595789022
23.490000000000002,83.421111,0.002332316820946057
23.490000000000002,83.671111,0.0023100404892609995
23.490000000000002,83.921111,0.0022880057148192716
23.490000000000002,84.171111,0.002266209648052122
23.490000000000002,84.421111,0.002244649475255612
23.490000000000002,84.671111,0.0022233224181161964
23.490000000000002,84.921111,0.002202225733242843
23.490000000000002,85.171111,0.0021813567117055224
23.490000000000002,85.421111,0.002160712678580045
23.490000000000002,85.671111,0.0021402909924991237
23.490000000000002,85.921111,0.0021200890452095873
23.490000000000002,86.171111,0.0021001042611356662
23.490000000000002,86.421111,0.0020803340969482256
23.490000000000002,86.671111,0.0020607760411399186
23.490000000000002,86.921111,0.002041427613606164
23.490000000000002,87.171111,0.0020222863652318767
23.490000000000002,87.421111,0.0020033498774845236
23.490000000000002,87.671111,0.0019846157620209593
23.490000000000002,87.921111,0.0019660816604182363
23.490000000000002,88.171111,0.0019477452453995055
23.490000000000002,88.421111,0.001929604236996401
23.490000000000002,88.671111,0.00191165653420187
23.490000000000002,88.921111,0.0018939010251086041
23.490000000000002,89.171111,0.0018763414113455185
23.490000000000002,89.421111,0.0018590006985666682
23.490000000000002,89.671111,0.0018419740651068974
23.490000000000002,89.921111,0.001825670843714613
23.490000000000002,90.171111,0.0018120731321797855
23.490000000000002,90.421111,0.0018103493383820547
23.490000000000002,90.671111,0.001856192421838587
23.490000000000002,90.921111,0.0020678288545346083
23.490000000000002,91.171111,0.002836361040646593
23.490000000000002,91.421111,0.005839178960200838
23.490000000000002,91.671111,0.02206065216082418
23.490000000000002,91.921111,0.15068439014026425
23.490000000000002,92.171111,0.7088702345751028
23.490000000000002,92.421111,0.972498142782246
23.490000000000002,92.671111,0.9960303611286145
23.490000000000002,92.921111,0.9976466070296186
23.490000000000002,93.171111,0.9929024997229807
23.490000000000002,93.421111,0.9372102094898285
23.490000000000002,93.671111,0.5464473573029217
23.490000000000002,93.921111,0.1220783659350872
23.490000000000002,94.171111,0.026984543617980233
23.490000000000002,94.421111,0.008722773005802145
23.490000000000002,94.671111,0.003962542471087787
23.490000000000002,94.921111,0.0023931926153445676
23.490000000000002,95.171111,0.001810056062128102
23.490000000000002,95.421111,0.0015877994463958224
23.490000000000002,95.671111,0.0015046931541172533
23.490000000000002,95.921111,0.0014715996035394115
23.490000000000002,96.171111,0.0014538597823970498
23.490000000000002,96.421111,0.0014400281760749167
23.490000000000002,96.671111,0.0014270785932153913
23.490000000000002,96.921111,0.0014143794760770514
23.490000000000002,97.171111,0.001401825843018123
23.740000000000002,72.421111,0.0037543968071755167
23.740000000000002,72.671111,0.003716534277196699
23.740000000000002,72.921111,0.0036790991920791698
23.740000000000002,73.171111,0.0036420863421267294
23.740000000000002,73.421111,0.0036054905848820103
23.740000000000002,73.671111,0.0035693068442227503
23.740000000000002,73.921111,0.003533530109470414
23.740000000000002,74.171111,0.0034981554345110987
23.740000000000002,74.421111,0.0034631779369285
23.740000000000002,74.671111,0.0034285927971488325
23.740000000000002,74.921111,0.003394395257597421
23.740000000000002,75.171111,0.003360580621866988
23.740000000000002,75.421111,0.0033271442538972645
23.740000000000002,75.671111,0.0032940815771659725
23.740000000000002,75.921111,0.003261388073890854
23.740000000000002,76.171111,0.0032290592842427078
23.740000000000002,76.421111,0.0031970908055692256
23.740000000000002,76.671111,0.003165478291629495
23.740000000000002,76.921111,0.0031342174518390518
23.740000000000002,77.171111,0.003103304050525243
23.740000000000002,77.421111,0.0030727339061929052
23.740000000000002,77.671111,0.003042502890800069
23.740000000000002,77.921111,0.003012606929043644
23.740000000000002,78.171111,0.002983041997654918
23.740000000000002,78.421111,0.0029538041247047283
23.740000000000002,78.671111,0.0029248893889181845
23.740000000000002,78.921111,0.0028962939189987984
23.740000000000002,79.171111,0.0028680138929619192
23.740000000000002,79.421111,0.0028400455374772756
23.740000000000002,79.671111,0.002812385127220608
23.740000000000002,79.921111,0.0027850289842341557
23.740000000000002,80.171111,0.0027579734772959475
23.740000000000002,80.421111,0.002731215021297741
23.740000000000002,80.671111,0.002704750076631508
23.740000000000002,80.921111,0.0026785751485843305
23.740000000000002,81.171111,0.0026526867867416202
23.740000000000002,81.421111,0.0026270815843984835
23.740000000000002,81.671111,0.002601756177979215
23.740000000000002,81.921111,0.0025767072464647134
23.740000000000002,82.171111,0.0025519315108277598
23.740000000000002,82.421111,0.0025274257334760458
23.740000000000002,82.671111,0.002503186717702828
23.740000000000002,82.921111,0.002479211307145114
23.740000000000002,83.171111,0.002455496385249269
23.740000000000002,83.421111,0.0024320388747439635
23.740000000000002,83.671111,0.002408835737120293
23.740000000000002,83.921111,0.0023858839721190776
23.740000000000002,84.171111,0.0023631806172251294
23.740000000000002,84.421111,0.0023407227471684694
23.740000000000002,84.671111,0.0023185074734323632
23.740000000000002,84.921111,0.0022965319437680824
23.740000000000002,85.171111,0.002274793341716307
23.740000000000002,85.421111,0.0022532888861350846
23.740000000000002,85.671111,0.0022320158307342045
23.740000000000002,85.921111,0.0022109714636159867
23.740000000000002,86.171111,0.0021901531068223043
23.740000000000002,86.421111,0.0021695581158878157
23.740000000000002,86.671111,0.002149183879399292
23.740000000000002,86.921111,0.002129027818561177
23.740000000000002,87.171111,0.0021090873867684857
23.740000000000002,87.421111,0.0020893600691964877
23.740000000000002,87.671111,0.002069843382481262
23.740000000000002,87.921111,0.0020505348752810257
23.740000000000002,88.171111,0.00203143213879278
23.740000000000002,88.421111,0.002012532915216839
23.740000000000002,88.671111,0.0019938359617494164
23.740000000000002,88.921111,0.001975346318250065
23.740000000000002,89.171111,0.0019570994112713077
23.740000000000002,89.421111,0.0019392421272972505
23.740000000000002,89.671111,0.0019222348128465825
23.740000000000002,89.921111,0.001907312820492806
23.740000000000002,90.171111,0.0018981248801433535
23.740000000000002,90.421111,0.0019082441340860536
23.740000000000002,90.671111,0.001989357240969102
23.740000000000002,90.921111,0.0023208126176975457
23.740000000000002,91.171111,0.0035629839362545067
23.740000000000002,91.421111,0.009093134330616497
23.740000000000002,91.671111,0.045594398439325265
23.740000000000002,91.921111,0.3298591097027583
23.740000000000002,92.171111,0.8776199800504878
23.740000000000002,92.421111,0.9880587634034358
23.740000000000002,92.671111,0.9974897667932413
23.740000000000002,92.921111,0.9980400345396276
23.740000000000002,93.171111,0.994463519626046
23.740000000000002,93.421111,0.9673794516940368
23.740000000000002,93.671111,0.8140635911586533
23.740000000000002,93.921111,0.4432452926676868
23.740000000000002,94.171111,0.14627164649448213
23.740000000000002,94.421111,0.03863035965481413
23.740000000000002,94.671111,0.011041304886116406
23.740000000000002,94.921111,0.004272341327218628
23.740000000000002,95.171111,0.0023971831914397887
23.740000000000002,95.421111,0.0018056419954160835
23.740000000000002,95.671111,0.0016100876851018152
23.740000000000002,95.921111,0.00154462375156149
23.740000000000002,96.171111,0.0015186040286085084
23.740000000000002,96.421111,0.00150269010170469
23.740000000000002,96.671111,0.0014889538375422982
23.740000000000002,96.921111,0.0014756883417603704
23.740000000000002,97.171111,0.001462602309440067
23.990000000000002,72.421111,0.003914494253155108
23.990000000000002,72.671111,0.0038750609612142545
23.990000000000002,72.921111,0.0038360723924477807
23.990000000000002,73.171111,0.003797523132742417
23.990000000000002,73.421111,0.0037594078377611536
23.990000000000002,73.671111,0.003721721232007392
23.990000000000002,73.921111,0.00368445810790174
23.990000000000002,74.171111,0.0036476133248715572
23.990000000000002,74.421111,0.0036111818084529524
23.990000000000002,74.671111,0.0035751585494050503
23.990000000000002,74.921111,0.0035395386028364197
23.990000000000002,75.171111,0.0035043170873434665
23.990000000000002,75.421111,0.003469489184160623
23.990000000000002,75.671111,0.0034350501363221856
23.990000000000002,75.921111,0.0034009952478356617
23.990000000000002,76.171111,0.003367319882866386
23.990000000000002,76.421111,0.0033340194649333645
23.990000000000002,76.671111,0.0033010894761161345
23.990000000000002,76.921111,0.0032685254562724573
23.990000000000002,77.171111,0.0032363230022667664
23.990000000000002,77.421111,0.0032044777672091723
23.990000000000002,77.671111,0.0031729854597049
23.990000000000002,77.921111,0.00314184184311401
23.990000000000002,78.171111,0.003111042734821283
23.990000000000002,78.421111,0.0030805840055160533
23.990000000000002,78.671111,0.0030504615784819914
23.990000000000002,78.921111,0.003020671428896528
23.990000000000002,79.171111,0.0029912095831399585
23.990000000000002,79.421111,0.002962072118113944
23.990000000000002,79.671111,0.0029332551605694055
23.990000000000002,79.921111,0.0029047548864435616
23.990000000000002,80.171111,0.0028765675202061
23.990000000000002,80.421111,0.002848689334214266
23.990000000000002,80.671111,0.0028211166480768156
23.990000000000002,80.921111,0.002793845828026636
23.990000000000002,81.171111,0.0027668732863019817
23.990000000000002,81.421111,0.0027401954805361685
23.990000000000002,81.671111,0.0027138089131556243
23.990000000000002,81.921111,0.0026877101307861734
23.990000000000002,82.171111,0.0026618957236674372
23.990000000000002,82.421111,0.0026363623250752716
23.990000000000002,82.671111,0.0026111066107520507
23.990000000000002,82.921111,0.002586125298344807
23.990000000000002,83.171111,0.002561415146850986
23.990000000000002,83.421111,0.002536972956071836
23.990000000000002,83.671111,0.0025127955660732212
23.990000000000002,83.921111,0.0024888798566538436
23.990000000000002,84.171111,0.002465222746820681
23.990000000000002,84.421111,0.00244182119427163
23.990000000000002,84.671111,0.002418672194885192
23.990000000000002,84.921111,0.002395772782217147
23.990000000000002,85.171111,0.00237312002700407
23.990000000000002,85.421111,0.0023507110366736226
23.990000000000002,85.671111,0.0023285429548615603
23.990000000000002,85.921111,0.002306612960935301
23.990000000000002,86.171111,0.002284918269523972
23.990000000000002,86.421111,0.002263456130054934
23.990000000000002,86.671111,0.002242223826296922
23.990000000000002,86.921111,0.0022212186759131354
23.990000000000002,87.171111,0.002200438030051473
23.990000000000002,87.421111,0.0021798792731436366
23.990000000000002,87.671111,0.002159539823822722
23.990000000000002,87.921111,0.0021394171424510707
23.990000000000002,88.171111,0.0021195087930923075
23.990000000000002,88.421111,0.0020998130023967875
23.990000000000002,88.671111,0.0020803330322131356
23.990000000000002,88.921111,0.0020611038550278353
23.990000000000002,89.171111,0.0020423139426595503
23.990000000000002,89.421111,0.0020247053625698846
23.990000000000002,89.671111,0.0020104553815404416
23.990000000000002,89.921111,0.002004306301125425
23.990000000000002,90.171111,0.002014488212262099
23.990000000000002,90.421111,0.0020575810400520296
23.990000000000002,90.671111,0.0021881819097468906
23.990000000000002,90.921111,0.002611676158931142
23.990000000000002,91.171111,0.00413633710122627
23.990000000000002,91.421111,0.011027305721312176
23.990000000000002,91.671111,0.05657904635035162
23.990000000000002,91.921111,0.3679969744248216
23.990000000000002,92.171111,0.8696881754312812
23.990000000000002,92.421111,0.9808403838135822
23.990000000000002,92.671111,0.993978335147006
23.990000000000002,92.921111,0.9947136943449782
23.990000000000002,93.171111,0.9896002428729817
23.990000000000002,93.421111,0.9726422723059238
23.990000000000002,93.671111,0.935006830607118
23.990000000000002,93.921111,0.854038502026891
23.990000000000002,94.171111,0.6282458109447475
23.990000000000002,94.421111,0.2349201526757786
23.990000000000002,94.671111,0.04559474740439681
23.990000000000002,94.921111,0.009962835180097671
23.990000000000002,95.171111,0.0036453389834714862
23.990000000000002,95.421111,0.0021740272920681395
23.990000000000002,95.671111,0.0017561560111168323
23.990000000000002,95.921111,0.0016300220926808709
23.990000000000002,96.171111,0.001588542880998383
23.990000000000002,96.421111,0.001568964296062595
23.990000000000002,96.671111,0.0015541374117412252
23.990000000000002,96.921111,0.0015402382683283053
23.990000000000002,97.171111,0.0015265878694348837
24.240000000000002,72.421111,0.004082931843056596
24.240000000000002,72.671111,0.0040418477777984475
24.240000000000002,72.921111,0.0040012265727716705
24.240000000000002,73.171111,0.0039610625996230235
24.240000000000002,73.421111,0.003921350302428636
24.240000000000002,73.671111,0.0038820841967245486
24.240000000000002,73.921111,0.003843258868550468
24.240000000000002,74.171111,0.0038048689735066398
24.240000000000002,74.421111,0.003766909235823521
24.240000000000002,74.671111,0.003729374447444199
24.240000000000002,74.921111,0.003692259467119344
24.240000000000002,75.171111,0.0036555592195144713
24.240000000000002,75.421111,0.00361926869432945
24.240000000000002,75.671111,0.003583382945430027
24.240000000000002,75.921111,0.0035478970899911915
24.240000000000002,76.171111,0.003512806307652259
24.240000000000002,76.421111,0.0034781058396834968
24.240000000000002,76.671111,0.0034437909881641303
24.240000000000002,76.921111,0.0034098571151715868
24.240000000000002,77.171111,0.0033762996419818064
24.240000000000002,77.421111,0.003343114048280506
24.240000000000002,77.671111,0.003310295871385165
24.240000000000002,77.921111,0.003277840705477712
24.240000000000002,78.171111,0.0032457442008476402
24.240000000000002,78.421111,0.0032140020631454902
24.240000000000002,78.671111,0.003182610052646525
24.240000000000002,78.921111,0.0031515639835244676
24.240000000000002,79.171111,0.0031208597231351617
24.240000000000002,79.421111,0.0030904931913100075
24.240000000000002,79.671111,0.0030604603596590765
24.240000000000002,79.921111,0.003030757250883718
24.240000000000002,80.171111,0.0030013799380985465
24.240000000000002,80.421111,0.002972324544162738
24.240000000000002,80.671111,0.002943587241020407
24.240000000000002,80.921111,0.00291516424905001
24.240000000000002,81.171111,0.0028870518364226506
24.240000000000002,81.421111,0.0028592463184691015
24.240000000000002,81.671111,0.0028317440570555003
24.240000000000002,81.921111,0.0028045414599675747
24.240000000000002,82.171111,0.0027776349803032333
24.240000000000002,82.421111,0.002751021115873482
24.240000000000002,82.671111,0.002724696408611472
24.240000000000002,82.921111,0.002698657443989662
24.240000000000002,83.171111,0.002672900850444901
24.240000000000002,83.421111,0.002647423298811327
24.240000000000002,83.671111,0.0026222215017610395
24.240000000000002,83.921111,0.0025972922132523842
24.240000000000002,84.171111,0.002572632227985747
24.240000000000002,84.421111,0.002548238380866755
24.240000000000002,84.671111,0.002524107546476831
24.240000000000002,84.921111,0.0025002366385509156
24.240000000000002,85.171111,0.0024766226094623204
24.240000000000002,85.421111,0.0024532624497146135
24.240000000000002,85.671111,0.0024301531874403736
24.240000000000002,85.921111,0.002407291887906811
24.240000000000002,86.171111,0.0023846756530281348
24.240000000000002,86.421111,0.002362301620884936
24.240000000000002,86.671111,0.002340166965255863
24.240000000000002,86.921111,0.0023182688952178778
24.240000000000002,87.171111,0.0022966046552700035
24.240000000000002,87.421111,0.002275171528742848
24.240000000000002,87.671111,0.002253966857038221
24.240000000000002,87.921111,0.002232988121474976
24.240000000000002,88.171111,0.0022122333081315035
24.240000000000002,88.421111,0.0021917032396334673
24.240000000000002,88.671111,0.002171418593292557
24.240000000000002,88.921111,0.002151523981543348
24.240000000000002,89.171111,0.002132767527058631
24.240000000000002,89.421111,0.0021180867163438136
24.240000000000002,89.671111,0.0021160939327902976
24.240000000000002,89.921111,0.0021451141176326446
24.240000000000002,90.171111,0.0022321512729030937
24.240000000000002,90.421111,0.002403852401943408
24.240000000000002,90.671111,0.0026949366498326462
24.240000000000002,90.921111,0.00326575662736751
24.240000000000002,91.171111,0.004867302602656345
24.240000000000002,91.421111,0.011097928272435453
24.240000000000002,91.671111,0.04464694865110402
24.240000000000002,91.921111,0.24262252723853428
24.240000000000002,92.171111,0.7087610703764218
24.240000000000002,92.421111,0.9266549841458257
24.240000000000002,92.671111,0.970261642250704
24.240000000000002,92.921111,0.9763922503119096
24.240000000000002,93.171111,0.9723016436286346
24.240000000000002,93.421111,0.9690054233694552
24.240000000000002,93.671111,0.971960550900004
24.240000000000002,93.921111,0.9704777240835661
24.240000000000002,94.171111,0.9351608424229004
24.240000000000002,94.421111,0.7030457424683255
24.240000000000002,94.671111,0.18572857755147223
24.240000000000002,94.921111,0.02608037128587626
24.240000000000002,95.171111,0.006061373081921459
24.240000000000002,95.421111,0.0027436737405733326
24.240000000000002,95.671111,0.001952190683418687
24.240000000000002,95.921111,0.001730812706531713
24.240000000000002,96.171111,0.0016647217784333318
24.240000000000002,96.421111,0.001639245257996804
24.240000000000002,96.671111,0.0016228582636662863
24.240000000000002,96.921111,0.0016082252988554046
24.240000000000002,97.171111,0.0015939723478116399
24.490000000000002,72.421111,0.004260193937937546
24.490000000000002,72.671111,0.004217374561918079
24.490000000000002,72.921111,0.004175037088892158
24.490000000000002,73.171111,0.004133175665934852
24.490000000000002,73.421111,0.004091784515324601
24.490000000000002,73.671111,0.004050857933538958
24.490000000000002,73.921111,0.004010390290263892
24.490000000000002,74.171111,0.00397037602741655
24.490000000000002,74.421111,0.003930809658181369
24.490000000000002,74.671111,0.0038916857660592856
24.490000000000002,74.921111,0.003852999003929863
24.490000000000002,75.171111,0.0038147440931261796
24.490000000000002,75.421111,0.0037769158225223606
24.490000000000002,75.671111,0.0037395090476334656
24.490000000000002,75.921111,0.003702518689727693
24.490000000000002,76.171111,0.0036659397349506047
24.490000000000002,76.421111,0.0036297672334613296
24.490000000000002,76.671111,0.003593996298580538
24.490000000000002,76.921111,0.003558622105949949
24.490000000000002,77.171111,0.0035236398927033785
24.490000000000002,77.421111,0.0034890449566490115
24.490000000000002,77.671111,0.0034548326554628378
24.490000000000002,77.921111,0.003420998405893074
24.490000000000002,78.171111,0.003387537682975423
24.490000000000002,78.421111,0.003354446019259016
24.490000000000002,78.671111,0.0033217190040429273
24.490000000000002,78.921111,0.00328935228262303
24.490000000000002,79.171111,0.003257341555549189
24.490000000000002,79.421111,0.003225682577892512
24.490000000000002,79.671111,0.0031943711585226075
24.490000000000002,79.921111,0.003163403159394683
24.490000000000002,80.171111,0.003132774494846356
24.490000000000002,80.421111,0.003102481130904033
24.490000000000002,80.671111,0.003072519084598765
24.490000000000002,80.921111,0.00304288442329136
24.490000000000002,81.171111,0.003013573264006762
24.490000000000002,81.421111,0.0029845817727774154
24.490000000000002,81.671111,0.002955906163995643
24.490000000000002,81.921111,0.002927542699774782
24.490000000000002,82.171111,0.0028994876893190425
24.490000000000002,82.421111,0.0028717374883019562
24.490000000000002,82.671111,0.002844288498253233
24.490000000000002,82.921111,0.002817137165954033
24.490000000000002,83.171111,0.0027902799828403864
24.490000000000002,83.421111,0.0027637134844148044
24.490000000000002,83.671111,0.0027374342496658396
24.490000000000002,83.921111,0.002711438900495557
24.490000000000002,84.171111,0.002685724101154796
24.490000000000002,84.421111,0.002660286557686101
24.490000000000002,84.671111,0.0026351230173742254
24.490000000000002,84.921111,0.0026102302682041024
24.490000000000002,85.171111,0.0025856051383261977
24.490000000000002,85.421111,0.0025612444955290794
24.490000000000002,85.671111,0.0025371452467192112
24.490000000000002,85.921111,0.0025133043374077763
24.490000000000002,86.171111,0.0024897187512047964
24.490000000000002,86.421111,0.002466385509325401
24.490000000000002,86.671111,0.002443301670177154
24.490000000000002,86.921111,0.0024204643297568245
24.490000000000002,87.171111,0.002397870628728797
24.490000000000002,87.421111,0.002375517801526222
24.490000000000002,87.671111,0.002353403421496688
24.490000000000002,87.921111,0.002331526311055704
24.490000000000002,88.171111,0.0023098892213915807
24.490000000000002,88.421111,0.002288507805177347
24.490000000000002,88.671111,0.0022674608941733914
24.490000000000002,88.921111,0.0022471978702688473
24.490000000000002,89.171111,0.002229995883455213
24.490000000000002,89.421111,0.0022249052535495213
24.490000000000002,89.671111,0.002259220280928194
24.490000000000002,89.921111,0.002395194687671226
24.490000000000002,90.171111,0.002740702744008633
24.490000000000002,90.421111,0.0034282501797072086
24.490000000000002,90.671111,0.004521930902803227
24.490000000000002,90.921111,0.005979562634673187
24.490000000000002,91.171111,0.008304167116027297
24.490000000000002,91.421111,0.01480208518358391
24.490000000000002,91.671111,0.04136414316343367
24.490000000000002,91.921111,0.16267939259953926
24.490000000000002,92.171111,0.49979632269669805
24.490000000000002,92.421111,0.7976672083467646
24.490000000000002,92.671111,0.9043893798017815
24.490000000000002,92.921111,0.9345277727432972
24.490000000000002,93.171111,0.9474108190315826
24.490000000000002,93.421111,0.9648880466438118
24.490000000000002,93.671111,0.9821193679356508
24.490000000000002,93.921111,0.9890321485668874
24.490000000000002,94.171111,0.983100083766196
24.490000000000002,94.421111,0.91333482318467
24.490000000000002,94.671111,0.45203594342344644
24.490000000000002,94.921111,0.06181446825484747
24.490000000000002,95.171111,0.010159243408968862
24.490000000000002,95.421111,0.0035493764947254498
24.490000000000002,95.671111,0.002204640820702448
24.490000000000002,95.921111,0.0018500931826613905
24.490000000000002,96.171111,0.001748501674924406
24.490000000000002,96.421111,0.0017140697497860348
24.490000000000002,96.671111,0.0016953917128891066
24.490000000000002,96.921111,0.0016798642118933498
24.490000000000002,97.171111,0.0016649586946129965
24.740000000000002,72.421111,0.004446795449462956
24.740000000000002,72.671111,0.004402151423318406
24.740000000000002,72.921111,0.00435800929831202
24.740000000000002,73.171111,0.00431436298607977
24.740000000000002,73.421111,0.004271206476361759
24.740000000000002,73.671111,0.00422853383596156
24.740000000000002,73.921111,0.004186339207719702
24.740000000000002,74.171111,0.004144616809500967
24.740000000000002,74.421111,0.004103360933195525
24.740000000000002,74.671111,0.004062565943733516
24.740000000000002,74.921111,0.004022226278113071
24.740000000000002,75.171111,0.003982336444441432
24.740000000000002,75.421111,0.003942891020989149
24.740000000000002,75.671111,0.003903884655257067
24.740000000000002,75.921111,0.0038653120630560054
24.740000000000002,76.171111,0.0038271680275988886
24.740000000000002,76.421111,0.0037894473986052005
24.740000000000002,76.671111,0.003752145091417645
24.740000000000002,76.921111,0.003715256086130731
24.740000000000002,77.171111,0.0036787754267312246
24.740000000000002,77.421111,0.003642698220250283
24.740000000000002,77.671111,0.003607019635927039
24.740000000000002,77.921111,0.003571734904383638
24.740000000000002,78.171111,0.0035368393168113722
24.740000000000002,78.421111,0.0035023282241679675
24.740000000000002,78.671111,0.0034681970363856984
24.740000000000002,78.921111,0.003434441221590288
24.740000000000002,79.171111,0.0034010563053304163
24.740000000000002,79.421111,0.0033680378698176866
24.740000000000002,79.671111,0.0033353815531769115
24.740000000000002,79.921111,0.0033030830487066117
24.740000000000002,80.171111,0.003271138104149488
24.740000000000002,80.421111,0.00323954252097289
24.740000000000002,80.671111,0.0032082921536589885
24.740000000000002,80.921111,0.003177382909004613
24.740000000000002,81.171111,0.0031468107454306004
24.740000000000002,81.421111,0.00311657167230051
24.740000000000002,81.671111,0.0030866617492485977
24.740000000000002,81.921111,0.0030570770855169044
24.740000000000002,82.171111,0.003027813839301365
24.740000000000002,82.421111,0.002998868217106769
24.740000000000002,82.671111,0.0029702364731104686
24.740000000000002,82.921111,0.002941914908534768
24.740000000000002,83.171111,0.002913899871027785
24.740000000000002,83.421111,0.0028861877540527206
24.740000000000002,83.671111,0.0028587749962854492
24.740000000000002,83.921111,0.0028316580810202182
24.740000000000002,84.171111,0.0028048335355834587
24.740000000000002,84.421111,0.002778297930755541
24.740000000000002,84.671111,0.002752047880200345
24.740000000000002,84.921111,0.002726080039902564
24.740000000000002,85.171111,0.0027003911076126956
24.740000000000002,85.421111,0.002674977822299445
24.740000000000002,85.671111,0.0026498369636096595
24.740000000000002,85.921111,0.002624965351335665
24.740000000000002,86.171111,0.002600359844892758
24.740000000000002,86.421111,0.0025760173428567338
24.740000000000002,86.671111,0.0025519347832455115
24.740000000000002,86.921111,0.0025281091517822757
24.740000000000002,87.171111,0.002504537556441901
24.740000000000002,87.421111,0.0024812177184794747
24.740000000000002,87.671111,0.0024581503911863317
24.740000000000002,87.921111,0.0024353480530476634
24.740000000000002,88.171111,0.00241285683014579
24.740000000000002,88.421111,0.0023907967240745943
24.740000000000002,88.671111,0.0023694674458893763
24.740000000000002,88.921111,0.00234998192124951
24.740000000000002,89.171111,0.002337608994500434
24.740000000000002,89.421111,0.0023539035169461027
24.740000000000002,89.671111,0.002467836414466196
24.740000000000002,89.921111,0.0028606344728960525
24.740000000000002,90.171111,0.003971429206301881
24.740000000000002,90.421111,0.006813193139291664
24.740000000000002,90.671111,0.013027133630784308
24.740000000000002,90.921111,0.02270229611120682
24.740000000000002,91.171111,0.03317577163977315
24.740000000000002,91.421111,0.04935503321432511
24.740000000000002,91.671111,0.09988038600558843
24.740000000000002,91.921111,0.2662028839016996
24.740000000000002,92.171111,0.5802572817909112
24.740000000000002,92.421111,0.8105084262458745
24.740000000000002,92.671111,0.899891038360125
24.740000000000002,92.921111,0.9311888004589297
24.740000000000002,93.171111,0.9483470783497355
24.740000000000002,93.421111,0.9679445921779267
24.740000000000002,93.671111,0.9850348887390189
24.740000000000002,93.921111,0.9922755624570843
24.740000000000002,94.171111,0.9908556183935742
24.740000000000002,94.421111,0.9613714955896829
24.740000000000002,94.671111,0.6727372541337013
24.740000000000002,94.921111,0.12321373794524874
24.740000000000002,95.171111,0.016690515961025196
24.740000000000002,95.421111,0.004684207050333402
24.740000000000002,95.671111,0.0025353840843550554
24.740000000000002,95.921111,0.0019955473931167304
24.740000000000002,96.171111,0.001842711782343902
24.740000000000002,96.421111,0.001794415882584975
24.740000000000002,96.671111,0.0017721315209613233
24.740000000000002,96.921111,0.001755404091589277
24.740000000000002,97.171111,0.001739766439477074
24.990000000000002,72.421111,0.004643283883332225
24.990000000000002,72.671111,0.004596720772429635
24.990000000000002,72.921111,0.004550680568742336
24.990000000000002,73.171111,0.004505156937036426
24.990000000000002,73.421111,0.0044601436232153515
24.990000000000002,73.671111,0.004415634453241469
24.990000000000002,73.921111,0.004371623332072162
24.990000000000002,74.171111,0.004328104242610284
24.990000000000002,74.421111,0.004285071244668834
24.990000000000002,74.671111,0.004242518473949519
24.990000000000002,74.921111,0.004200440141035227
24.990000000000002,75.171111,0.004158830530395992
24.990000000000002,75.421111,0.004117683999408511
24.990000000000002,75.671111,0.004076994977388818
24.990000000000002,75.921111,0.004036757964638081
24.990000000000002,76.171111,0.003996967531501296
24.990000000000002,76.421111,0.0039576183174387
24.990000000000002,76.671111,0.003918705030109744
24.990000000000002,76.921111,0.003880222444469495
24.990000000000002,77.171111,0.0038421654018771746
24.990000000000002,77.421111,0.0038045288092168664
24.990000000000002,77.671111,0.0037673076380300486
24.990000000000002,77.921111,0.0037304969236598884
24.990000000000002,78.171111,0.0036940917644071244
24.990000000000002,78.421111,0.003658087320697366
24.990000000000002,78.671111,0.0036224788142596737
24.990000000000002,78.921111,0.00358726152731624
24.990000000000002,79.171111,0.0035524308017830814
24.990000000000002,79.421111,0.003517982038481507
24.990000000000002,79.671111,0.003483910696360268
24.990000000000002,79.921111,0.003450212291728287
24.990000000000002,80.171111,0.003416882397497719
24.990000000000002,80.421111,0.003383916642437293
24.990000000000002,80.671111,0.0033513107104357403
24.990000000000002,80.921111,0.0033190603397752444
24.990000000000002,81.171111,0.0032871613224146447
24.990000000000002,81.421111,0.003255609503282444
24.990000000000002,81.671111,0.0032244007795792897
24.990000000000002,81.921111,0.003193531100089987
24.990000000000002,82.171111,0.003162996464504762
24.990000000000002,82.421111,0.003132792922749737
24.990000000000002,82.671111,0.0031029165743264634
24.990000000000002,82.921111,0.003073363567660416
24.990000000000002,83.171111,0.0030441300994582523
24.990000000000002,83.421111,0.003015212414073815
24.990000000000002,83.671111,0.0029866068028827123
24.990000000000002,83.921111,0.0029583096036653283
24.990000000000002,84.171111,0.0029303171999982016
24.990000000000002,84.421111,0.0029026260206536348
24.990000000000002,84.671111,0.0028752325390074174
24.990000000000002,84.921111,0.002848133272454559
24.990000000000002,85.171111,0.0028213247818329413
24.990000000000002,85.421111,0.0027948036708547153
24.990000000000002,85.671111,0.0027685665855454664
24.990000000000002,85.921111,0.0027426102136919434
24.990000000000002,86.171111,0.0027169312843198564
24.990000000000002,86.421111,0.0026915265675824555
24.990000000000002,86.671111,0.0026663928802795832
24.990000000000002,86.921111,0.002641527152220532
24.990000000000002,87.171111,0.0026169269981663134
24.990000000000002,87.421111,0.0025925944655481228
24.990000000000002,87.671111,0.002568554454832156
24.990000000000002,87.921111,0.0025449204293983454
24.990000000000002,88.171111,0.0025220534214988703
24.990000000000002,88.421111,0.0025007824749373082
24.990000000000002,88.671111,0.0024825094397253754
24.990000000000002,88.921111,0.002469679831943488
24.990000000000002,89.171111,0.0024709910325915086
24.990000000000002,89.421111,0.0025249011988229242
24.990000000000002,89.671111,0.0027691734036376803
24.990000000000002,89.921111,0.0036418643663242494
24.990000000000002,90.171111,0.006697591017585511
24.990000000000002,90.421111,0.01847074883946593
24.990000000000002,90.671111,0.06267305244770803
24.990000000000002,90.921111,0.1688178596556043
24.990000000000002,91.171111,0.28608694007893654
24.990000000000002,91.421111,0.3790367037525755
24.990000000000002,91.671111,0.5249146551256929
24.990000000000002,91.921111,0.7368671908867184
24.990000000000002,92.171111,0.8835369432491014
24.990000000000002,92.421111,0.9394668597571922
24.990000000000002,92.671111,0.9561399225429839
24.990000000000002,92.921111,0.959979682155293
24.990000000000002,93.171111,0.9629205808374223
24.990000000000002,93.421111,0.9728667752484735
24.990000000000002,93.671111,0.9860723916957983
24.990000000000002,93.921111,0.9932334227775093
24.990000000000002,94.171111,0.9936770403177818
24.990000000000002,94.421111,0.9796997150676702
24.990000000000002,94.671111,0.8235345558823699
24.990000000000002,94.921111,0.23133063592946052
24.990000000000002,95.171111,0.02875637091464403
24.990000000000002,95.421111,0.006527959032974703
24.990000000000002,95.671111,0.003021472261306792
24.990000000000002,95.921111,0.0021895151230148908
24.990000000000002,96.171111,0.001954660157947759
24.990000000000002,96.421111,0.001882603551011784
24.990000000000002,96.671111,0.0018538363968312044
24.990000000000002,96.921111,0.001835189053798496
24.990000000000002,97.171111,0.0018186456665590571
25.240000000000002,72.421111,0.004850241524556011
25.240000000000002,72.671111,0.004801659487011921
25.240000000000002,72.921111,0.004753622426280833
25.240000000000002,73.171111,0.004706123748235599
25.240000000000002,73.421111,0.004659156943058234
25.240000000000002,73.671111,0.004612715584122188
25.240000000000002,73.921111,0.004566793326889539
25.240000000000002,74.171111,0.004521383907823139
25.240000000000002,74.421111,0.004476481143313249
25.240000000000002,74.671111,0.004432078928618738
25.240000000000002,74.921111,0.0043881712368224355
25.240000000000002,75.171111,0.00434475211780058
25.240000000000002,75.421111,0.004301815697206134
25.240000000000002,75.671111,0.004259356175465777
25.240000000000002,75.921111,0.004217367826790452
25.240000000000002,76.171111,0.00417584499819914
25.240000000000002,76.421111,0.004134782108555918
25.240000000000002,76.671111,0.0040941736476198635
25.240000000000002,76.921111,0.004054014175107873
25.240000000000002,77.171111,0.004014298319770043
25.240000000000002,77.421111,0.003975020778477543
25.240000000000002,77.671111,0.003936176315322778
25.240000000000002,77.921111,0.0038977597607317235
25.240000000000002,78.171111,0.0038597660105881533
25.240000000000002,78.421111,0.003822190025369785
25.240000000000002,78.671111,0.0037850268292959717
25.240000000000002,78.921111,0.0037482715094869926
25.240000000000002,79.171111,0.0037119192151346242
25.240000000000002,79.421111,0.0036759651566838987
25.240000000000002,79.671111,0.0036404046050259693
25.240000000000002,79.921111,0.0036052328907017982
25.240000000000002,80.171111,0.003570445403116626
25.240000000000002,80.421111,0.0035360375897650503
25.240000000000002,80.671111,0.0035020049554665396
25.240000000000002,80.921111,0.00346834306161128
25.240000000000002,81.171111,0.0034350475254161968
25.240000000000002,81.421111,0.0034021140191910423
25.240000000000002,81.671111,0.0033695382696143357
25.240000000000002,81.921111,0.0033373160570191298
25.240000000000002,82.171111,0.003305443214688387
25.240000000000002,82.421111,0.0032739156281599
25.240000000000002,82.671111,0.0032427292345405256
25.240000000000002,82.921111,0.0032118800218297575
25.240000000000002,83.171111,0.0031813640282523656
25.240000000000002,83.421111,0.0031511773416000653
25.240000000000002,83.671111,0.003121316098582067
25.240000000000002,83.921111,0.003091776484184383
25.240000000000002,84.171111,0.003062554731037788
25.240000000000002,84.421111,0.0030336471187942847
25.240000000000002,84.671111,0.003005049973512023
25.240000000000002,84.921111,0.002976759667048442
25.240000000000002,85.171111,0.002948772616461676
25.240000000000002,85.421111,0.0029210852834199827
25.240000000000002,85.671111,0.0028936941736193516
25.240000000000002,85.921111,0.0028665958362148053
25.240000000000002,86.171111,0.0028397868633919447
25.240000000000002,86.421111,0.0028132638923094137
25.240000000000002,86.671111,0.0027870236399938093
25.240000000000002,86.921111,0.0027610632946716367
25.240000000000002,87.171111,0.002735383869138209
25.240000000000002,87.421111,0.002710012159053097
25.240000000000002,87.671111,0.0026851086325559476
25.240000000000002,87.921111,0.0026613518274696975
25.240000000000002,88.171111,0.0026408618565641425
25.240000000000002,88.421111,0.0026283977287893776
25.240000000000002,88.671111,0.002631097835521067
25.240000000000002,88.921111,0.0026552722642172507
25.240000000000002,89.171111,0.0027078653293631373
25.240000000000002,89.421111,0.0028323813849562215
25.240000000000002,89.671111,0.003239662482154898
25.240000000000002,89.921111,0.004753477801235612
25.240000000000002,90.171111,0.011326118781422242
25.240000000000002,90.421111,0.0492922325976678
25.240000000000002,90.671111,0.26411341586392384
25.240000000000002,90.921111,0.6815482988022051
25.240000000000002,91.171111,0.8715080264980999
25.240000000000002,91.421111,0.9253440979628693
25.240000000000002,91.671111,0.9541147923196913
25.240000000000002,91.921111,0.9752063072812999
25.240000000000002,92.171111,0.9847195282928736
25.240000000000002,92.421111,0.9854770167881142
25.240000000000002,92.671111,0.979532646940079
25.240000000000002,92.921111,0.9678988144368145
25.240000000000002,93.171111,0.9588099234521564
25.240000000000002,93.421111,0.966529455391059
25.240000000000002,93.671111,0.9844737314065808
25.240000000000002,93.921111,0.9943285691243264
25.240000000000002,94.171111,0.9964027094666124
25.240000000000002,94.421111,0.9917458531854548
25.240000000000002,94.671111,0.9314312236190069
25.240000000000002,94.921111,0.4465063754713757
25.240000000000002,95.171111,0.05845616078216476
25.240000000000002,95.421111,0.010339903794020971
25.240000000000002,95.671111,0.0038836694171896177
25.240000000000002,95.921111,0.0024910098131606245
25.240000000000002,96.171111,0.002103373883826783
25.240000000000002,96.421111,0.0019848466146644545
25.240000000000002,96.671111,0.0019424891066445729
25.240000000000002,96.921111,0.0019199212262973897
25.240000000000002,97.171111,0.0019019485197047355
25.490000000000002,72.421111,0.005068287774504018
25.490000000000002,72.671111,0.005017581229392821
25.490000000000002,72.921111,0.004967442853012407
25.490000000000002,73.171111,0.004917865779696048
25.490000000000002,73.421111,0.004868843231402936
25.490000000000002,73.671111,0.004820368516559504
25.490000000000002,73.921111,0.004772435028916238
25.490000000000002,74.171111,0.004725036246419865
25.490000000000002,74.421111,0.004678165730100546
25.490000000000002,74.671111,0.004631817122974055
25.490000000000002,74.921111,0.0045859841489585785
25.490000000000002,75.171111,0.004540660611806095
25.490000000000002,75.421111,0.004495840394048092
25.490000000000002,75.671111,0.004451517455955335
25.490000000000002,75.921111,0.004407685834511689
25.490000000000002,76.171111,0.00436433964240164
25.490000000000002,76.421111,0.00432147306701143
25.490000000000002,76.671111,0.0042790803694435844
25.490000000000002,76.921111,0.004237155883544713
25.490000000000002,77.171111,0.004195694014946292
25.490000000000002,77.421111,0.004154689240118388
25.490000000000002,77.671111,0.004114136105436095
25.490000000000002,77.921111,0.004074029226258487
25.490000000000002,78.171111,0.004034363286019932
25.490000000000002,78.421111,0.0039951330353337
25.490000000000002,78.671111,0.003956333291107533
25.490000000000002,78.921111,0.003917958935671159
25.490000000000002,79.171111,0.0038800049159154956
25.490000000000002,79.421111,0.0038424662424434595
25.490000000000002,79.671111,0.003805337988732144
25.490000000000002,79.921111,0.003768615290306327
25.490000000000002,80.171111,0.003732293343923125
25.490000000000002,80.421111,0.0036963674067676255
25.490000000000002,80.671111,0.0036608327956593055
25.490000000000002,80.921111,0.0036256848862690014
25.490000000000002,81.171111,0.0035909191123465168
25.490000000000002,81.421111,0.003556530964958584
25.490000000000002,81.671111,0.003522515991737211
25.490000000000002,81.921111,0.0034888697961380035
25.490000000000002,82.171111,0.003455588036708579
25.490000000000002,82.421111,0.0034226664263667123
25.490000000000002,82.671111,0.003390100731688259
25.490000000000002,82.921111,0.0033578867722046405
25.490000000000002,83.171111,0.0033260204197097807
25.490000000000002,83.421111,0.0032944975975763664
25.490000000000002,83.671111,0.003263314280081335
25.490000000000002,83.921111,0.00323246649174037
25.490000000000002,84.171111,0.0032019503066514324
25.490000000000002,84.421111,0.003171761847847057
25.490000000000002,84.671111,0.0031418972866553885
25.490000000000002,84.921111,0.0031123528420698115
25.490000000000002,85.171111,0.003083124780127047
25.490000000000002,85.421111,0.0030542094132936467
25.490000000000002,85.671111,0.0030256030998616376
25.490000000000002,85.921111,0.0029973022433785793
25.490000000000002,86.171111,0.0029693032926817317
25.490000000000002,86.421111,0.0029416027525733337
25.490000000000002,86.671111,0.002914197342732893
25.490000000000002,86.921111,0.002887085760348079
25.490000000000002,87.171111,0.0028602837702431396
25.490000000000002,87.421111,0.0028339230109948334
25.490000000000002,87.671111,0.0028087365965033225
25.490000000000002,87.921111,0.0027877922885430175
25.490000000000002,88.171111,0.0027806963560034837
25.490000000000002,88.421111,0.002809334322496227
25.490000000000002,88.671111,0.0029076764008617306
25.490000000000002,88.921111,0.0031037245165119556
25.490000000000002,89.171111,0.003388144298078684
25.490000000000002,89.421111,0.003738894175113441
25.490000000000002,89.671111,0.004358339769117925
25.490000000000002,89.921111,0.006413759896782797
25.490000000000002,90.171111,0.01609892657844698
25.490000000000002,90.421111,0.08208887161092948
25.490000000000002,90.671111,0.468852316061762
25.490000000000002,90.921111,0.8928236747830893
25.490000000000002,91.171111,0.9758563998603816
25.490000000000002,91.421111,0.9895981685596863
25.490000000000002,91.671111,0.9937570169644584
25.490000000000002,91.921111,0.9956395014816096
25.490000000000002,92.171111,0.995534467838732
25.490000000000002,92.421111,0.9916753581789352
25.490000000000002,92.671111,0.9764063869768493
25.490000000000002,92.921111,0.9365038407666206
25.490000000000002,93.171111,0.8959289365519119
25.490000000000002,93.421111,0.9202477037706848
25.490000000000002,93.671111,0.9740453415773457
25.490000000000002,93.921111,0.9946638969813077
25.490000000000002,94.171111,0.9981684850177323
25.490000000000002,94.421111,0.9973900665724447
25.490000000000002,94.671111,0.981823608987274
25.490000000000002,94.921111,0.750364136593843
25.490000000000002,95.171111,0.14912310805525045
25.490000000000002,95.421111,0.020374748462908352
25.490000000000002,95.671111,0.00573822136248248
25.490000000000002,95.921111,0.0030469614325058197
25.490000000000002,96.171111,0.0023366363618444594
25.490000000000002,96.421111,0.0021185525119042435
25.490000000000002,96.671111,0.0020443832582122214
25.490000000000002,96.921111,0.0020117965206378798
25.490000000000002,97.171111,0.0019904794834519307
25.740000000000002,72.421111,0.00529808165030678
25.740000000000002,72.671111,0.005245138924812469
25.740000000000002,72.921111,0.005192788744479663
25.740000000000002,73.171111,0.005141023958801131
25.740000000000002,73.421111,0.005089837508363729
25.740000000000002,73.671111,0.005039222423647212
25.740000000000002,73.921111,0.004989171823839045
25.740000000000002,74.171111,0.0049396789156649894
25.740000000000002,74.421111,0.00489073699223532
25.740000000000002,74.671111,0.004842339431906327
25.740000000000002,74.921111,0.004794479697157128
25.740000000000002,75.171111,0.004747151333481364
25.740000000000002,75.421111,0.004700347968293736
25.740000000000002,75.671111,0.00465406330985113
25.740000000000002,75.921111,0.004608291146188155
25.740000000000002,76.171111,0.004563025344066885
25.740000000000002,76.421111,0.004518259847940691
25.740000000000002,76.671111,0.004473988678931822
25.740000000000002,76.921111,0.0044302059338227765
25.740000000000002,77.171111,0.0043869057840610765
25.740000000000002,77.421111,0.0043440824747774005
25.740000000000002,77.671111,0.004301730323816811
25.740000000000002,77.921111,0.004259843720783043
25.740000000000002,78.171111,0.004218417126095508
25.740000000000002,78.421111,0.004177445070059047
25.740000000000002,78.671111,0.00413692215194619
25.740000000000002,78.921111,0.004096843039091669
25.740000000000002,79.171111,0.0040572024659986045
25.740000000000002,79.421111,0.004017995233455998
25.740000000000002,79.671111,0.003979216207667839
25.740000000000002,79.921111,0.003940860319395558
25.740000000000002,80.171111,0.003902922563114129
25.740000000000002,80.421111,0.003865397996179496
25.740000000000002,80.671111,0.0038282817380039702
25.740000000000002,80.921111,0.003791568969240249
25.740000000000002,81.171111,0.0037552549309772688
25.740000000000002,81.421111,0.0037193349239492014
25.740000000000002,81.671111,0.0036838043077562378
25.740000000000002,81.921111,0.0036486585000951965
25.740000000000002,82.171111,0.003613892975999778
25.740000000000002,82.421111,0.0035795032670906586
25.740000000000002,82.671111,0.0035454849608357463
25.740000000000002,82.921111,0.003511833699820379
25.740000000000002,83.171111,0.0034785451810274474
25.740000000000002,83.421111,0.0034456151551270774
25.740000000000002,83.671111,0.0034130394257759406
25.740000000000002,83.921111,0.0033808138489258986
25.740000000000002,84.171111,0.003348934332141937
25.740000000000002,84.421111,0.003317396833929276
25.740000000000002,84.671111,0.0032861973630694432
25.740000000000002,84.921111,0.0032553319779653036
25.740000000000002,85.171111,0.0032247967859948693
25.740000000000002,85.421111,0.0031945879428738155
25.740000000000002,85.671111,0.003164701652029756
25.740000000000002,85.921111,0.003135134164075583
25.740000000000002,86.171111,0.0031058817783510143
25.740000000000002,86.421111,0.0030769408812124496
25.740000000000002,86.671111,0.0030483084965099946
25.740000000000002,86.921111,0.003019988377482681
25.740000000000002,87.171111,0.00299204315150187
25.740000000000002,87.421111,0.0029649357949827434
25.740000000000002,87.671111,0.0029412096206963144
25.740000000000002,87.921111,0.0029315226279387975
25.740000000000002,88.171111,0.002969799856341585
25.740000000000002,88.421111,0.003138187351257356
25.740000000000002,88.671111,0.0035897219166724846
25.740000000000002,88.921111,0.004530871563287683
25.740000000000002,89.171111,0.006043745753159486
25.740000000000002,89.421111,0.007700771406859085
25.740000000000002,89.671111,0.008914940822169613
25.740000000000002,89.921111,0.010884932907964209
25.740000000000002,90.171111,0.019996381692172466
25.740000000000002,90.421111,0.0737068513660107
25.740000000000002,90.671111,0.37914897676651493
25.740000000000002,90.921111,0.8419857425608275
25.740000000000002,91.171111,0.9660927921025076
25.740000000000002,91.421111,0.9874108233806901
25.740000000000002,91.671111,0.9928734912551176
25.740000000000002,91.921111,0.9944634567648393
25.740000000000002,92.171111,0.9928081781211927
25.740000000000002,92.421111,0.9816458184438829
25.740000000000002,92.671111,0.9279903604874227
25.740000000000002,92.921111,0.7685215906054043
25.740000000000002,93.171111,0.6269223198718286
25.740000000000002,93.421111,0.7221264578162715
25.740000000000002,93.671111,0.9283686702836963
25.740000000000002,93.921111,0.9917806634634782
25.740000000000002,94.171111,0.9986089940001502
25.740000000000002,94.421111,0.9989676992536176
25.740000000000002,94.671111,0.9953468848557856
25.740000000000002,94.921111,0.9314453703592395
25.740000000000002,95.171111,0.39879769209718563
25.740000000000002,95.421111,0.052160309364396286
25.740000000000002,95.671111,0.010447786756973549
25.740000000000002,95.921111,0.004240962016180978
25.740000000000002,96.171111,0.002779485198382902
25.740000000000002,96.421111,0.002334785162196188
25.740000000000002,96.671111,0.0021805661032634023
25.740000000000002,96.921111,0.002118684737879589
25.740000000000002,97.171111,0.0020868880273431666
25.990000000000002,72.421111,0.005540324457893079
25.990000000000002,72.671111,0.005485027412087912
25.990000000000002,72.921111,0.005430348538164835
25.990000000000002,73.171111,0.005376280386787623
25.990000000000002,73.421111,0.005322815603340533
25.990000000000002,73.671111,0.005269946926682948
25.990000000000002,73.921111,0.005217667187920436
25.990000000000002,74.171111,0.005165969309192223
25.990000000000002,74.421111,0.005114846302474649
25.990000000000002,74.671111,0.005064291268400543
25.990000000000002,74.921111,0.0050142973950942716
25.990000000000002,75.171111,0.004964857957022233
25.990000000000002,75.421111,0.004915966313858687
25.990000000000002,75.671111,0.004867615909366548
25.990000000000002,75.921111,0.0048198002702931845
25.990000000000002,76.171111,0.004772513005280823
25.990000000000002,76.421111,0.004725747803791443
25.990000000000002,76.671111,0.004679498435046069
25.990000000000002,76.921111,0.0046337587469780835
25.990000000000002,77.171111,0.00458852266520054
25.990000000000002,77.421111,0.004543784191987244
25.990000000000002,77.671111,0.00449953740526742
25.990000000000002,77.921111,0.004455776457634157
25.990000000000002,78.171111,0.00441249557536692
25.990000000000002,78.421111,0.004369689057469355
25.990000000000002,78.671111,0.00432735127472248
25.990000000000002,78.921111,0.004285476668748153
25.990000000000002,79.171111,0.004244059751068967
25.990000000000002,79.421111,0.004203095102153247
25.990000000000002,79.671111,0.004162577370469365
25.990000000000002,79.921111,0.004122501271612396
25.990000000000002,80.171111,0.004082861587526461
25.990000000000002,80.421111,0.004043653165732697
25.990000000000002,80.671111,0.004004870918450757
25.990000000000002,80.921111,0.003966509821638969
25.990000000000002,81.171111,0.003928564914081222
25.990000000000002,81.421111,0.003891031296578229
25.990000000000002,81.671111,0.0038539041311895527
25.990000000000002,81.921111,0.0038171786404655084
25.990000000000002,82.171111,0.003780850106660718
25.990000000000002,82.421111,0.0037449138709480744
25.990000000000002,82.671111,0.003709365332644738
25.990000000000002,82.921111,0.0036741999484518175
25.990000000000002,83.171111,0.0036394132317057446
25.990000000000002,83.421111,0.003605000751640225
25.990000000000002,83.671111,0.003570958132658114
25.990000000000002,83.921111,0.003537281053613091
25.990000000000002,84.171111,0.003503965247100867
25.990000000000002,84.421111,0.003471006498759954
25.990000000000002,84.671111,0.0034384006465817216
25.990000000000002,84.921111,0.003406143580229697
25.990000000000002,85.171111,0.0033742312403679795
25.990000000000002,85.421111,0.003342659617998824
25.990000000000002,85.671111,0.0033114247538174996
25.990000000000002,85.921111,0.0032805227378165285
25.990000000000002,86.171111,0.003249949714364156
25.990000000000002,86.421111,0.003219701984782246
25.990000000000002,86.671111,0.0031897774690283803
25.990000000000002,86.921111,0.003160191872090294
25.990000000000002,87.171111,0.003131117063063928
25.990000000000002,87.421111,0.0031037875581835317
25.990000000000002,87.671111,0.0030849705518150292
25.990000000000002,87.921111,0.0031032496710904607
25.990000000000002,88.171111,0.0032530513959415364
25.990000000000002,88.421111,0.003794667031743674
25.990000000000002,88.671111,0.005408668903622624
25.990000000000002,88.921111,0.009857992211859224
25.990000000000002,89.171111,0.020331083417052646
25.990000000000002,89.421111,0.03524881768402893
25.990000000000002,89.671111,0.04024604505957018
25.990000000000002,89.921111,0.03289484981760942
25.990000000000002,90.171111,0.029854660578853727
25.990000000000002,90.421111,0.0483235633385112
25.990000000000002,90.671111,0.14514843867110452
25.990000000000002,90.921111,0.4414942635973389
25.990000000000002,91.171111,0.7547095045963615
25.990000000000002,91.421111,0.8890722179462642
25.990000000000002,91.671111,0.9379098128286039
25.990000000000002,91.921111,0.9551126888343273
25.990000000000002,92.171111,0.9489015008228882
25.990000000000002,92.421111,0.893375891908269
25.990000000000002,92.671111,0.6912951518319733
25.990000000000002,92.921111,0.3702505363332436
25.990000000000002,93.171111,0.22764457769283467
25.990000000000002,93.421111,0.32333417474584863
25.990000000000002,93.671111,0.7372120079021903
25.990000000000002,93.921111,0.9732320610670693
25.990000000000002,94.171111,0.9973245876719681
25.990000000000002,94.421111,0.9990362283586459
25.990000000000002,94.671111,0.9979034098986782
25.990000000000002,94.921111,0.9802506656551833
25.990000000000002,95.171111,0.731659427655752
25.990000000000002,95.421111,0.15568685761694176
25.990000000000002,95.671111,0.024468706301215868
25.990000000000002,95.921111,0.007289357059905343
25.990000000000002,96.171111,0.003809140371303099
25.990000000000002,96.421111,0.0027868044948656276
25.990000000000002,96.671111,0.002415932264656656
25.990000000000002,96.921111,0.002265856287867466
25.990000000000002,97.171111,0.002199887370280854
26.240000000000002,72.421111,0.005795762650680136
26.240000000000002,72.671111,0.005737986278541172
26.240000000000002,72.921111,0.005680855024855107
26.240000000000002,73.171111,0.005624361126746553
26.240000000000002,73.421111,0.005568496919852201
26.240000000000002,73.671111,0.005513254837029483
26.240000000000002,73.921111,0.005458627407082347
26.240000000000002,74.171111,0.005404607253503788
26.240000000000002,74.421111,0.005351187093234919
26.240000000000002,74.671111,0.005298359735440512
26.240000000000002,74.921111,0.0052461180803006924
26.240000000000002,75.171111,0.005194455117818553
26.240000000000002,75.421111,0.0051433639266435845
26.240000000000002,75.671111,0.005092837672910657
26.240000000000002,75.921111,0.00504286960909435
26.240000000000002,76.171111,0.004993453072878458
26.240000000000002,76.421111,0.004944581486040489
26.240000000000002,76.671111,0.004896248353350909
26.240000000000002,76.921111,0.004848447261487027
26.240000000000002,77.171111,0.004801171877961346
26.240000000000002,77.421111,0.004754415950064467
26.240000000000002,77.671111,0.004708173303823854
26.240000000000002,77.921111,0.004662437842984979
26.240000000000002,78.171111,0.0046172035480350005
26.240000000000002,78.421111,0.004572464475304049
26.240000000000002,78.671111,0.004528214756150924
26.240000000000002,78.921111,0.004484448596081126
26.240000000000002,79.171111,0.00444116027339547
26.240000000000002,79.421111,0.004398344137076004
26.240000000000002,79.671111,0.004355994604635922
26.240000000000002,79.921111,0.0043141061617514515
26.240000000000002,80.171111,0.004272673364301785
26.240000000000002,80.421111,0.004231690840195278
26.240000000000002,80.671111,0.004191153287780397
26.240000000000002,80.921111,0.004151055471607083
26.240000000000002,81.171111,0.004111392219251315
26.240000000000002,81.421111,0.004072158420854403
26.240000000000002,81.671111,0.004033349029819979
26.240000000000002,81.921111,0.0039949590629064615
26.240000000000002,82.171111,0.003956983599491064
26.240000000000002,82.421111,0.00391941778054702
26.240000000000002,82.671111,0.0038822568076824046
26.240000000000002,82.921111,0.003845495942285932
26.240000000000002,83.171111,0.0038091305047312667
26.240000000000002,83.421111,0.003773155873606481
26.240000000000002,83.671111,0.0037375674849567993
26.240000000000002,83.921111,0.003702360831538024
26.240000000000002,84.171111,0.00366753146207988
26.240000000000002,84.421111,0.0036330749805592293
26.240000000000002,84.671111,0.003598987045482952
26.240000000000002,84.921111,0.0035652633691804123
26.240000000000002,85.171111,0.0035318997171053094
26.240000000000002,85.421111,0.00349889190714734
26.240000000000002,85.671111,0.0034662358089700787
26.240000000000002,85.921111,0.003433927343848304
26.240000000000002,86.171111,0.003401962495652073
26.240000000000002,86.421111,0.0033703375205068114
26.240000000000002,86.671111,0.0033390519260727467
26.240000000000002,86.921111,0.003308141417162081
26.240000000000002,87.171111,0.0032779599148057125
26.240000000000002,87.421111,0.00325102792301337
26.240000000000002,87.671111,0.0032411800757800114
26.240000000000002,87.921111,0.0033076226529403503
26.240000000000002,88.171111,0.003657455434711844
26.240000000000002,88.421111,0.004978482368850849
26.240000000000002,88.671111,0.009993047349468423
26.240000000000002,88.921111,0.03196084253165142
26.240000000000002,89.171111,0.12141679930921857
26.240000000000002,89.421111,0.28838117219317405
26.240000000000002,89.671111,0.3196240265568326
26.240000000000002,89.921111,0.17671317012980337
26.240000000000002,90.171111,0.06788256627668586
26.240000000000002,90.421111,0.03732679646176453
26.240000000000002,90.671111,0.04221104009356029
26.240000000000002,90.921111,0.07934099109596467
26.240000000000002,91.171111,0.16314661713133594
26.240000000000002,91.421111,0.29027062977334406
26.240000000000002,91.671111,0.4406246767434488
26.240000000000002,91.921111,0.5742829722577865
26.240000000000002,92.171111,0.624711201361416
26.240000000000002,92.421111,0.5348473768176534
26.240000000000002,92.671111,0.3076448720439476
26.240000000000002,92.921111,0.12509035221124423
26.240000000000002,93.171111,0.06776720409343892
26.240000000000002,93.421111,0.09267036736209427
26.240000000000002,93.671111,0.3243455874535364
26.240000000000002,93.921111,0.843867574043774
26.240000000000002,94.171111,0.9848236754629166
26.240000000000002,94.421111,0.9968984446771414
26.240000000000002,94.671111,0.997188575092535
26.240000000000002,94.921111,0.9886939942665205
26.240000000000002,95.171111,0.892967763799375
26.240000000000002,95.421111,0.39737467400083054
26.240000000000002,95.671111,0.07251076278429162
26.240000000000002,95.921111,0.017145182992058815
26.240000000000002,96.171111,0.0067838331259467526
26.240000000000002,96.421111,0.003941869477096748
26.240000000000002,96.671111,0.002927849705845144
26.240000000000002,96.921111,0.0025213077976752258
26.240000000000002,97.171111,0.0023542447621612314
26.490000000000002,72.421111,0.006065190886705506
26.490000000000002,72.671111,0.006004802891905445
26.490000000000002,72.921111,0.005945088355531466
26.490000000000002,73.171111,0.005886039185701699
26.490000000000002,73.421111,0.005827647393010319
26.490000000000002,73.671111,0.00576990508918853
26.490000000000002,73.921111,0.0057128044857831925
26.490000000000002,74.171111,0.005656337892852694
26.490000000000002,74.421111,0.005600497717680014
26.490000000000002,74.671111,0.005545276463502611
26.490000000000002,74.921111,0.005490666728259082
26.490000000000002,75.171111,0.00543666120335223
26.490000000000002,75.421111,0.005383252672428432
26.490000000000002,75.671111,0.005330434010173088
26.490000000000002,75.921111,0.005278198181121895
26.490000000000002,76.171111,0.005226538238487793
26.490000000000002,76.421111,0.005175447323003456
26.490000000000002,76.671111,0.005124918661779266
26.490000000000002,76.921111,0.005074945567177147
26.490000000000002,77.171111,0.0050255214357018616
26.490000000000002,77.421111,0.0049766397469150755
26.490000000000002,77.671111,0.004928294062405408
26.490000000000002,77.921111,0.0048804780249693805
26.490000000000002,78.171111,0.004833185358479314
26.490000000000002,78.421111,0.004786409869253912
26.490000000000002,78.671111,0.004740145448988925
26.490000000000002,78.921111,0.004694386075613077
26.490000000000002,79.171111,0.004649125803031318
26.490000000000002,79.421111,0.004604358733791618
26.490000000000002,79.671111,0.004560078991642821
26.490000000000002,79.921111,0.004516280734239676
26.490000000000002,80.171111,0.004472958218664941
26.490000000000002,80.421111,0.00443010586069328
26.490000000000002,80.671111,0.0043877182172098635
26.490000000000002,80.921111,0.0043457899098377955
26.490000000000002,81.171111,0.004304315572673452
26.490000000000002,81.421111,0.00426328986051585
26.490000000000002,81.671111,0.004222707482562001
26.490000000000002,81.921111,0.004182563222218039
26.490000000000002,82.171111,0.004142851938108058
26.490000000000002,82.421111,0.004103568558426337
26.490000000000002,82.671111,0.004064708076446743
26.490000000000002,82.921111,0.004026265548205035
26.490000000000002,83.171111,0.003988236091274844
26.490000000000002,83.421111,0.003950614883886359
26.490000000000002,83.671111,0.003913397164127042
26.490000000000002,83.921111,0.0038765782291640956
26.490000000000002,84.171111,0.003840153434478601
26.490000000000002,84.421111,0.0038041181931099803
26.490000000000002,84.671111,0.0037684679749105106
26.490000000000002,84.921111,0.0037331983058097058
26.490000000000002,85.171111,0.003698304767088476
26.490000000000002,85.421111,0.00366378299466374
26.490000000000002,85.671111,0.0036296286784090743
26.490000000000002,85.921111,0.0035958375622523312
26.490000000000002,86.171111,0.0035624054617124073
26.490000000000002,86.421111,0.0035293285923505657
26.490000000000002,86.671111,0.0034966082326121895
26.490000000000002,86.921111,0.003464302284288416
26.490000000000002,87.171111,0.003432966666390955
26.490000000000002,87.421111,0.003406549728642702
26.490000000000002,87.671111,0.0034067691810792753
26.490000000000002,87.921111,0.00352782183493757
26.490000000000002,88.171111,0.00411848804523174
26.490000000000002,88.421111,0.006556813970986756
26.490000000000002,88.671111,0.018575781571456167
26.490000000000002,88.921111,0.10049568876822543
26.490000000000002,89.171111,0.4874882000533022
26.490000000000002,89.421111,0.824753127969655
26.490000000000002,89.671111,0.848392333239643
26.490000000000002,89.921111,0.5982135806769074
26.490000000000002,90.171111,0.16985426408397233
26.490000000000002,90.421111,0.03869690582429845
26.490000000000002,90.671111,0.01808044006760782
26.490000000000002,90.921111,0.017102515144247644
26.490000000000002,91.171111,0.023915373350994813
26.490000000000002,91.421111,0.04077460528128968
26.490000000000002,91.671111,0.08154872045933025
26.490000000000002,91.921111,0.1728588408475904
26.490000000000002,92.171111,0.29351524692961656
26.490000000000002,92.421111,0.3171389123005415
26.490000000000002,92.671111,0.19748166208782797
26.490000000000002,92.921111,0.07786199642231036
26.490000000000002,93.171111,0.034574486121043566
26.490000000000002,93.421111,0.03279298594328743
26.490000000000002,93.671111,0.08415598681121528
26.490000000000002,93.921111,0.37479660122927855
26.490000000000002,94.171111,0.846198524754885
26.490000000000002,94.421111,0.9719664457356487
26.490000000000002,94.671111,0.9878466073827886
26.490000000000002,94.921111,0.9822371986208577
26.490000000000002,95.171111,0.9309620851621768
26.490000000000002,95.421111,0.6656468390127902
26.490000000000002,95.671111,0.23048814649465388
26.490000000000002,95.921111,0.05743855316952872
26.490000000000002,96.171111,0.01754728566223436
26.490000000000002,96.421111,0.007357812875359994
26.490000000000002,96.671111,0.004186983557410252
26.490000000000002,96.921111,0.003048900336712988
26.490000000000002,97.171111,0.002611645518065145
26.740000000000002,72.421111,0.006349455297798405
26.740000000000002,72.671111,0.006286315642731043
26.740000000000002,72.921111,0.006223879257226178
26.740000000000002,73.171111,0.006162137704134479
26.740000000000002,73.421111,0.006101082652926304
26.740000000000002,73.671111,0.006040705878303328
26.740000000000002,73.921111,0.005980999258828138
26.740000000000002,74.171111,0.005921954775571762
26.740000000000002,74.421111,0.005863564510778836
26.740000000000002,74.671111,0.0058058206465501925
26.740000000000002,74.921111,0.005748715463542668
26.740000000000002,75.171111,0.005692241339685949
26.740000000000002,75.421111,0.005636390748916099
26.740000000000002,75.671111,0.005581156259925811
26.740000000000002,75.921111,0.005526530534930912
26.740000000000002,76.171111,0.00547250632845343
26.740000000000002,76.421111,0.005419076486122108
26.740000000000002,76.671111,0.0053662339434967675
26.740000000000002,76.921111,0.005313971724935958
26.740000000000002,77.171111,0.005262282942550119
26.740000000000002,77.421111,0.00521116079533521
26.740000000000002,77.671111,0.005160598569000233
26.740000000000002,77.921111,0.005110589639188112
26.740000000000002,78.171111,0.005061127486798694
26.740000000000002,78.421111,0.005012205740218815
26.740000000000002,78.671111,0.004963818244081218
26.740000000000002,78.921111,0.004915959086769627
26.740000000000002,79.171111,0.004868622428506703
26.740000000000002,79.421111,0.004821802037855677
26.740000000000002,79.671111,0.004775490844651706
26.740000000000002,79.921111,0.004729681198475409
26.740000000000002,80.171111,0.00468436602561697
26.740000000000002,80.421111,0.0046395398540505835
26.740000000000002,80.671111,0.004595198505678786
26.740000000000002,80.921111,0.004551337785831522
26.740000000000002,81.171111,0.004507952599931376
26.740000000000002,81.421111,0.004465037115912979
26.740000000000002,81.671111,0.004422585363378412
26.740000000000002,81.921111,0.004380591590648304
26.740000000000002,82.171111,0.004339050295894927
26.740000000000002,82.421111,0.0042979561427416366
26.740000000000002,82.671111,0.004257303895703242
26.740000000000002,82.921111,0.0042170883931813615
26.740000000000002,83.171111,0.004177304539334685
26.740000000000002,83.421111,0.0041379473017671324
26.740000000000002,83.671111,0.004099011710482386
26.740000000000002,83.921111,0.004060492857050106
26.740000000000002,84.171111,0.004022385893807406
26.740000000000002,84.421111,0.003984686033073117
26.740000000000002,84.671111,0.003947388546372626
26.740000000000002,84.921111,0.003910488763672997
26.740000000000002,85.171111,0.0038739820726282214
26.740000000000002,85.421111,0.003837863917835336
26.740000000000002,85.671111,0.0038021298001324217
26.740000000000002,85.921111,0.0037667752768287192
26.740000000000002,86.171111,0.0037317959828917185
26.740000000000002,86.421111,0.003697188025797848
26.740000000000002,86.671111,0.0036629535896373013
26.740000000000002,86.921111,0.003629162903745466
26.740000000000002,87.171111,0.0035964847583270024
26.740000000000002,87.421111,0.003569666158899774
26.740000000000002,87.671111,0.0035748444958685704
26.740000000000002,87.921111,0.0037260646045429217
26.740000000000002,88.171111,0.004456250828962129
26.740000000000002,88.421111,0.007605792143378883
26.740000000000002,88.671111,0.025062790355761266
26.740000000000002,88.921111,0.16485222209450864
26.740000000000002,89.171111,0.6974947015809458
26.740000000000002,89.421111,0.9350633182377045
26.740000000000002,89.671111,0.9453539137847181
26.740000000000002,89.921111,0.7827944159177752
26.740000000000002,90.171111,0.24674568054435247
26.740000000000002,90.421111,0.03881819835815483
26.740000000000002,90.671111,0.011693797680779567
26.740000000000002,90.921111,0.007665026313313293
26.740000000000002,91.171111,0.008597436230458362
26.740000000000002,91.421111,0.014781825302895945
26.740000000000002,91.671111,0.03998177259798765
26.740000000000002,91.921111,0.14604814922308318
26.740000000000002,92.171111,0.397419839776904
26.740000000000002,92.421111,0.5444217046550223
26.740000000000002,92.671111,0.40804570436448157
26.740000000000002,92.921111,0.1478852998101
26.740000000000002,93.171111,0.04088533414388201
26.740000000000002,93.421111,0.02053533371858632
26.740000000000002,93.671111,0.026916937434497207
26.740000000000002,93.921111,0.08112464344583832
26.740000000000002,94.171111,0.3236906795945498
26.740000000000002,94.421111,0.7291265783906711
26.740000000000002,94.671111,0.9046477555598217
26.740000000000002,94.921111,0.9375459123306241
26.740000000000002,95.171111,0.9123553017831715
26.740000000000002,95.421111,0.79997721133226
26.740000000000002,95.671111,0.5284533905673885
26.740000000000002,95.921111,0.2145188894789191
26.740000000000002,96.171111,0.0623437360444715
26.740000000000002,96.421111,0.018875544366729294
26.740000000000002,96.671111,0.007579393852045176
26.740000000000002,96.921111,0.004253379296787663
26.740000000000002,97.171111,0.003113531025692539
26.990000000000002,72.421111,0.006649456985232038
26.990000000000002,72.671111,0.0065834174116551
26.990000000000002,72.921111,0.006518112472135644
26.990000000000002,73.171111,0.006453533367164384
26.990000000000002,73.421111,0.00638967140818278
26.990000000000002,73.671111,0.0063265180161432575
26.990000000000002,73.921111,0.006264064720088093
26.990000000000002,74.171111,0.0062023031557467455
26.990000000000002,74.421111,0.006141225064151279
26.990000000000002,74.671111,0.006080822290269915
26.990000000000002,74.921111,0.006021086781658185
26.990000000000002,75.171111,0.0059620105871277035
26.990000000000002,75.421111,0.005903585855432245
26.990000000000002,75.671111,0.005845804833970988
26.990000000000002,75.921111,0.005788659867509367
26.990000000000002,76.171111,0.005732143396923083
26.990000000000002,76.421111,0.005676247958000853
26.990000000000002,76.671111,0.005620966180468305
26.990000000000002,76.921111,0.005566290787737025
26.990000000000002,77.171111,0.005512214598328999
26.990000000000002,77.421111,0.005458730530096402
26.990000000000002,77.671111,0.005405831612146675
26.990000000000002,77.921111,0.005353511038716957
26.990000000000002,78.171111,0.005301762388659051
26.990000000000002,78.421111,0.0052505802254493375
26.990000000000002,78.671111,0.0051999610609625825
26.990000000000002,78.921111,0.005149903698679978
26.990000000000002,79.171111,0.0051004067911611375
26.990000000000002,79.421111,0.005051462528219271
26.990000000000002,79.671111,0.005003050812342647
26.990000000000002,79.921111,0.0049551430681380225
26.990000000000002,80.171111,0.0049077178831362644
26.990000000000002,80.421111,0.004860774535913899
26.990000000000002,80.671111,0.004814328620113239
26.990000000000002,80.921111,0.004768394442687372
26.990000000000002,81.171111,0.004722973286353275
26.990000000000002,81.421111,0.004678055668194297
26.990000000000002,81.671111,0.0046336294022959
26.990000000000002,81.921111,0.004589684401962246
26.990000000000002,82.171111,0.0045462131100342945
26.990000000000002,82.421111,0.004503209375354649
26.990000000000002,82.671111,0.004460667592789624
26.990000000000002,82.921111,0.004418582348049331
26.990000000000002,83.171111,0.004376948317491314
26.990000000000002,83.421111,0.004335760246902385
26.990000000000002,83.671111,0.004295012947491569
26.990000000000002,83.921111,0.0042547012946734086
26.990000000000002,84.171111,0.004214820227204818
26.990000000000002,84.421111,0.0041753647463656255
26.990000000000002,84.671111,0.00413632991515233
26.990000000000002,84.921111,0.004097710857482647
26.990000000000002,85.171111,0.004059502757410549
26.990000000000002,85.421111,0.004021700858352438
26.990000000000002,85.671111,0.0039843004623531745
26.990000000000002,85.921111,0.003947296930213403
26.990000000000002,86.171111,0.003910685700960042
26.990000000000002,86.421111,0.003874462656192351
26.990000000000002,86.671111,0.00383862929240041
26.990000000000002,86.921111,0.0038032499165413175
26.990000000000002,87.171111,0.0037689412956310783
26.990000000000002,87.421111,0.0037400836529691652
26.990000000000002,87.671111,0.003740772409482138
26.990000000000002,87.921111,0.003875563010259183
26.990000000000002,88.171111,0.00453226259930491
26.990000000000002,88.421111,0.007250747368036608
26.990000000000002,88.671111,0.020746532873146827
26.990000000000002,88.921111,0.11305311917630857
26.990000000000002,89.171111,0.5259595901324251
26.990000000000002,89.421111,0.8475346962076178
26.990000000000002,89.671111,0.8666684747424899
26.990000000000002,89.921111,0.6168450579661332
26.990000000000002,90.171111,0.15864599750198385
26.990000000000002,90.421111,0.027341164739264723
26.990000000000002,90.671111,0.008701308299467265
26.990000000000002,90.921111,0.00558544343017428
26.990000000000002,91.171111,0.006308653173205369
26.990000000000002,91.421111,0.012867447964986138
26.990000000000002,91.671111,0.053774686631075125
26.990000000000002,91.921111,0.32547167394572607
26.990000000000002,92.171111,0.8019534479386757
26.990000000000002,92.421111,0.920731176577204
26.990000000000002,92.671111,0.8579976284156868
26.990000000000002,92.921111,0.45831591859797616
26.990000000000002,93.171111,0.08704881734944311
26.990000000000002,93.421111,0.021800047137486286
26.990000000000002,93.671111,0.014995097772534136
26.990000000000002,93.921111,0.02615518538102033
26.990000000000002,94.171111,0.08188576335914045
26.990000000000002,94.421111,0.2745457203198811
26.990000000000002,94.671111,0.5807438168975109
26.990000000000002,94.921111,0.7687512020526969
26.990000000000002,95.171111,0.8301959028746649
26.990000000000002,95.421111,0.8224926549116284
26.990000000000002,95.671111,0.7389439110598062
26.990000000000002,95.921111,0.5168599648031763
26.990000000000002,96.171111,0.21569091116352332
26.990000000000002,96.421111,0.05993018110493854
26.990000000000002,96.671111,0.017704470270051634
26.990000000000002,96.921111,0.007217244480647013
26.990000000000002,97.171111,0.004156765856499194
27.240000000000002,72.421111,0.006966155757176714
27.240000000000002,72.671111,0.006897059276776859
27.240000000000002,72.921111,0.006828730435151771
27.240000000000002,73.171111,0.006761160052469597
27.240000000000002,73.421111,0.006694339064375273
27.240000000000002,73.671111,0.006628258520497498
27.240000000000002,73.921111,0.00656290958297507
27.240000000000002,74.171111,0.006498283525002075
27.240000000000002,74.421111,0.006434371729391871
27.240000000000002,74.671111,0.006371165687159615
27.240000000000002,74.921111,0.006308656996123064
27.240000000000002,75.171111,0.0062468373595214385
27.240000000000002,75.421111,0.006185698584652284
27.240000000000002,75.671111,0.006125232581527203
27.240000000000002,75.921111,0.006065431361559809
27.240000000000002,76.171111,0.006006287036397948
27.240000000000002,76.421111,0.005947791817606927
27.240000000000002,76.671111,0.005889938020421941
27.240000000000002,76.921111,0.005832718081499391
27.240000000000002,77.171111,0.005776124608259645
27.240000000000002,77.421111,0.00572015046855158
27.240000000000002,77.671111,0.005664788929320525
27.240000000000002,77.921111,0.005610034138826002
27.240000000000002,78.171111,0.005555883314281532
27.240000000000002,78.421111,0.005502343167685886
27.240000000000002,78.671111,0.005449440417023675
27.240000000000002,78.921111,0.005397225235785881
27.240000000000002,79.171111,0.005345744289776386
27.240000000000002,79.421111,0.005294973589832932
27.240000000000002,79.671111,0.0052447592606500865
27.240000000000002,79.921111,0.005194860757829562
27.240000000000002,80.171111,0.00514511514634251
27.240000000000002,80.421111,0.005095575653598254
27.240000000000002,80.671111,0.005046463329084333
27.240000000000002,80.921111,0.00499798335204391
27.240000000000002,81.171111,0.004950203838444271
27.240000000000002,81.421111,0.004903080002695211
27.240000000000002,81.671111,0.004856538219492821
27.240000000000002,81.921111,0.0048105261041849565
27.240000000000002,82.171111,0.00476501709134914
27.240000000000002,82.421111,0.004719998744896496
27.240000000000002,82.671111,0.004675463753278665
27.240000000000002,82.921111,0.004631406189963681
27.240000000000002,83.171111,0.004587820455738774
27.240000000000002,83.421111,0.004544701059004484
27.240000000000002,83.671111,0.004502042580534222
27.240000000000002,83.921111,0.0044598396684282305
27.240000000000002,84.171111,0.004418087036855372
27.240000000000002,84.421111,0.004376779465173619
27.240000000000002,84.671111,0.004335911797089911
27.240000000000002,84.921111,0.004295478939832674
27.240000000000002,85.171111,0.004255475863335355
27.240000000000002,85.421111,0.004215897599431229
27.240000000000002,85.671111,0.004176739241079717
27.240000000000002,85.921111,0.004137995942206576
27.240000000000002,86.171111,0.004099662931257379
27.240000000000002,86.421111,0.0040617357691990616
27.240000000000002,86.671111,0.004024214015422402
27.240000000000002,86.921111,0.003987141768143157
27.240000000000002,87.171111,0.00395095471688926
27.240000000000002,87.421111,0.003918754929426924
27.240000000000002,87.671111,0.003907571184803735
27.240000000000002,87.921111,0.003990323540689681
27.240000000000002,88.171111,0.0044226963365526185
27.240000000000002,88.421111,0.006060077972851347
27.240000000000002,88.671111,0.012336651308926215
27.240000000000002,88.921111,0.04022333491404853
27.240000000000002,89.171111,0.1529065042008022
27.240000000000002,89.421111,0.3485492927173201
27.240000000000002,89.671111,0.372057382697171
27.240000000000002,89.921111,0.18654507425432895
27.240000000000002,90.171111,0.050608708159473485
27.240000000000002,90.421111,0.014318241151582457
27.240000000000002,90.671111,0.006501854304387313
27.240000000000002,90.921111,0.004926445267350413
27.240000000000002,91.171111,0.006129871441713761
27.240000000000002,91.421111,0.014730163199393905
27.240000000000002,91.671111,0.08375449485364748
27.240000000000002,91.921111,0.5647395689249041
27.240000000000002,92.171111,0.9488244494022225
27.240000000000002,92.421111,0.9861477225280744
27.240000000000002,92.671111,0.970643990939116
27.240000000000002,92.921111,0.7477224063395289
27.240000000000002,93.171111,0.16141371863748916
27.240000000000002,93.421111,0.02732841159963723
27.240000000000002,93.671111,0.01348946267353702
27.240000000000002,93.921111,0.018640206680544415
27.240000000000002,94.171111,0.04975605361618232
27.240000000000002,94.421111,0.1579327600140155
27.240000000000002,94.671111,0.37263148720306
27.240000000000002,94.921111,0.5798507567198496
27.240000000000002,95.171111,0.7123725272476965
27.240000000000002,95.421111,0.7875850886462281
27.240000000000002,95.671111,0.804158564308748
27.240000000000002,95.921111,0.7267689800861324
27.240000000000002,96.171111,0.4852054662324898
27.240000000000002,96.421111,0.18403481086134735
27.240000000000002,96.671111,0.048826152328378315
27.240000000000002,96.921111,0.014607658297366563
27.240000000000002,97.171111,0.0062227870739879525
27.490000000000002,72.421111,0.007300574124182834
27.490000000000002,72.671111,0.007228254477289352
27.490000000000002,72.921111,0.007156737205884513
27.490000000000002,73.171111,0.00708601273094139
27.490000000000002,73.421111,0.0070160715936387116
27.490000000000002,73.671111,0.0069469044538127914
27.490000000000002,73.921111,0.006878502088429291
27.490000000000002,74.171111,0.006810855390074488
27.490000000000002,74.421111,0.0067439553654659356
27.490000000000002,74.671111,0.006677793133982062
27.490000000000002,74.921111,0.0066123599262108024
27.490000000000002,75.171111,0.00654764708251676
27.490000000000002,75.421111,0.00648364605162828
27.490000000000002,75.671111,0.006420348389262402
27.490000000000002,75.921111,0.006357745756990096
27.490000000000002,76.171111,0.006295829923042152
27.490000000000002,76.421111,0.006234592775762216
27.490000000000002,76.671111,0.0061740263985533665
27.490000000000002,76.921111,0.006114123357071298
27.490000000000002,77.171111,0.006054877458671099
27.490000000000002,77.421111,0.005996285016944172
27.490000000000002,77.671111,0.0059383460385964235
27.490000000000002,77.921111,0.005881066609502472
27.490000000000002,78.171111,0.005824474087520988
27.490000000000002,78.421111,0.005768669683045659
27.490000000000002,78.671111,0.0057139195122321235
27.490000000000002,78.921111,0.005660685560490141
27.490000000000002,79.171111,0.005609396407667252
27.490000000000002,79.421111,0.005559888101921208
27.490000000000002,79.671111,0.00551092951974855
27.490000000000002,79.921111,0.0054605986583326415
27.490000000000002,80.171111,0.005407631241431165
27.490000000000002,80.421111,0.005352532607920092
27.490000000000002,80.671111,0.00529716149180195
27.490000000000002,80.921111,0.005243231623609689
27.490000000000002,81.171111,0.005191336948100715
27.490000000000002,81.421111,0.005141154009778181
27.490000000000002,81.671111,0.005092124230957865
27.490000000000002,81.921111,0.005043860625602441
27.490000000000002,82.171111,0.004996186226302723
27.490000000000002,82.421111,0.004949039569779336
27.490000000000002,82.671111,0.004902401128508811
27.490000000000002,82.921111,0.004856262458518868
27.490000000000002,83.171111,0.004810617376317683
27.490000000000002,83.421111,0.004765460105990987
27.490000000000002,83.671111,0.004720784982729524
27.490000000000002,83.921111,0.004676586415335161
27.490000000000002,84.171111,0.004632858881766722
27.490000000000002,84.421111,0.004589596927981919
27.490000000000002,84.671111,0.004546795167048438
27.490000000000002,84.921111,0.004504448278282468
27.490000000000002,85.171111,0.004462551006399228
27.490000000000002,85.421111,0.004421098160675022
27.490000000000002,85.671111,0.004380084614131639
27.490000000000002,85.921111,0.004339505303060002
27.490000000000002,86.171111,0.004299355234013233
27.490000000000002,86.421111,0.004259629623863299
27.490000000000002,86.671111,0.004220325894885922
27.490000000000002,86.921111,0.004181465741939288
27.490000000000002,87.171111,0.004143284036953963
27.490000000000002,87.421111,0.004107466424505907
27.490000000000002,87.671111,0.0040832534450977055
27.490000000000002,87.921111,0.0041096952171242734
27.490000000000002,88.171111,0.004316044853277582
27.490000000000002,88.421111,0.0050608304649387
27.490000000000002,88.671111,0.007294909926766739
27.490000000000002,88.921111,0.013529594642778508
27.490000000000002,89.171111,0.028316287031004375
27.490000000000002,89.421111,0.048524066457087386
27.490000000000002,89.671111,0.05081041119168721
27.490000000000002,89.921111,0.031522595404402075
27.490000000000002,90.171111,0.014956667891245744
27.490000000000002,90.421111,0.007640168214666097
27.490000000000002,90.671111,0.005083494793097319
27.490000000000002,90.921111,0.004580283162812668
27.490000000000002,91.171111,0.005972470757443274
27.490000000000002,91.421111,0.014110460697094339
27.490000000000002,91.671111,0.0763938096495418
27.490000000000002,91.921111,0.5198542494009594
27.490000000000002,92.171111,0.9347184025267948
27.490000000000002,92.421111,0.98152171362832
27.490000000000002,92.671111,0.9621934061711512
27.490000000000002,92.921111,0.7121412009090655
27.490000000000002,93.171111,0.15001765475974915
27.490000000000002,93.421111,0.027399750221617263
27.490000000000002,93.671111,0.01503718571474566
27.490000000000002,93.921111,0.024263308417948437
27.490000000000002,94.171111,0.0766083781707464
27.490000000000002,94.421111,0.25109560183039137
27.490000000000002,94.671111,0.5007944692033375
27.490000000000002,94.921111,0.6513343168638733
27.490000000000002,95.171111,0.7272478376082318
27.490000000000002,95.421111,0.791027374210856
27.490000000000002,95.671111,0.83650474222266
27.490000000000002,95.921111,0.8282458761836754
27.490000000000002,96.171111,0.7106307713557558
27.490000000000002,96.421111,0.4079917788986531
27.490000000000002,96.671111,0.12312550059065866
27.490000000000002,96.921111,0.02957813145935547
27.490000000000002,97.171111,0.009457061604083954
27.740000000000002,72.421111,0.007653801569860493
27.740000000000002,72.671111,0.0075780826504573545
27.740000000000002,72.921111,0.007503202672187525
27.740000000000002,73.171111,0.0074291516370061615
27.740000000000002,73.421111,0.007355919672013743
27.740000000000002,73.671111,0.007283497027850972
27.740000000000002,73.921111,0.0072118740771141415
27.740000000000002,74.171111,0.007141041312790606
27.740000000000002,74.421111,0.007070989346714095
27.740000000000002,74.671111,0.007001708908039646
27.740000000000002,74.921111,0.006933190841738105
27.740000000000002,75.171111,0.006865426107110582
27.740000000000002,75.421111,0.006798405776337739
27.740000000000002,75.671111,0.00673212103327745
27.740000000000002,75.921111,0.006666563174859783
27.740000000000002,76.171111,0.00660172363482259
27.740000000000002,76.421111,0.0065375941542050375
27.740000000000002,76.671111,0.00647416766719313
27.740000000000002,76.921111,0.0064114416605027535
27.740000000000002,77.171111,0.006349427012798659
27.740000000000002,77.421111,0.006288162161416032
27.740000000000002,77.671111,0.006227721446398607
27.740000000000002,77.921111,0.006168212014243457
27.740000000000002,78.171111,0.006109835565063105
27.740000000000002,78.421111,0.006053213391235171
27.740000000000002,78.671111,0.00600002034821977
27.740000000000002,78.921111,0.00595324809341999
27.740000000000002,79.171111,0.005915721382632707
27.740000000000002,79.421111,0.005886434747423478
27.740000000000002,79.671111,0.0058574576276189195
27.740000000000002,79.921111,0.005816381344280402
27.740000000000002,80.171111,0.00575512527071892
27.740000000000002,80.421111,0.005677158171192775
27.740000000000002,80.671111,0.005594616546916551
27.740000000000002,80.921111,0.005518513106999304
27.740000000000002,81.171111,0.0054526070592716405
27.740000000000002,81.421111,0.0053948286009743805
27.740000000000002,81.671111,0.005341631299865258
27.740000000000002,81.921111,0.005290561571052677
27.740000000000002,82.171111,0.005240506489617077
27.740000000000002,82.421111,0.005191096727745205
27.740000000000002,82.671111,0.005142235902635887
27.740000000000002,82.921111,0.005093900531021836
27.740000000000002,83.171111,0.005046081929085999
27.740000000000002,83.421111,0.0049987737942015255
27.740000000000002,83.671111,0.00495197018132147
27.740000000000002,83.921111,0.004905665245861818
27.740000000000002,84.171111,0.004859853217225035
27.740000000000002,84.421111,0.004814528395858797
27.740000000000002,84.671111,0.004769685152221096
27.740000000000002,84.921111,0.004725317925878375
27.740000000000002,85.171111,0.004681421224621538
27.740000000000002,85.421111,0.004637989623593884
27.740000000000002,85.671111,0.004595017764435138
27.740000000000002,85.921111,0.004552500354574019
27.740000000000002,86.171111,0.004510432169649688
27.740000000000002,86.421111,0.0044688081115624775
27.740000000000002,86.671111,0.004427624041974717
27.740000000000002,86.921111,0.004386886006503161
27.740000000000002,87.171111,0.00434668919971208
27.740000000000002,87.421111,0.004307735142666082
27.740000000000002,87.671111,0.0042738765759266625
27.740000000000002,87.921111,0.004261263051527889
27.740000000000002,88.171111,0.004321352746197733
27.740000000000002,88.421111,0.004579155158474395
27.740000000000002,88.671111,0.005269366280196647
27.740000000000002,88.921111,0.006710173830346187
27.740000000000002,89.171111,0.008990518567124184
27.740000000000002,89.421111,0.011150825153190507
27.740000000000002,89.671111,0.011304005739573629
27.740000000000002,89.921111,0.009239241491497201
27.740000000000002,90.171111,0.006798276190579081
27.740000000000002,90.421111,0.005173329098462326
27.740000000000002,90.671111,0.004408754622133756
27.740000000000002,90.921111,0.0043593803516305644
27.740000000000002,91.171111,0.005434427838998701
27.740000000000002,91.421111,0.010388149040455258
27.740000000000002,91.671111,0.037468431703409626
27.740000000000002,91.921111,0.21004384393938846
27.740000000000002,92.171111,0.6467598123455311
27.740000000000002,92.421111,0.8298078508963539
27.740000000000002,92.671111,0.7377787788348227
27.740000000000002,92.921111,0.3314135741008861
27.740000000000002,93.171111,0.06632279552530602
27.740000000000002,93.421111,0.01957205990192708
27.740000000000002,93.671111,0.016011535237752717
27.740000000000002,93.921111,0.03640118606961855
27.740000000000002,94.171111,0.1547541613288537
27.740000000000002,94.421111,0.5113437248491269
27.740000000000002,94.671111,0.7923955472600756
27.740000000000002,94.921111,0.8737890271458957
27.740000000000002,95.171111,0.8899626222006999
27.740000000000002,95.421111,0.9010270735841198
27.740000000000002,95.671111,0.914797251037706
27.740000000000002,95.921111,0.9090134915212094
27.740000000000002,96.171111,0.8405023130918627
27.740000000000002,96.421111,0.5913010659489335
27.740000000000002,96.671111,0.20652678752701242
27.740000000000002,96.921111,0.044766129446307146
27.740000000000002,97.171111,0.01217533274467497
27.990000000000002,72.421111,0.00802699911488382
27.990000000000002,72.671111,0.007947694359994149
27.990000000000002,72.921111,0.00786926704316362
27.990000000000002,73.171111,0.007791706726515191
27.990000000000002,73.421111,0.007715003102475537
27.990000000000002,73.671111,0.007639145992111092
27.990000000000002,73.921111,0.0075641253434851055
27.990000000000002,74.171111,0.0074899312300353025
27.990000000000002,74.421111,0.007416553848972032
27.990000000000002,74.671111,0.00734398351969664
27.990000000000002,74.921111,0.007272210682240197
27.990000000000002,75.171111,0.007201225895729525
27.990000000000002,75.421111,0.007131019837014461
27.990000000000002,75.671111,0.007061583301358702
27.990000000000002,75.921111,0.006992907226122904
27.990000000000002,76.171111,0.00692498291337202
27.990000000000002,76.421111,0.00685780356082269
27.990000000000002,76.671111,0.006791372177752643
27.990000000000002,76.921111,0.006725731617209
27.990000000000002,77.171111,0.006661043618540224
27.990000000000002,77.421111,0.00659771355139931
27.990000000000002,77.671111,0.0065364414335838915
27.990000000000002,77.921111,0.006478048484930761
27.990000000000002,78.171111,0.006423463224983816
27.990000000000002,78.421111,0.006375203534163858
27.990000000000002,78.671111,0.00634098541210743
27.990000000000002,78.921111,0.006335839314170169
27.990000000000002,79.171111,0.006375085583473964
27.990000000000002,79.421111,0.006455255882747987
27.990000000000002,79.671111,0.006536101642297208
27.990000000000002,79.921111,0.00655101105094061
27.990000000000002,80.171111,0.00645556052226569
27.990000000000002,80.421111,0.0062698078355559305
27.990000000000002,80.671111,0.006060260086057648
27.990000000000002,80.921111,0.00588402119950064
27.990000000000002,81.171111,0.005758695936887009
27.990000000000002,81.421111,0.005672747101968217
27.990000000000002,81.671111,0.005607971051545908
27.990000000000002,81.921111,0.005551905758497078
27.990000000000002,82.171111,0.005498877354988543
27.990000000000002,82.421111,0.0054469949650070675
27.990000000000002,82.671111,0.005395775818425855
27.990000000000002,82.921111,0.005345119978941452
27.990000000000002,83.171111,0.005295006649741737
27.990000000000002,83.421111,0.005245427795405141
27.990000000000002,83.671111,0.005196377059028867
27.990000000000002,83.921111,0.0051478483201672165
27.990000000000002,84.171111,0.005099835546157236
27.990000000000002,84.421111,0.005052332779141113
27.990000000000002,84.671111,0.005005334134341968
27.990000000000002,84.921111,0.004958833799091717
27.990000000000002,85.171111,0.004912826031909916
27.990000000000002,85.421111,0.004867305161596109
27.990000000000002,85.671111,0.0048222655863356095
27.990000000000002,85.921111,0.004777701772860948
27.990000000000002,86.171111,0.004733608256625625
27.990000000000002,86.421111,0.004689979659843764
27.990000000000002,86.671111,0.004646810958474917
27.990000000000002,86.921111,0.004604100442860437
27.990000000000002,87.171111,0.0045618750670308635
27.990000000000002,87.421111,0.004520356454027109
27.990000000000002,87.671111,0.004480776896367252
27.990000000000002,87.921111,0.004448292371999173
27.990000000000002,88.171111,0.004439050158827601
27.990000000000002,88.421111,0.004489827041494028
27.990000000000002,88.671111,0.004657308489700819
27.990000000000002,88.921111,0.004983537742919182
27.990000000000002,89.171111,0.005417066689056427
27.990000000000002,89.421111,0.005751277262667239
27.990000000000002,89.671111,0.005739186816172817
27.990000000000002,89.921111,0.005360372129957261
27.990000000000002,90.171111,0.004848818042405426
27.990000000000002,90.421111,0.004435574912987428
27.990000000000002,90.671111,0.004217740864568048
27.990000000000002,90.921111,0.004264839701138755
27.990000000000002,91.171111,0.004859793179173525
27.990000000000002,91.421111,0.007045266155668209
27.990000000000002,91.671111,0.014797660381903954
27.990000000000002,91.921111,0.0432058372386545
27.990000000000002,92.171111,0.12002837275515342
27.990000000000002,92.421111,0.19270566022868613
27.990000000000002,92.671111,0.14801513891889667
27.990000000000002,92.921111,0.060544828299525
27.990000000000002,93.171111,0.021407583907163717
27.990000000000002,93.421111,0.011769669530047731
27.990000000000002,93.671111,0.01416647626330475
27.990000000000002,93.921111,0.04054789277316285
27.990000000000002,94.171111,0.20491078296087284
27.990000000000002,94.421111,0.6678744266014391
27.990000000000002,94.671111,0.9147609797468388
27.990000000000002,94.921111,0.9650210387037729
27.990000000000002,95.171111,0.9751220292717437
27.990000000000002,95.421111,0.977323389036777
27.990000000000002,95.671111,0.9757129233212589
27.990000000000002,95.921111,0.9621707947595105
27.990000000000002,96.171111,0.897395998258134
27.990000000000002,96.421111,0.6296881069221669
27.990000000000002,96.671111,0.20257720534689577
27.990000000000002,96.921111,0.042046591710346984
27.990000000000002,97.171111,0.011774959976614072
28.240000000000002,72.421111,0.008421404193426763
28.240000000000002,72.671111,0.008338315934872083
28.240000000000002,72.921111,0.008256145650611923
28.240000000000002,73.171111,0.008174882441089769
28.240000000000002,73.421111,0.00809451554243805
28.240000000000002,73.671111,0.008015034324753383
28.240000000000002,73.921111,0.007936428290393338
28.240000000000002,74.171111,0.00785868707229444
28.240000000000002,74.421111,0.007781800432311223
28.240000000000002,74.671111,0.007705758259576163
28.240000000000002,74.921111,0.007630550568882383
28.240000000000002,75.171111,0.007556167499139126
28.240000000000002,75.421111,0.00748259931281521
28.240000000000002,75.671111,0.0074098364093857175
28.240000000000002,75.921111,0.007337869495925725
28.240000000000002,76.171111,0.007266691118375525
28.240000000000002,76.421111,0.007196306145770272
28.240000000000002,76.671111,0.007126785980160962
28.240000000000002,76.921111,0.007058474452671255
28.240000000000002,77.171111,0.006992530684838515
28.240000000000002,77.421111,0.006931784085465715
28.240000000000002,77.671111,0.0068810247538677585
28.240000000000002,77.921111,0.0068453281034920235
28.240000000000002,78.171111,0.006827851249622234
28.240000000000002,78.421111,0.006834538210046046
28.240000000000002,78.671111,0.006891363108355362
28.240000000000002,78.921111,0.007059784898976115
28.240000000000002,79.171111,0.007415954118281744
28.240000000000002,79.421111,0.00797074125766144
28.240000000000002,79.671111,0.008560948889315589
28.240000000000002,79.921111,0.008849579705823115
28.240000000000002,80.171111,0.008586972318473107
28.240000000000002,80.421111,0.007893570810425944
28.240000000000002,80.671111,0.00712721495019019
28.240000000000002,80.921111,0.006543505197459355
28.240000000000002,81.171111,0.006190354948989566
28.240000000000002,81.421111,0.006002037966376404
28.240000000000002,81.671111,0.005899146497083271
28.240000000000002,81.921111,0.005830355206353511
28.240000000000002,82.171111,0.005772460191734615
28.240000000000002,82.421111,0.005717644393170394
28.240000000000002,82.671111,0.005663886414392703
28.240000000000002,82.921111,0.005610774349615509
28.240000000000002,83.171111,0.005558237267156897
28.240000000000002,83.421111,0.0055062605067636656
28.240000000000002,83.671111,0.005454836785758855
28.240000000000002,83.921111,0.00540395965304501
28.240000000000002,84.171111,0.005353622797587041
28.240000000000002,84.421111,0.00530381998962017
28.240000000000002,84.671111,0.005254545075814712
28.240000000000002,84.921111,0.005205791978101709
28.240000000000002,85.171111,0.005157554692707371
28.240000000000002,85.421111,0.005109827289208357
28.240000000000002,85.671111,0.0050626039095998405
28.240000000000002,85.921111,0.005015878767386521
28.240000000000002,86.171111,0.004969646146932273
28.240000000000002,86.421111,0.004923900407223113
28.240000000000002,86.671111,0.004878636047011878
28.240000000000002,86.921111,0.004833848434051714
28.240000000000002,87.171111,0.004789540053991117
28.240000000000002,87.421111,0.004745761434884371
28.240000000000002,87.671111,0.0047028122447017
28.240000000000002,87.921111,0.004661957581875013
28.240000000000002,88.171111,0.004627144249203143
28.240000000000002,88.421111,0.004607167510590008
28.240000000000002,88.671111,0.004614607542502925
28.240000000000002,88.921111,0.0046559830755104874
28.240000000000002,89.171111,0.004715179088963771
28.240000000000002,89.421111,0.004748849209821207
28.240000000000002,89.671111,0.004713638582460501
28.240000000000002,89.921111,0.004606533990288222
28.240000000000002,90.171111,0.004468413079721387
28.240000000000002,90.421111,0.004347431054794241
28.240000000000002,90.671111,0.004275964506377985
28.240000000000002,90.921111,0.00429704551941095
28.240000000000002,91.171111,0.004537514141982389
28.240000000000002,91.421111,0.005322570165424889
28.240000000000002,91.671111,0.0073597776801338196
28.240000000000002,91.921111,0.011850869092958691
28.240000000000002,92.171111,0.019069123942374193
28.240000000000002,92.421111,0.024171087175703466
28.240000000000002,92.671111,0.021006228092419917
28.240000000000002,92.921111,0.013707490190307795
28.240000000000002,93.171111,0.008799939788447926
28.240000000000002,93.421111,0.007465896949887037
28.240000000000002,93.671111,0.01057682501342006
28.240000000000002,93.921111,0.02897007881545053
28.240000000000002,94.171111,0.1396644469748162
28.240000000000002,94.421111,0.5631014617252927
28.240000000000002,94.671111,0.9007779733416119
28.240000000000002,94.921111,0.9744132586692172
28.240000000000002,95.171111,0.9887626818223423
28.240000000000002,95.421111,0.9919446943608888
28.240000000000002,95.671111,0.9901616653682117
28.240000000000002,95.921111,0.9758488934713823
28.240000000000002,96.171111,0.8874611632801144
28.240000000000002,96.421111,0.5042752424398971
28.240000000000002,96.671111,0.12004771141120084
28.240000000000002,96.921111,0.026336921848894478
28.240000000000002,97.171111,0.009046953649481687
28.490000000000002,72.421111,0.008838335862125969
28.490000000000002,72.671111,0.008751254638595128
28.490000000000002,72.921111,0.00866513407887639
28.490000000000002,73.171111,0.008579962798811989
28.490000000000002,73.421111,0.008495729555553094
28.490000000000002,73.671111,0.00841242324577232
28.490000000000002,73.921111,0.008330032903898311
28.490000000000002,74.171111,0.008248547700372217
28.490000000000002,74.421111,0.008167956939925692
28.490000000000002,74.671111,0.00808825005988079
28.490000000000002,74.921111,0.00800941662848263
28.490000000000002,75.171111,0.007931446343528409
28.490000000000002,75.421111,0.007854329036100406
28.490000000000002,75.671111,0.007778054747758765
28.490000000000002,75.921111,0.0077026146329672975
28.490000000000002,76.171111,0.007628009007800595
28.490000000000002,76.421111,0.007554302428245649
28.490000000000002,76.671111,0.00748190857472933
28.490000000000002,76.921111,0.007412673581817112
28.490000000000002,77.171111,0.007352743284607151
28.490000000000002,77.421111,0.00731714367561459
28.490000000000002,77.671111,0.00733155429408019
28.490000000000002,77.921111,0.007423098044097495
28.490000000000002,78.171111,0.007603115903035651
28.490000000000002,78.421111,0.007874347424370189
28.490000000000002,78.671111,0.008301557606122549
28.490000000000002,78.921111,0.009112854526086987
28.490000000000002,79.171111,0.01070838224298765
28.490000000000002,79.421111,0.013411890888884132
28.490000000000002,79.671111,0.016729491623355176
28.490000000000002,79.921111,0.01864431191717438
28.490000000000002,80.171111,0.01727827328497669
28.490000000000002,80.421111,0.013672597289126164
28.490000000000002,80.671111,0.010258326260636736
28.490000000000002,80.921111,0.008080175595690258
28.490000000000002,81.171111,0.006956909571230578
28.490000000000002,81.421111,0.006450139056501945
28.490000000000002,81.671111,0.0062343423404232256
28.490000000000002,81.921111,0.006131022434320885
28.490000000000002,82.171111,0.0060629719291001435
28.490000000000002,82.421111,0.0060040910160954015
28.490000000000002,82.671111,0.005947500898036261
28.490000000000002,82.921111,0.0058917755683871404
28.490000000000002,83.171111,0.005836676492878784
28.490000000000002,83.421111,0.005782166761413355
28.490000000000002,83.671111,0.005728236497125646
28.490000000000002,83.921111,0.005674878763852392
28.490000000000002,84.171111,0.005622086948379734
28.490000000000002,84.421111,0.005569854534334504
28.490000000000002,84.671111,0.005518175085776427
28.490000000000002,84.921111,0.005467042245351747
28.490000000000002,85.171111,0.005416449733261229
28.490000000000002,85.421111,0.005366391346275953
28.490000000000002,85.671111,0.005316860956767102
28.490000000000002,85.921111,0.005267852511750267
28.490000000000002,86.171111,0.005219360031988762
28.490000000000002,86.421111,0.005171377611942459
28.490000000000002,86.671111,0.005123899431347479
28.490000000000002,86.921111,0.0050769198925361275
28.490000000000002,87.171111,0.005030434802808301
28.490000000000002,87.421111,0.004984449121996178
28.490000000000002,87.671111,0.004939015033006708
28.490000000000002,87.921111,0.004894367473283941
28.490000000000002,88.171111,0.004851247857242844
28.490000000000002,88.421111,0.004811304522306653
28.490000000000002,88.671111,0.004776851140491318
28.490000000000002,88.921111,0.004748949714228831
28.490000000000002,89.171111,0.004724417362152163
28.490000000000002,89.421111,0.004695386491878663
28.490000000000002,89.671111,0.0046543491498580985
28.490000000000002,89.921111,0.004600815235881692
28.490000000000002,90.171111,0.004541912242817229
28.490000000000002,90.421111,0.004486751527477166
28.490000000000002,90.671111,0.004443661288506632
28.490000000000002,90.921111,0.004428682937734637
28.490000000000002,91.171111,0.004485900913471678
28.490000000000002,91.421111,0.004707672937133537
28.490000000000002,91.671111,0.005224001696521995
28.490000000000002,91.921111,0.006106873004013007
28.490000000000002,92.171111,0.0071430875535218276
28.490000000000002,92.421111,0.007705471916568858
28.490000000000002,92.671111,0.007306809112009492
28.490000000000002,92.921111,0.00630968628699885
28.490000000000002,93.171111,0.005512735803406595
28.490000000000002,93.421111,0.005568216928865073
28.490000000000002,93.671111,0.00753570755992485
28.490000000000002,93.921111,0.01587546627994538
28.490000000000002,94.171111,0.055302791251429874
28.490000000000002,94.421111,0.24745989388858253
28.490000000000002,94.671111,0.6784167947422788
28.490000000000002,94.921111,0.915355886356298
28.490000000000002,95.171111,0.9722277206269067
28.490000000000002,95.421111,0.9842549984172957
28.490000000000002,95.671111,0.981072977131082
28.490000000000002,95.921111,0.9455448518227155
28.490000000000002,96.171111,0.7330375408524401
28.490000000000002,96.421111,0.2508503160137941
28.490000000000002,96.671111,0.050466073179417106
28.490000000000002,96.921111,0.01417567792789757
28.490000000000002,97.171111,0.006554145413621284
28.740000000000002,72.421111,0.009279200362655445
28.740000000000002,72.671111,0.009187904189957413
28.740000000000002,72.921111,0.00909761364405755
28.740000000000002,73.171111,0.009008316832159084
28.740000000000002,73.421111,0.008920002008636766
28.740000000000002,73.671111,0.008832657573184821
28.740000000000002,73.921111,0.00874627206898742
28.740000000000002,74.171111,0.008660834180911778
28.740000000000002,74.421111,0.00857633273372343
28.740000000000002,74.671111,0.008492756690325454
28.740000000000002,74.921111,0.008410095150067317
28.740000000000002,75.171111,0.008328337348186002
28.740000000000002,75.421111,0.008247472675768341
28.740000000000002,75.671111,0.008167490995911516
28.740000000000002,75.921111,0.00808838628783526
28.740000000000002,76.171111,0.008010189109691666
28.740000000000002,76.421111,0.00793318872811081
28.740000000000002,76.671111,0.007859082485471687
28.740000000000002,76.921111,0.007795355485885402
28.740000000000002,77.171111,0.007766989936267155
28.740000000000002,77.421111,0.007836166022937591
28.740000000000002,77.671111,0.008115373304445683
28.740000000000002,77.921111,0.008743771704618151
28.740000000000002,78.171111,0.009815106835077837
28.740000000000002,78.421111,0.01133848784951878
28.740000000000002,78.671111,0.013467647218887982
28.740000000000002,78.921111,0.01715331991238183
28.740000000000002,79.171111,0.024992973820981857
28.740000000000002,79.421111,0.04144638706812021
28.740000000000002,79.671111,0.06716481156999872
28.740000000000002,79.921111,0.08414263092467733
28.740000000000002,80.171111,0.07044730316790909
28.740000000000002,80.421111,0.04130064334598444
28.740000000000002,80.671111,0.021187778609243882
28.740000000000002,80.921111,0.01208936839724924
28.740000000000002,81.171111,0.008500841404389151
28.740000000000002,81.421111,0.007143147311718593
28.740000000000002,81.671111,0.006648282119475745
28.740000000000002,81.921111,0.006462849598719836
28.740000000000002,82.171111,0.006372964472382404
28.740000000000002,82.421111,0.006307572017357354
28.740000000000002,82.671111,0.006247631679247226
28.740000000000002,82.921111,0.006189098830527814
28.740000000000002,83.171111,0.00613128810248032
28.740000000000002,83.421111,0.00607410180693046
28.740000000000002,83.671111,0.006017523237207392
28.740000000000002,83.921111,0.005961544588767685
28.740000000000002,84.171111,0.005906158905527116
28.740000000000002,84.421111,0.005851359368129898
28.740000000000002,84.671111,0.005797139243166002
28.740000000000002,84.921111,0.00574349187935776
28.740000000000002,85.171111,0.005690410706401453
28.740000000000002,85.421111,0.005637889233940052
28.740000000000002,85.671111,0.005585921050553255
28.740000000000002,85.921111,0.005534499822760851
28.740000000000002,86.171111,0.00548361929404555
28.740000000000002,86.421111,0.0054332732840096844
28.740000000000002,86.671111,0.005383455689233507
28.740000000000002,86.921111,0.0053341605024261225
28.740000000000002,87.171111,0.005285381983534576
28.740000000000002,87.421111,0.005237115785440204
28.740000000000002,87.671111,0.005189364488612608
28.740000000000002,87.921111,0.005142157304853427
28.740000000000002,88.171111,0.0050955971146236425
28.740000000000002,88.421111,0.00504991842847957
28.740000000000002,88.671111,0.005005451169689834
28.740000000000002,88.921111,0.004962340543022355
28.740000000000002,89.171111,0.004920115802536277
28.740000000000002,89.421111,0.00487763768040245
28.740000000000002,89.671111,0.004833828697263691
28.740000000000002,89.921111,0.004788617354871773
28.740000000000002,90.171111,0.004743036682831811
28.740000000000002,90.421111,0.004698514937348272
28.740000000000002,90.671111,0.004656840668130185
28.740000000000002,90.921111,0.004622466175633874
28.740000000000002,91.171111,0.004607410281445965
28.740000000000002,91.421111,0.004634809083541908
28.740000000000002,91.671111,0.00473060789711588
28.740000000000002,91.921111,0.004894432537570819
28.740000000000002,92.171111,0.005064954872478587
28.740000000000002,92.421111,0.005132490079387019
28.740000000000002,92.671111,0.005031208039503082
28.740000000000002,92.921111,0.004823522210470375
28.740000000000002,93.171111,0.004678610961492076
28.740000000000002,93.421111,0.004842921862472496
28.740000000000002,93.671111,0.005797175037488081
28.740000000000002,93.921111,0.00895295659999351
28.740000000000002,94.171111,0.01965121542998033
28.740000000000002,94.421111,0.06047246953264732
28.740000000000002,94.671111,0.20605682307132675
28.740000000000002,94.921111,0.5054198304483586
28.740000000000002,95.171111,0.7531388926372802
28.740000000000002,95.421111,0.8474086543992282
28.740000000000002,95.671111,0.8332337856805034
28.740000000000002,95.921111,0.6667116990276583
28.740000000000002,96.171111,0.30193738118666735
28.740000000000002,96.421111,0.07479154003192702
28.740000000000002,96.671111,0.020015824995406387
28.740000000000002,96.921111,0.008275782533061236
28.740000000000002,97.171111,0.005130564546646666
28.990000000000002,72.421111,0.009745497059975199
28.990000000000002,72.671111,0.009649750657298017
28.990000000000002,72.921111,0.009555057244543608
28.990000000000002,73.171111,0.00946140439508163
28.990000000000002,73.421111,0.00936877983556617
28.990000000000002,73.671111,0.009277171444017247
28.990000000000002,73.921111,0.009186567247925624
28.990000000000002,74.171111,0.009096955422381802
28.990000000000002,74.421111,0.009008324288231997
28.990000000000002,74.671111,0.008920662310274484
28.990000000000002,74.921111,0.008833958095646417
28.990000000000002,75.171111,0.00874820039567594
28.990000000000002,75.421111,0.008663378171173648
28.990000000000002,75.671111,0.00857948157486304
28.990000000000002,75.921111,0.00849651323977627
28.990000000000002,76.171111,0.008414588807292067
28.990000000000002,76.421111,0.008334624787480439
28.990000000000002,76.671111,0.008261900080407782
28.990000000000002,76.921111,0.008219687904594025
28.990000000000002,77.171111,0.008286601933539755
28.990000000000002,77.421111,0.008667705252734734
28.990000000000002,77.671111,0.009791398353173062
28.990000000000002,77.921111,0.012415676465936745
28.990000000000002,78.171111,0.01765507952575197
28.990000000000002,78.421111,0.02665728647410482
28.990000000000002,78.671111,0.04070694567738989
28.990000000000002,78.921111,0.06563178659554479
28.990000000000002,79.171111,0.12369971886557013
28.990000000000002,79.421111,0.26072009783027333
28.990000000000002,79.671111,0.4588012306308462
28.990000000000002,79.921111,0.5543422433998966
28.990000000000002,80.171111,0.4496836503044578
28.990000000000002,80.421111,0.21273577439467942
28.990000000000002,80.671111,0.0665233593393317
28.990000000000002,80.921111,0.022993711240113315
28.990000000000002,81.171111,0.011595104240483585
28.990000000000002,81.421111,0.008244593966146305
28.990000000000002,81.671111,0.007181822583395762
28.990000000000002,81.921111,0.006836497449000577
28.990000000000002,82.171111,0.006705496028222785
28.990000000000002,82.421111,0.006629481779023321
28.990000000000002,82.671111,0.0065653716145369434
28.990000000000002,82.921111,0.006503786778379167
28.990000000000002,83.171111,0.00644310122715802
28.990000000000002,83.421111,0.006383085563719729
28.990000000000002,83.671111,0.006323708183734388
28.990000000000002,83.921111,0.006264959673809607
28.990000000000002,84.171111,0.0062068326673276495
28.990000000000002,84.421111,0.006149320023249631
28.990000000000002,84.671111,0.006092414694967482
28.990000000000002,84.921111,0.006036109721845989
28.990000000000002,85.171111,0.005980398227813122
28.990000000000002,85.421111,0.00592527342028357
28.990000000000002,85.671111,0.005870728589107404
28.990000000000002,85.921111,0.005816757105532305
28.990000000000002,86.171111,0.005763352421179855
28.990000000000002,86.421111,0.005710508067048397
28.990000000000002,86.671111,0.005658217652717289
28.990000000000002,86.921111,0.005606474867605073
28.990000000000002,87.171111,0.005555273499206158
28.990000000000002,87.421111,0.005504607557928086
28.990000000000002,87.671111,0.005454471894254005
28.990000000000002,87.921111,0.0054048643980770805
28.990000000000002,88.171111,0.005355791249886865
28.990000000000002,88.421111,0.005307273388479261
28.990000000000002,88.671111,0.005259342449382286
28.990000000000002,88.921111,0.005212009461053178
28.990000000000002,89.171111,0.005165216751888109
28.990000000000002,89.421111,0.005118832258678235
28.990000000000002,89.671111,0.005072731062258162
28.990000000000002,89.921111,0.0050269008180560066
28.990000000000002,90.171111,0.004981455767361882
28.990000000000002,90.421111,0.0049365755814436635
28.990000000000002,90.671111,0.0048925771058336
28.990000000000002,90.921111,0.004850399198699176
28.990000000000002,91.171111,0.004812574597774587
28.990000000000002,91.421111,0.004783848595911349
28.990000000000002,91.671111,0.004769156384265943
28.990000000000002,91.921111,0.004767480535641671
28.990000000000002,92.171111,0.004766067357729736
28.990000000000002,92.421111,0.0047448797779506835
28.990000000000002,92.671111,0.004693407251607128
28.990000000000002,92.921111,0.004625948258802241
28.990000000000002,93.171111,0.004586518207055284
28.990000000000002,93.421111,0.00466285248021823
28.990000000000002,93.671111,0.005043494415460735
28.990000000000002,93.921111,0.0061682724335391965
28.990000000000002,94.171111,0.009153735138064412
28.990000000000002,94.421111,0.017044120953794213
28.990000000000002,94.671111,0.03757734260650916
28.990000000000002,94.921111,0.08410667238409911
28.990000000000002,95.171111,0.1592830216057725
28.990000000000002,95.421111,0.22403855115482366
28.990000000000002,95.671111,0.21733288836743586
28.990000000000002,95.921111,0.13620634096715334
28.990000000000002,96.171111,0.05729998378479842
28.990000000000002,96.421111,0.021311518717188546
28.990000000000002,96.671111,0.009548902599803205
28.990000000000002,96.921111,0.0057920905268218715
28.990000000000002,97.171111,0.004503446533123931
29.240000000000002,72.421111,0.010238824779267196
29.240000000000002,72.671111,0.01013837874922453
29.240000000000002,72.921111,0.010039035605790479
29.240000000000002,73.171111,0.009940782362110056
29.240000000000002,73.421111,0.00984360619098338
29.240000000000002,73.671111,0.00974749442288
29.240000000000002,73.921111,0.00965243454398258
29.240000000000002,74.171111,0.009558414194284456
29.240000000000002,74.421111,0.009465421165836388
29.240000000000002,74.671111,0.009373443401396378
29.240000000000002,74.921111,0.009282468994078476
29.240000000000002,75.171111,0.009192486195275568
29.240000000000002,75.421111,0.009103483571250386
29.240000000000002,75.671111,0.009015452336471988
29.240000000000002,75.921111,0.008928413194447515
29.240000000000002,76.171111,0.008842655386546949
29.240000000000002,76.421111,0.008760372419138164
29.240000000000002,76.671111,0.008694141124390658
29.240000000000002,76.921111,0.008699641785872883
29.240000000000002,77.171111,0.008969383185927396
29.240000000000002,77.421111,0.010050584431302802
29.240000000000002,77.671111,0.01339505815815892
29.240000000000002,77.921111,0.023099484856364347
29.240000000000002,78.171111,0.05068038400617196
29.240000000000002,78.421111,0.11935181851692092
29.240000000000002,78.671111,0.24688673495853325
29.240000000000002,78.921111,0.43242847825457054
29.240000000000002,79.171111,0.6733415016425346
29.240000000000002,79.421111,0.8759000191090064
29.240000000000002,79.671111,0.9565956747478636
29.240000000000002,79.921111,0.9706341114652243
29.240000000000002,80.171111,0.9383826931033044
29.240000000000002,80.421111,0.7191598799622391
29.240000000000002,80.671111,0.23678484590604368
29.240000000000002,80.921111,0.05064432819943391
29.240000000000002,81.171111,0.01711886362671934
29.240000000000002,81.421111,0.009837106370233425
29.240000000000002,81.671111,0.007847025709926634
29.240000000000002,81.921111,0.007255984448175426
29.240000000000002,82.171111,0.0070625086615519065
29.240000000000002,82.421111,0.006971121097430572
29.240000000000002,82.671111,0.006901866346185585
29.240000000000002,82.921111,0.006836950840708536
29.240000000000002,83.171111,0.0067732146807129336
29.240000000000002,83.421111,0.006710207169080429
29.240000000000002,83.671111,0.006647871174595895
29.240000000000002,83.921111,0.006586194668179232
29.240000000000002,84.171111,0.006525169782964574
29.240000000000002,84.421111,0.0064647890353658035
29.240000000000002,84.671111,0.0064050450489456555
29.240000000000002,84.921111,0.0063459305374439995
29.240000000000002,85.171111,0.006287438302932713
29.240000000000002,85.421111,0.006229561234681529
29.240000000000002,85.671111,0.006172292308063387
29.240000000000002,85.921111,0.006115624583474224
29.240000000000002,86.171111,0.006059551205266616
29.240000000000002,86.421111,0.006004065400697967
29.240000000000002,86.671111,0.005949160478908261
29.240000000000002,86.921111,0.005894829830085967
29.240000000000002,87.171111,0.005841066926101679
29.240000000000002,87.421111,0.005787865330294616
29.240000000000002,87.671111,0.005735218749488234
29.240000000000002,87.921111,0.005683121221694141
29.240000000000002,88.171111,0.00563156756554174
29.240000000000002,88.421111,0.005580553934043931
29.240000000000002,88.671111,0.005530077465364435
29.240000000000002,88.921111,0.005480133597345656
29.240000000000002,89.171111,0.005430711942864059
29.240000000000002,89.421111,0.0053817958026904054
29.240000000000002,89.671111,0.005333369162695746
29.240000000000002,89.921111,0.005285425795647713
29.240000000000002,90.171111,0.005237970954139617
29.240000000000002,90.421111,0.005191018973181435
29.240000000000002,90.671111,0.0051446116014125685
29.240000000000002,90.921111,0.00509889637474219
29.240000000000002,91.171111,0.005054279218448023
29.240000000000002,91.421111,0.005011518348101316
29.240000000000002,91.671111,0.004971388814507786
29.240000000000002,91.921111,0.0049336929806403475
29.240000000000002,92.171111,0.004896380383145634
29.240000000000002,92.421111,0.004856341165537632
29.240000000000002,92.671111,0.004812164240624912
29.240000000000002,92.921111,0.004767144938231698
29.240000000000002,93.171111,0.004732624354462233
29.240000000000002,93.421111,0.0047371270575573155
29.240000000000002,93.671111,0.004848338918377851
29.240000000000002,93.921111,0.005209233433801696
29.240000000000002,94.171111,0.00608603949296735
29.240000000000002,94.421111,0.007924385285106505
29.240000000000002,94.671111,0.01134598602708921
29.240000000000002,94.921111,0.016825382316035167
29.240000000000002,95.171111,0.02373251578246121
29.240000000000002,95.421111,0.02916085885269543
29.240000000000002,95.671111,0.0288606002645304
29.240000000000002,95.921111,0.022261072969335566
29.240000000000002,96.171111,0.014278111963452049
29.240000000000002,96.421111,0.008848059603473688
29.240000000000002,96.671111,0.006074766389306246
29.240000000000002,96.921111,0.004836576166237061
29.240000000000002,97.171111,0.004325107041782088
29.490000000000002,72.421111,0.010760888565478773
29.490000000000002,72.671111,0.01065547852569917
29.490000000000002,72.921111,0.010551223943215463
29.490000000000002,73.171111,0.010448111243322858
29.490000000000002,73.421111,0.010346127017611981
29.490000000000002,73.671111,0.010245258021940776
29.490000000000002,73.921111,0.010145491174568411
29.490000000000002,74.171111,0.010046813555008043
29.490000000000002,74.421111,0.009949212405717285
29.490000000000002,74.671111,0.009852675141995256
29.490000000000002,74.921111,0.009757189376368842
29.490000000000002,75.171111,0.009662742959189893
29.490000000000002,75.421111,0.009569324241696412
29.490000000000002,75.671111,0.009476926215048106
29.490000000000002,75.921111,0.009385595381351433
29.490000000000002,76.171111,0.00929586830371695
29.490000000000002,76.421111,0.009211758904078946
29.490000000000002,76.671111,0.009156265650851767
29.490000000000002,76.921111,0.009231848367078422
29.490000000000002,77.171111,0.0098036617487792
29.490000000000002,77.421111,0.012027210676430202
29.490000000000002,77.671111,0.019901965109501544
29.490000000000002,77.921111,0.050817393619577905
29.490000000000002,78.171111,0.18053644528772944
29.490000000000002,78.421111,0.5198844770870081
29.490000000000002,78.671111,0.8180635928243092
29.490000000000002,78.921111,0.9349389032046022
29.490000000000002,79.171111,0.9779724523737902
29.490000000000002,79.421111,0.9936874446662949
29.490000000000002,79.671111,0.9978786430382082
29.490000000000002,79.921111,0.9982881823620514
29.490000000000002,80.171111,0.994473576817316
29.490000000000002,80.421111,0.9442623067326378
29.490000000000002,80.671111,0.5223200727423021
29.490000000000002,80.921111,0.09931737394335846
29.490000000000002,81.171111,0.024520115079825135
29.490000000000002,81.421111,0.011677052101060417
29.490000000000002,81.671111,0.00857734589885059
29.490000000000002,81.921111,0.007707271709404503
29.490000000000002,82.171111,0.007442435451500703
29.490000000000002,82.421111,0.007333286290190549
29.490000000000002,82.671111,0.007258261379353528
29.490000000000002,82.921111,0.007189769753715221
29.490000000000002,83.171111,0.0071228013120520125
29.490000000000002,83.421111,0.00705662982383212
29.490000000000002,83.671111,0.00699116555621914
29.490000000000002,83.921111,0.006926393138693211
29.490000000000002,84.171111,0.006862304131175874
29.490000000000002,84.421111,0.006798890686653065
29.490000000000002,84.671111,0.006736145081381644
29.490000000000002,84.921111,0.006674059686338519
29.490000000000002,85.171111,0.0066126269647875935
29.490000000000002,85.421111,0.006551839471080306
29.490000000000002,85.671111,0.006491689849515828
29.490000000000002,85.921111,0.006432170833216768
29.490000000000002,86.171111,0.006373275243019078
29.490000000000002,86.421111,0.006314995986375976
29.490000000000002,86.671111,0.006257326056276674
29.490000000000002,86.921111,0.0062002585301903276
29.490000000000002,87.171111,0.00614378656911913
29.490000000000002,87.421111,0.006087903417266655
29.490000000000002,87.671111,0.006032602404499349
29.490000000000002,87.921111,0.005977876957755893
29.490000000000002,88.171111,0.005923720629705107
29.490000000000002,88.421111,0.005870127134289135
29.490000000000002,88.671111,0.005817090322813742
29.490000000000002,88.921111,0.005764604006192269
29.490000000000002,89.171111,0.005712661682413664
29.490000000000002,89.421111,0.00566125650362293
29.490000000000002,89.671111,0.005610381736855995
29.490000000000002,89.921111,0.005560031370605583
29.490000000000002,90.171111,0.00551020028641091
29.490000000000002,90.421111,0.005460884452249644
29.490000000000002,90.671111,0.005412083636790817
29.490000000000002,90.921111,0.005363811128094629
29.490000000000002,91.171111,0.0053161123826603205
29.490000000000002,91.421111,0.005269076416466345
29.490000000000002,91.671111,0.005222794075338444
29.490000000000002,91.921111,0.005177235640370394
29.490000000000002,92.171111,0.0051321436399105
29.490000000000002,92.421111,0.005087138310971224
29.490000000000002,92.671111,0.005042096083605074
29.490000000000002,92.921111,0.0049977131809347776
29.490000000000002,93.171111,0.004956683999955283
29.490000000000002,93.421111,0.004927132432843474
29.490000000000002,93.671111,0.004930210522465353
29.490000000000002,93.921111,0.00501025157576803
29.490000000000002,94.171111,0.005238072364687266
29.490000000000002,94.421111,0.005693273291111292
29.490000000000002,94.671111,0.0064188375107229086
29.490000000000002,94.921111,0.0073607318826532245
29.490000000000002,95.171111,0.00832332092274261
29.490000000000002,95.421111,0.00896708228397226
29.490000000000002,95.671111,0.008917568930424684
29.490000000000002,95.921111,0.008080739868552919
29.490000000000002,96.171111,0.006843380261533568
29.490000000000002,96.421111,0.005729310273920225
29.490000000000002,96.671111,0.004983854225339016
29.490000000000002,96.921111,0.0045762609240625135
29.490000000000002,97.171111,0.004380695320829487
29.740000000000002,72.421111,0.01131350689023446
29.740000000000002,72.671111,0.011202852554240306
29.740000000000002,72.921111,0.011093409067947911
29.740000000000002,73.171111,0.010985162239926795
29.740000000000002,73.421111,0.010878098052074724
29.740000000000002,73.671111,0.010772202658123226
29.740000000000002,73.921111,0.010667462384830491
29.740000000000002,74.171111,0.010563863745623032
29.740000000000002,74.421111,0.010461393502672752
29.740000000000002,74.671111,0.010360038867405065
29.740000000000002,74.921111,0.01025978793454821
29.740000000000002,75.171111,0.010160630152553052
29.740000000000002,75.421111,0.010062556262768389
29.740000000000002,75.671111,0.009965561972122705
29.740000000000002,75.921111,0.009869713960066516
29.740000000000002,76.171111,0.009775762722187144
29.740000000000002,76.421111,0.009689336050905183
29.740000000000002,76.671111,0.009642710324646432
29.740000000000002,76.921111,0.009780390710340446
29.740000000000002,77.171111,0.010629529626431253
29.740000000000002,77.421111,0.013996694334778558
29.740000000000002,77.671111,0.027380969850387637
29.740000000000002,77.921111,0.09308958127118425
29.740000000000002,78.171111,0.40272136670765313
29.740000000000002,78.421111,0.8462712121374816
29.740000000000002,78.671111,0.9711617851157422
29.740000000000002,78.921111,0.9920665063402576
29.740000000000002,79.171111,0.9971471785434415
29.740000000000002,79.421111,0.9989368670004902
29.740000000000002,79.671111,0.999496360820837
29.740000000000002,79.921111,0.999438018866368
29.740000000000002,80.171111,0.9976467157027805
29.740000000000002,80.421111,0.9702403699576867
29.740000000000002,80.671111,0.6381787748170781
29.740000000000002,80.921111,0.13173024939715913
29.740000000000002,81.171111,0.02958843171612553
29.740000000000002,81.421111,0.01305303511347555
29.740000000000002,81.671111,0.009218319887894929
29.740000000000002,81.921111,0.008156711322503266
29.740000000000002,82.171111,0.00783965511732554
29.740000000000002,82.421111,0.0077161305826313606
29.740000000000002,82.671111,0.007635681234995105
29.740000000000002,82.921111,0.007563491368181818
29.740000000000002,83.171111,0.007493112921777163
29.740000000000002,83.421111,0.007423595998735992
29.740000000000002,83.671111,0.007354823377825345
29.740000000000002,83.921111,0.007286776727403557
29.740000000000002,84.171111,0.007219447039940172
29.740000000000002,84.421111,0.007152826087733937
29.740000000000002,84.671111,0.007086905781544882
29.740000000000002,84.921111,0.007021678131543332
29.740000000000002,85.171111,0.0069571352443280774
29.740000000000002,85.421111,0.00689326932166121
29.740000000000002,85.671111,0.006830072659281365
29.740000000000002,85.921111,0.006767537645733665
29.740000000000002,86.171111,0.006705656761214236
29.740000000000002,86.421111,0.0066444225764292104
29.740000000000002,86.671111,0.006583827751467956
29.740000000000002,86.921111,0.0065238650346910385
29.740000000000002,87.171111,0.006464527261636895
29.740000000000002,87.421111,0.006405807353972755
29.740000000000002,87.671111,0.006347698318599603
29.740000000000002,87.921111,0.0062901932472226
29.740000000000002,88.171111,0.006233285316806318
29.740000000000002,88.421111,0.006176967790390867
29.740000000000002,88.671111,0.00612123401491371
29.740000000000002,88.921111,0.006066077411262956
29.740000000000002,89.171111,0.006011491459548873
29.740000000000002,89.421111,0.005957469696510377
29.740000000000002,89.671111,0.005904005737971189
29.740000000000002,89.921111,0.005851093309368886
29.740000000000002,90.171111,0.005798726259326922
29.740000000000002,90.421111,0.005746898602022392
29.740000000000002,90.671111,0.005695604796942122
29.740000000000002,90.921111,0.00564484067294326
29.740000000000002,91.171111,0.005594605188673208
29.740000000000002,91.421111,0.005544901505621298
29.740000000000002,91.671111,0.005495733017691088
29.740000000000002,91.921111,0.005447091730496815
29.740000000000002,92.171111,0.0053989482377946076
29.740000000000002,92.421111,0.005351263039628023
29.740000000000002,92.671111,0.005304030985941786
29.740000000000002,92.921111,0.005257380085462268
29.740000000000002,93.171111,0.005211874714132604
29.740000000000002,93.421111,0.005169457451507023
29.740000000000002,93.671111,0.005135571184903394
29.740000000000002,93.921111,0.0051219379851093014
29.740000000000002,94.171111,0.005146626273803493
29.740000000000002,94.421111,0.005226541520826328
29.740000000000002,94.671111,0.00536330652315757
29.740000000000002,94.921111,0.005533449952817574
29.740000000000002,95.171111,0.005691405624955072
29.740000000000002,95.421111,0.005778782321283859
29.740000000000002,95.671111,0.005739004212639641
29.740000000000002,95.921111,0.005553098024608198
29.740000000000002,96.171111,0.005272277874447844
29.740000000000002,96.421111,0.0049895681189422465
29.740000000000002,96.671111,0.004772636949847321
29.740000000000002,96.921111,0.004634083761808842
29.740000000000002,97.171111,0.00455141305010337
29.990000000000002,72.421111,0.011898619331626795
29.990000000000002,72.671111,0.011782423536768335
29.990000000000002,72.921111,0.011667496961027963
29.990000000000002,73.171111,0.011553824766480517
29.990000000000002,73.421111,0.011441392298208833
29.990000000000002,73.671111,0.011330185093532568
29.990000000000002,73.921111,0.011220188932688863
29.990000000000002,74.171111,0.011111390063465926
29.990000000000002,74.421111,0.01100377606581096
29.990000000000002,74.671111,0.010897338505385499
29.990000000000002,74.921111,0.010792078564578908
29.990000000000002,75.171111,0.010688012801195372
29.990000000000002,75.421111,0.010585167228314273
29.990000000000002,75.671111,0.010483553131345458
29.990000000000002,75.921111,0.010383204964082826
29.990000000000002,76.171111,0.010284849718097318
29.990000000000002,76.421111,0.01019448359772164
29.990000000000002,76.671111,0.010146855299430131
29.990000000000002,76.921111,0.010297617966998462
29.990000000000002,77.171111,0.011215455035961788
29.990000000000002,77.421111,0.014861439751577077
29.990000000000002,77.671111,0.029487182559365138
29.990000000000002,77.921111,0.1022821762521243
29.990000000000002,78.171111,0.4373979609420223
29.990000000000002,78.421111,0.8675686929821117
29.990000000000002,78.671111,0.9753716791840936
29.990000000000002,78.921111,0.9924464782361209
29.990000000000002,79.171111,0.9964599552529099
29.990000000000002,79.421111,0.9980193395756032
29.990000000000002,79.671111,0.9985698547322773
29.990000000000002,79.921111,0.997964358842847
29.990000000000002,80.171111,0.9919627347748781
29.990000000000002,80.421111,0.9278684060274831
29.990000000000002,80.671111,0.5050379342870228
29.990000000000002,80.921111,0.10661534577401904
29.990000000000002,81.171111,0.027880767110574318
29.990000000000002,81.421111,0.01327641256310111
29.990000000000002,81.671111,0.00962290829622932
29.990000000000002,81.921111,0.008571178457860444
29.990000000000002,82.171111,0.008248321288010074
29.990000000000002,82.421111,0.008119771815578795
29.990000000000002,82.671111,0.008035311854975842
29.990000000000002,82.921111,0.007959446192067132
29.990000000000002,83.171111,0.007885486554453265
29.990000000000002,83.421111,0.00781243308252254
29.990000000000002,83.671111,0.007740160958346876
29.990000000000002,83.921111,0.007668650675829967
29.990000000000002,84.171111,0.007597892770361654
29.990000000000002,84.421111,0.007527878621583629
29.990000000000002,84.671111,0.007458599755899022
29.990000000000002,84.921111,0.007390047803683563
29.990000000000002,85.171111,0.007322214496066677
29.990000000000002,85.421111,0.0072550916636102795
29.990000000000002,85.671111,0.007188671235073722
29.990000000000002,85.921111,0.00712294523619621
29.990000000000002,86.171111,0.007057905788494214
29.990000000000002,86.421111,0.006993545108073851
29.990000000000002,86.671111,0.006929855504457979
29.990000000000002,86.921111,0.006866829379427883
29.990000000000002,87.171111,0.006804459225879496
29.990000000000002,87.421111,0.006742737626695045
29.990000000000002,87.671111,0.006681657253634189
29.990000000000002,87.921111,0.0066212108662566434
29.990000000000002,88.171111,0.006561391310892261
29.990000000000002,88.421111,0.006502191519638295
29.990000000000002,88.671111,0.006443604509253232
29.990000000000002,88.921111,0.006385623379761566
29.990000000000002,89.171111,0.006328241312885602
29.990000000000002,89.421111,0.006271451570961189
29.990000000000002,89.671111,0.006215247496844001
29.990000000000002,89.921111,0.006159622514191387
29.990000000000002,90.171111,0.006104570127464902
29.990000000000002,90.421111,0.006050083925084219
29.990000000000002,90.671111,0.00599615759983565
29.990000000000002,90.921111,0.005942785015494136
29.990000000000002,91.171111,0.0058899603340343805
29.990000000000002,91.421111,0.005837678092802714
29.990000000000002,91.671111,0.00578593291389492
29.990000000000002,91.921111,0.005734718657217041
29.990000000000002,92.171111,0.0056840277125131825
29.990000000000002,92.421111,0.005633852038598265
29.990000000000002,92.671111,0.00558418791466438
29.990000000000002,92.921111,0.005535051710735193
29.990000000000002,93.171111,0.005486540212860713
29.990000000000002,93.421111,0.005439028162711762
29.990000000000002,93.671111,0.005393628309420702
29.990000000000002,93.921111,0.005352813548283677
29.990000000000002,94.171111,0.005320432575553982
29.990000000000002,94.421111,0.005299978640415428
29.990000000000002,94.671111,0.0052914502859638685
29.990000000000002,94.921111,0.005289553732792869
29.990000000000002,95.171111,0.00528496430967336
29.990000000000002,95.421111,0.005266545298790677
29.990000000000002,95.671111,0.005223811991415283
29.990000000000002,95.921111,0.005152796054357903
29.990000000000002,96.171111,0.0050621579130021915
29.990000000000002,96.421111,0.004969625661941582
29.990000000000002,96.671111,0.004889826951246007
29.990000000000002,96.921111,0.004826642754857874
29.990000000000002,97.171111,0.004775856432939212
30.240000000000002,72.421111,0.012518294753029208
30.240000000000002,72.671111,0.012396242433364511
30.240000000000002,72.921111,0.012275520843181785
30.240000000000002,73.171111,0.01215611447349609
30.240000000000002,73.421111,0.012038008044816322
30.240000000000002,73.671111,0.011921186671524484
30.240000000000002,73.921111,0.011805636548162385
30.240000000000002,74.171111,0.011691347555353055
30.240000000000002,74.421111,0.011578322356460922
30.240000000000002,74.671111,0.011466603029980196
30.240000000000002,74.921111,0.01135632649075958
30.240000000000002,75.171111,0.011247779767310239
30.240000000000002,75.421111,0.011141333803960339
30.240000000000002,75.671111,0.011037139365582755
30.240000000000002,75.921111,0.010934825688169
30.240000000000002,76.171111,0.010834153323742147
30.240000000000002,76.421111,0.01073942759116445
30.240000000000002,76.671111,0.010679367340337203
30.240000000000002,76.921111,0.010782570229596096
30.240000000000002,77.171111,0.011508225408414733
30.240000000000002,77.421111,0.014330476508746106
30.240000000000002,77.671111,0.024532606361374866
30.240000000000002,77.921111,0.06613198389754837
30.240000000000002,78.171111,0.24140203035174523
30.240000000000002,78.421111,0.6264651733324773
30.240000000000002,78.671111,0.8700905935431394
30.240000000000002,78.921111,0.9413215849320637
30.240000000000002,79.171111,0.9622246645975703
30.240000000000002,79.421111,0.9705049718233508
30.240000000000002,79.671111,0.9719707178063395
30.240000000000002,79.921111,0.959358976286021
30.240000000000002,80.171111,0.8935870146950476
30.240000000000002,80.421111,0.6287134995877349
30.240000000000002,80.671111,0.22152952879442786
30.240000000000002,80.921111,0.05828958383922502
30.240000000000002,81.171111,0.02160854878659164
30.240000000000002,81.421111,0.012483241194264163
30.240000000000002,81.671111,0.009791724375676023
30.240000000000002,81.921111,0.00894784763937047
30.240000000000002,82.171111,0.008668442132314418
30.240000000000002,82.421111,0.00854534687414531
30.240000000000002,82.671111,0.008458553273203332
30.240000000000002,82.921111,0.008379069887535692
30.240000000000002,83.171111,0.00830135201133484
30.240000000000002,83.421111,0.00822455948792277
30.240000000000002,83.671111,0.008148584850387764
30.240000000000002,83.921111,0.008073409740341762
30.240000000000002,84.171111,0.007999024389208274
30.240000000000002,84.421111,0.007925419773763001
30.240000000000002,84.671111,0.00785258701632384
30.240000000000002,84.921111,0.007780517347491226
30.240000000000002,85.171111,0.007709202103130888
30.240000000000002,85.421111,0.00763863272301133
30.240000000000002,85.671111,0.007568800749519366
30.240000000000002,85.921111,0.007499697826393067
30.240000000000002,86.171111,0.007431315697470442
30.240000000000002,86.421111,0.007363646205453431
30.240000000000002,86.671111,0.007296681290687144
30.240000000000002,86.921111,0.0072304129899541485
30.240000000000002,87.171111,0.00716483343528356
30.240000000000002,87.421111,0.007099934852774927
30.240000000000002,87.671111,0.007035709561436771
30.240000000000002,87.921111,0.006972149972040006
30.240000000000002,88.171111,0.006909248585986523
30.240000000000002,88.421111,0.006846997994192248
30.240000000000002,88.671111,0.006785390875980515
30.240000000000002,88.921111,0.0067244199979801834
30.240000000000002,89.171111,0.006664078213031642
30.240000000000002,89.421111,0.006604358459120366
30.240000000000002,89.671111,0.006545253758353041
30.240000000000002,89.921111,0.006486757215960464
30.240000000000002,90.171111,0.006428862019325111
30.240000000000002,90.421111,0.006371561437228551
30.240000000000002,90.671111,0.006314848820075475
30.240000000000002,90.921111,0.0062587176026956785
30.240000000000002,91.171111,0.006203161310540625
30.240000000000002,91.421111,0.006148173563091165
30.240000000000002,91.671111,0.0060937480566818185
30.240000000000002,91.921111,0.006039878516405959
30.240000000000002,92.171111,0.0059865586586992404
30.240000000000002,92.421111,0.005933782277815309
30.240000000000002,92.671111,0.005881543728659957
30.240000000000002,92.921111,0.005829840106805494
30.240000000000002,93.171111,0.00577868065112466
30.240000000000002,93.421111,0.005728118748587588
30.240000000000002,93.671111,0.005678328564102514
30.240000000000002,93.921111,0.0056297120585474
30.240000000000002,94.171111,0.005582907875441431
30.240000000000002,94.421111,0.005538505204598981
30.240000000000002,94.671111,0.005496516234196057
30.240000000000002,94.921111,0.005456073892371391
30.240000000000002,95.171111,0.005415638813659487
30.240000000000002,95.421111,0.00537335739619112
30.240000000000002,95.671111,0.005327462791358198
30.240000000000002,95.921111,0.005277241164874363
30.240000000000002,96.171111,0.005224060789054747
30.240000000000002,96.421111,0.005170850147289059
30.240000000000002,96.671111,0.005120100521852392
30.240000000000002,96.921111,0.005072516527814135
30.240000000000002,97.171111,0.005027403657660672
30.490000000000002,72.421111,0.013174740007640238
30.490000000000002,72.671111,0.013046497110815014
30.490000000000002,72.921111,0.012919649778092563
30.490000000000002,73.171111,0.012794181884506477
30.490000000000002,73.421111,0.012670078021957446
30.490000000000002,73.671111,0.012547325443923339
30.490000000000002,73.921111,0.01242592134274838
30.490000000000002,74.171111,0.012305896952195187
30.490000000000002,74.421111,0.012187392026269256
30.490000000000002,74.671111,0.012070858348414575
30.490000000000002,74.921111,0.011957471517075768
30.490000000000002,75.171111,0.011849530813942546
30.490000000000002,75.421111,0.011749927585746528
30.490000000000002,75.671111,0.011659765559650197
30.490000000000002,75.921111,0.011575613323151207
30.490000000000002,76.171111,0.011490697143502966
30.490000000000002,76.421111,0.011402621898646674
30.490000000000002,76.671111,0.011329682785124173
30.490000000000002,76.921111,0.011357614276000346
30.490000000000002,77.171111,0.011777583964980076
30.490000000000002,77.421111,0.013424786729477691
30.490000000000002,77.671111,0.01860467583608436
30.490000000000002,77.921111,0.034260635812943425
30.490000000000002,78.171111,0.08067482044481128
30.490000000000002,78.421111,0.19168576661227826
30.490000000000002,78.671111,0.34897813411238765
30.490000000000002,78.921111,0.467035816285365
30.490000000000002,79.171111,0.5224347439181497
30.490000000000002,79.421111,0.541946337467045
30.490000000000002,79.671111,0.5319485071211056
30.490000000000002,79.921111,0.4658148756514867
30.490000000000002,80.171111,0.3236938014631709
30.490000000000002,80.421111,0.16255306007572068
30.490000000000002,80.671111,0.06613030230300238
30.490000000000002,80.921111,0.028686067033222996
30.490000000000002,81.171111,0.015924611345368482
30.490000000000002,81.421111,0.011468719651973934
30.490000000000002,81.671111,0.009879837018554674
30.490000000000002,81.921111,0.009320124573423457
30.490000000000002,82.171111,0.009107639913598028
30.490000000000002,82.421111,0.008995388746763667
30.490000000000002,82.671111,0.008907085774948996
30.490000000000002,82.921111,0.008823917214059446
30.490000000000002,83.171111,0.008742239043031619
30.490000000000002,83.421111,0.008661491129923458
30.490000000000002,83.671111,0.008581598220757655
30.490000000000002,83.921111,0.008502544524217401
30.490000000000002,84.171111,0.00842432005583249
30.490000000000002,84.421111,0.008346915374639979
30.490000000000002,84.671111,0.008270321177933426
30.490000000000002,84.921111,0.008194528275510274
30.490000000000002,85.171111,0.008119527587144694
30.490000000000002,85.421111,0.008045310141193193
30.490000000000002,85.671111,0.007971867073259096
30.490000000000002,85.921111,0.007899189624874422
30.490000000000002,86.171111,0.007827269142198003
30.490000000000002,86.421111,0.0077560970747293555
30.490000000000002,86.671111,0.007685664974038304
30.490000000000002,86.921111,0.007615964492510106
30.490000000000002,87.171111,0.007546987382105941
30.490000000000002,87.421111,0.007478725493138572
30.490000000000002,87.671111,0.007411170773062978
30.490000000000002,87.921111,0.007344315265281864
30.490000000000002,88.171111,0.007278151107965824
30.490000000000002,88.421111,0.007212670532887997
30.490000000000002,88.671111,0.0071478658642730045
30.490000000000002,88.921111,0.007083729517659797
30.490000000000002,89.171111,0.007020253998778381
30.490000000000002,89.421111,0.006957431902440686
30.490000000000002,89.671111,0.006895255911445825
30.490000000000002,89.921111,0.006833718795499239
30.490000000000002,90.171111,0.006772813410146408
30.490000000000002,90.421111,0.006712532695729347
30.490000000000002,90.671111,0.006652869676397577
30.490000000000002,90.921111,0.006593817459241926
30.490000000000002,91.171111,0.0065353692335863465
30.490000000000002,91.421111,0.006477518270171945
30.490000000000002,91.671111,0.006420257919468606
30.490000000000002,91.921111,0.006363581608692919
30.490000000000002,92.171111,0.006307482839600185
30.490000000000002,92.421111,0.006251955194503295
30.490000000000002,92.671111,0.00619699238130331
30.490000000000002,92.921111,0.006142588482121693
30.490000000000002,93.171111,0.006088739099983932
30.490000000000002,93.421111,0.006035445368730387
30.490000000000002,93.671111,0.005982723744662856
30.490000000000002,93.921111,0.005930620001887198
30.490000000000002,94.171111,0.005879211114507728
30.490000000000002,94.421111,0.005828569442323116
30.490000000000002,94.671111,0.005778695269280227
30.490000000000002,94.921111,0.005729476636178616
30.490000000000002,95.171111,0.005680712486835438
30.490000000000002,95.421111,0.005632155199972267
30.490000000000002,95.671111,0.005583563165633489
30.490000000000002,95.921111,0.005534831400666853
30.490000000000002,96.171111,0.005486130030068831
30.490000000000002,96.421111,0.005437837504395317
30.490000000000002,96.671111,0.00539027791880075
30.490000000000002,96.921111,0.005343541372010788
30.490000000000002,97.171111,0.00529753326371408
30.740000000000002,72.421111,0.013870309196848113
30.740000000000002,72.671111,0.013735521555355684
30.740000000000002,72.921111,0.013602197943557551
30.740000000000002,73.171111,0.013470322459206652
30.740000000000002,73.421111,0.013339884550414856
30.740000000000002,73.671111,0.013210897086088507
30.740000000000002,73.921111,0.013083458432584825
30.740000000000002,74.171111,0.01295793235219494
30.740000000000002,74.421111,0.012835425542308534
30.740000000000002,74.671111,0.01271896477490057
30.740000000000002,74.921111,0.012615784760589848
30.740000000000002,75.171111,0.012539509443500112
30.740000000000002,75.421111,0.012507042755185124
30.740000000000002,75.671111,0.012524725247108652
30.740000000000002,75.921111,0.012571561427529125
30.740000000000002,76.171111,0.012603492372286886
30.740000000000002,76.421111,0.012586942290263097
30.740000000000002,76.671111,0.012530468924286354
30.740000000000002,76.921111,0.012501819320221775
30.740000000000002,77.171111,0.012690894290963359
30.740000000000002,77.421111,0.013566348147341797
30.740000000000002,77.671111,0.01610185666260795
30.740000000000002,77.921111,0.02206870786707748
30.740000000000002,78.171111,0.03396206144914257
30.740000000000002,78.421111,0.052552824244751294
30.740000000000002,78.671111,0.07226774727966767
30.740000000000002,78.921111,0.08450368669979658
30.740000000000002,79.171111,0.08796427822236105
30.740000000000002,79.421111,0.08702893285091204
30.740000000000002,79.671111,0.08312747773779293
30.740000000000002,79.921111,0.07344232787444552
30.740000000000002,80.171111,0.056960431570600864
30.740000000000002,80.421111,0.038770735918320455
30.740000000000002,80.671111,0.024926575662689878
30.740000000000002,80.921111,0.016804425962533738
30.740000000000002,81.171111,0.012715784840451213
30.740000000000002,81.421111,0.010845594814894494
30.740000000000002,81.671111,0.010054825810571119
30.740000000000002,81.921111,0.009730109464550022
30.740000000000002,82.171111,0.009575978049804259
30.740000000000002,82.421111,0.009472996850331573
30.740000000000002,82.671111,0.009382766325124366
30.740000000000002,82.921111,0.009295657208735167
30.740000000000002,83.171111,0.009209783260133806
30.740000000000002,83.421111,0.009124848228040909
30.740000000000002,83.671111,0.009040807670186042
30.740000000000002,83.921111,0.00895764825325324
30.740000000000002,84.171111,0.00887535975048655
30.740000000000002,84.421111,0.00879393228054909
30.740000000000002,84.671111,0.008713356093368155
30.740000000000002,84.921111,0.008633621555814779
30.740000000000002,85.171111,0.008554719149666948
30.740000000000002,85.421111,0.008476639470181862
30.740000000000002,85.671111,0.008399373224707624
30.740000000000002,85.921111,0.00832291123131235
30.740000000000002,86.171111,0.008247244417429831
30.740000000000002,86.421111,0.008172363818521643
30.740000000000002,86.671111,0.008098260576755304
30.740000000000002,86.921111,0.008024925939698559
30.740000000000002,87.171111,0.007952351259029496
30.740000000000002,87.421111,0.007880527989262238
30.740000000000002,87.671111,0.007809447686488183
30.740000000000002,87.921111,0.00773910200713252
30.740000000000002,88.171111,0.007669482706725903
30.740000000000002,88.421111,0.007600581638691074
30.740000000000002,88.671111,0.007532390753144252
30.740000000000002,88.921111,0.007464902095711228
30.740000000000002,89.171111,0.007398107806357815
30.740000000000002,89.421111,0.007332000118234682
30.740000000000002,89.671111,0.007266571356536264
30.740000000000002,89.921111,0.007201813937373701
30.740000000000002,90.171111,0.007137720366661618
30.740000000000002,90.421111,0.007074283239018868
30.740000000000002,90.671111,0.007011495236684191
30.740000000000002,90.921111,0.0069493491284487174
30.740000000000002,91.171111,0.006887837768606597
30.740000000000002,91.421111,0.006826954095914563
30.740000000000002,91.671111,0.006766691132535322
30.740000000000002,91.921111,0.006707041982952554
30.740000000000002,92.171111,0.006647999832949448
30.740000000000002,92.421111,0.006589557949128206
30.740000000000002,92.671111,0.006531709681755553
30.740000000000002,92.921111,0.00647444848670418
30.740000000000002,93.171111,0.006417768033649802
30.740000000000002,93.421111,0.006361662593330675
30.740000000000002,93.671111,0.006306127996881001
30.740000000000002,93.921111,0.006251163029313499
30.740000000000002,94.171111,0.006196769670765718
30.740000000000002,94.421111,0.0061429496593071635
30.740000000000002,94.671111,0.00608969790023505
30.740000000000002,94.921111,0.0060369983879874
30.740000000000002,95.171111,0.005984826104203371
30.740000000000002,95.421111,0.005933150802519212
30.740000000000002,95.671111,0.005881942306093499
30.740000000000002,95.921111,0.005831184180798375
30.740000000000002,96.171111,0.0057808881396755225
30.740000000000002,96.421111,0.005731087338320657
30.740000000000002,96.671111,0.005681809664128311
30.740000000000002,96.921111,0.005633059431628352
30.740000000000002,97.171111,0.00558482230707856
30.990000000000002,72.421111,0.0146075135206566
30.990000000000002,72.671111,0.014465805782043789
30.990000000000002,72.921111,0.014325635424144145
30.990000000000002,73.171111,0.014186993624565788
30.990000000000002,73.421111,0.014049912026308554
30.990000000000002,73.671111,0.013914595238029447
30.990000000000002,73.921111,0.013781843914304143
30.990000000000002,74.171111,0.013654138682772257
30.990000000000002,74.421111,0.01353805236103171
30.990000000000002,74.671111,0.013449371766589481
30.990000000000002,74.921111,0.013422577302831282
30.990000000000002,75.171111,0.013520466319234929
30.990000000000002,75.421111,0.01382314540919411
30.990000000000002,75.671111,0.014369197040874873
30.990000000000002,75.921111,0.015069005641223952
30.990000000000002,76.171111,0.01569869894724586
30.990000000000002,76.421111,0.01605717345123094
30.990000000000002,76.671111,0.016130315558045456
30.990000000000002,76.921111,0.016074475645567507
30.990000000000002,77.171111,0.016201222772150962
30.990000000000002,77.421111,0.017127618274129373
30.990000000000002,77.671111,0.019826860053740823
30.990000000000002,77.921111,0.025197445847101433
30.990000000000002,78.171111,0.03259658237985736
30.990000000000002,78.421111,0.03822946791896966
30.990000000000002,78.671111,0.03817888397520682
30.990000000000002,78.921111,0.033725439224029784
30.990000000000002,79.171111,0.02892248122103828
30.990000000000002,79.421111,0.02574945709806963
30.990000000000002,79.671111,0.023905957195665115
30.990000000000002,79.921111,0.02231127139144746
30.990000000000002,80.171111,0.02016027565572918
30.990000000000002,80.421111,0.017459020019805465
30.990000000000002,80.671111,0.014815034191054479
30.990000000000002,80.921111,0.012770912222327891
30.990000000000002,81.171111,0.01146529220521065
30.990000000000002,81.421111,0.010747053083082766
30.990000000000002,81.671111,0.010386674960518696
30.990000000000002,81.921111,0.010199693590622085
30.990000000000002,82.171111,0.010079757243739391
30.990000000000002,82.421111,0.009980760198919096
30.990000000000002,82.671111,0.009887483787046427
30.990000000000002,82.921111,0.009796063508565867
30.990000000000002,83.171111,0.009705731992438996
30.990000000000002,83.421111,0.009616362544470878
30.990000000000002,83.671111,0.009527930525237626
30.990000000000002,83.921111,0.009440424023461293
30.990000000000002,84.171111,0.009353832472316847
30.990000000000002,84.421111,0.009268145522107267
30.990000000000002,84.671111,0.00918335295171748
30.990000000000002,84.921111,0.009099444661834101
30.990000000000002,85.171111,0.009016410673214828
30.990000000000002,85.421111,0.008934241125218673
30.990000000000002,85.671111,0.00885292627436299
30.990000000000002,85.921111,0.00877245649289803
30.990000000000002,86.171111,0.008692822267398481
30.990000000000002,86.421111,0.008614014197371862
30.990000000000002,86.671111,0.00853602299388372
30.990000000000002,86.921111,0.008458839478199197
30.990000000000002,87.171111,0.00838245458044098
30.990000000000002,87.421111,0.008306859338263365
30.990000000000002,87.671111,0.00823204489554237
30.990000000000002,87.921111,0.008158002501081478
30.990000000000002,88.171111,0.008084723507333132
30.990000000000002,88.421111,0.008012199369135673
30.990000000000002,88.671111,0.007940421642465443
30.990000000000002,88.921111,0.007869381983204088
30.990000000000002,89.171111,0.007799072145920737
30.990000000000002,89.421111,0.007729483982668984
30.990000000000002,89.671111,0.007660609441798432
30.990000000000002,89.921111,0.007592440566780709
30.990000000000002,90.171111,0.007524969495049719
30.990000000000002,90.421111,0.00745818845685602
30.990000000000002,90.671111,0.007392089774135214
30.990000000000002,90.921111,0.007326665859390182
30.990000000000002,91.171111,0.007261909214587055
30.990000000000002,91.421111,0.007197812430064625
30.990000000000002,91.671111,0.007134368183456303
30.990000000000002,91.921111,0.007071569238624296
30.990000000000002,92.171111,0.007009408444609955
30.990000000000002,92.421111,0.006947878734628472
30.990000000000002,92.671111,0.006886973125306982
30.990000000000002,92.921111,0.006826684717328715
30.990000000000002,93.171111,0.006767006702487494
30.990000000000002,93.421111,0.006707932391670672
30.990000000000002,93.671111,0.006649455286166599
30.990000000000002,93.921111,0.006591569182842135
30.990000000000002,94.171111,0.006534268194872522
30.990000000000002,94.421111,0.006477546497597475
30.990000000000002,94.671111,0.006421397834816198
30.990000000000002,94.921111,0.00636581520221253
30.990000000000002,95.171111,0.006310790960906079
30.990000000000002,95.421111,0.0062563170897351975
30.990000000000002,95.671111,0.006202385592624339
30.990000000000002,95.921111,0.006148989595261466
30.990000000000002,96.171111,0.006096124494692907
30.990000000000002,96.421111,0.006043787441133738
30.990000000000002,96.671111,0.00599197525091125
30.990000000000002,96.921111,0.00594068297461769
30.990000000000002,97.171111,0.00588990427493434
31.240000000000002,72.421111,0.015389031831752885
31.240000000000002,72.671111,0.015240007193869611
31.240000000000002,72.921111,0.015092605715964073
31.240000000000002,73.171111,0.01494686967716242
31.240000000000002,73.421111,0.014803093493942458
31.240000000000002,73.671111,0.014662589758578506
31.240000000000002,73.921111,0.014529972325948017
31.240000000000002,74.171111,0.014418405578086104
31.240000000000002,74.421111,0.014359343471803641
31.240000000000002,74.671111,0.014419622193607163
31.240000000000002,74.921111,0.014732656383852346
31.240000000000002,75.171111,0.01554234186719305
31.240000000000002,75.421111,0.017210362352661275
31.240000000000002,75.671111,0.0200596984896775
31.240000000000002,75.921111,0.02393112436603318
31.240000000000002,76.171111,0.027766074534412925
31.240000000000002,76.421111,0.030199722660181023
31.240000000000002,76.671111,0.030880574301326867
31.240000000000002,76.921111,0.030590851940166485
31.240000000000002,77.171111,0.030778963283321546
31.240000000000002,77.421111,0.034082007485888514
31.240000000000002,77.671111,0.04509351871561331
31.240000000000002,77.921111,0.06893069355624379
31.240000000000002,78.171111,0.09873273856948922
31.240000000000002,78.421111,0.10449966544433704
31.240000000000002,78.671111,0.07617900286259766
31.240000000000002,78.921111,0.044260571870309365
31.240000000000002,79.171111,0.026273256655858526
31.240000000000002,79.421111,0.018556198619682256
31.240000000000002,79.671111,0.015553061200468565
31.240000000000002,79.921111,0.014355069082346242
31.240000000000002,80.171111,0.013664169464844163
31.240000000000002,80.421111,0.013007990490575539
31.240000000000002,80.671111,0.012338781312238619
31.240000000000002,80.921111,0.011752965990284546
31.240000000000002,81.171111,0.011320312799715637
31.240000000000002,81.421111,0.01103716259326762
31.240000000000002,81.671111,0.010856075117300861
31.240000000000002,81.921111,0.010727612674158005
31.240000000000002,82.171111,0.01062046109180761
31.240000000000002,82.421111,0.01052054138046567
31.240000000000002,82.671111,0.010423131653478038
31.240000000000002,82.921111,0.01032701799173639
31.240000000000002,83.171111,0.010231951782042418
31.240000000000002,83.421111,0.010137885208179206
31.240000000000002,83.671111,0.01004480263898633
31.240000000000002,83.921111,0.00995269255070941
31.240000000000002,84.171111,0.009861543936538384
31.240000000000002,84.421111,0.009771345949131715
31.240000000000002,84.671111,0.00968208787147178
31.240000000000002,84.921111,0.009593759113633698
31.240000000000002,85.171111,0.009506349211169319
31.240000000000002,85.421111,0.00941984782358687
31.240000000000002,85.671111,0.009334244732851235
31.240000000000002,85.921111,0.009249529841902223
31.240000000000002,86.171111,0.009165693173190282
31.240000000000002,86.421111,0.009082724867229598
31.240000000000002,86.671111,0.009000615181168386
31.240000000000002,86.921111,0.008919354487376102
31.240000000000002,87.171111,0.00883893327204756
31.240000000000002,87.421111,0.008759342133823584
31.240000000000002,87.671111,0.00868057178242819
31.240000000000002,87.921111,0.008602613037321984
31.240000000000002,88.171111,0.008525456826371652
31.240000000000002,88.421111,0.008449094184535476
31.240000000000002,88.671111,0.00837351625256444
31.240000000000002,88.921111,0.008298714275719037
31.240000000000002,89.171111,0.008224679602501443
31.240000000000002,89.421111,0.008151403683402914
31.240000000000002,89.671111,0.00807887806966628
31.240000000000002,89.921111,0.008007094412063301
31.240000000000002,90.171111,0.007936044459686807
31.240000000000002,90.421111,0.007865720058757377
31.240000000000002,90.671111,0.007796113151444438
31.240000000000002,90.921111,0.0077272157747016144
31.240000000000002,91.171111,0.007659020059116165
31.240000000000002,91.421111,0.007591518227772361
31.240000000000002,91.671111,0.007524702595128584
31.240000000000002,91.921111,0.007458565565908056
31.240000000000002,92.171111,0.007393099634003228
31.240000000000002,92.421111,0.007328297381394978
31.240000000000002,92.671111,0.007264151477097844
31.240000000000002,92.921111,0.007200654676197118
31.240000000000002,93.171111,0.0071377998192649695
31.240000000000002,93.421111,0.007075579832994357
31.240000000000002,93.671111,0.007013987733358502
31.240000000000002,93.921111,0.006953016630790916
31.240000000000002,94.171111,0.006892659730613787
31.240000000000002,94.421111,0.006832910317730838
31.240000000000002,94.671111,0.006773761727417335
31.240000000000002,94.921111,0.0067152073256778145
31.240000000000002,95.171111,0.006657240513247067
31.240000000000002,95.421111,0.006599854737338599
31.240000000000002,95.671111,0.006543043514804417
31.240000000000002,95.921111,0.0064868004987069985
31.240000000000002,96.171111,0.006431119547882356
31.240000000000002,96.421111,0.006375994695420564
31.240000000000002,96.671111,0.006321420022713915
31.240000000000002,96.921111,0.006267389572713508
31.240000000000002,97.171111,0.006213897371417729
31.490000000000002,72.421111,0.016217722418294996
31.490000000000002,72.671111,0.016060967390410023
31.490000000000002,72.921111,0.015905975842419276
31.490000000000002,73.171111,0.01575307308681868
31.490000000000002,73.421111,0.015603865977216065
31.490000000000002,73.671111,0.015464748402834029
31.490000000000002,73.921111,0.015356599563065728
31.490000000000002,74.171111,0.015335199746686226
31.490000000000002,74.421111,0.015524381963805187
31.490000000000002,74.671111,0.016167600991249028
31.490000000000002,74.921111,0.01773755449281727
31.490000000000002,75.171111,0.021199733122829162
31.490000000000002,75.421111,0.028502487305003404
31.490000000000002,75.671111,0.042867148934490645
31.490000000000002,75.921111,0.06653821407151092
31.490000000000002,76.171111,0.09395461490735091
31.490000000000002,76.421111,0.11195754711406937
31.490000000000002,76.671111,0.11511180532360839
31.490000000000002,76.921111,0.10998315653027228
31.490000000000002,77.171111,0.10787078169386265
31.490000000000002,77.421111,0.12749877977195345
31.490000000000002,77.671111,0.2089426663418946
31.490000000000002,77.921111,0.40126063108428395
31.490000000000002,78.171111,0.5960722910685758
31.490000000000002,78.421111,0.6086266008579354
31.490000000000002,78.671111,0.3994212255328925
31.490000000000002,78.921111,0.1490296012318739
31.490000000000002,79.171111,0.048934550553923324
31.490000000000002,79.421111,0.02271190923072468
31.490000000000002,79.671111,0.015508669354433176
31.490000000000002,79.921111,0.013358343364516908
31.490000000000002,80.171111,0.012661746044340953
31.490000000000002,80.421111,0.012339415431591986
31.490000000000002,80.671111,0.012093595196501694
31.490000000000002,80.921111,0.011875975957688148
31.490000000000002,81.171111,0.011691936343172931
31.490000000000002,81.421111,0.011541898367193599
31.490000000000002,81.671111,0.011416309240660468
31.490000000000002,81.921111,0.011304031635152102
31.490000000000002,82.171111,0.011197710988015851
31.490000000000002,82.421111,0.011093976923803072
31.490000000000002,82.671111,0.010991683136991814
31.490000000000002,82.921111,0.010890526528448055
31.490000000000002,83.171111,0.010790437466001739
31.490000000000002,83.421111,0.010691395152552713
31.490000000000002,83.671111,0.010593386731058774
31.490000000000002,83.921111,0.010496400452956006
31.490000000000002,84.171111,0.010400424801417294
31.490000000000002,84.421111,0.010305448402762098
31.490000000000002,84.671111,0.01021146001807766
31.490000000000002,84.921111,0.010118448541194272
31.490000000000002,85.171111,0.010026402997070654
31.490000000000002,85.421111,0.009935312540216786
31.490000000000002,85.671111,0.009845166453135898
31.490000000000002,85.921111,0.009755954144784713
31.490000000000002,86.171111,0.009667665149051655
31.490000000000002,86.421111,0.009580289123252974
31.490000000000002,86.671111,0.009493815846646395
31.490000000000002,86.921111,0.009408235218962422
31.490000000000002,87.171111,0.009323537258952769
31.490000000000002,87.421111,0.009239712102955997
31.490000000000002,87.671111,0.009156750003480037
31.490000000000002,87.921111,0.0090746413278015
31.490000000000002,88.171111,0.00899337655658152
31.490000000000002,88.421111,0.008912946282498098
31.490000000000002,88.671111,0.008833341208894492
31.490000000000002,88.921111,0.008754552148443876
31.490000000000002,89.171111,0.008676570021829722
31.490000000000002,89.421111,0.008599385856441951
31.490000000000002,89.671111,0.00852299078508863
31.490000000000002,89.921111,0.008447376044723022
31.490000000000002,90.171111,0.008372532975185837
31.490000000000002,90.421111,0.0082984530179626
31.490000000000002,90.671111,0.008225127714955715
31.490000000000002,90.921111,0.00815254870727146
31.490000000000002,91.171111,0.00808070773402136
31.490000000000002,91.421111,0.008009596631138016
31.490000000000002,91.671111,0.007939207330205153
31.490000000000002,91.921111,0.00786953185730176
31.490000000000002,92.171111,0.00780056233186009
31.490000000000002,92.421111,0.0077322909655375685
31.490000000000002,92.671111,0.007664710061102727
31.490000000000002,92.921111,0.0075978120113381845
31.490000000000002,93.171111,0.007531589297972985
31.490000000000002,93.421111,0.007466034490681433
31.490000000000002,93.671111,0.007401140246206787
31.490000000000002,93.921111,0.0073368993075887115
31.490000000000002,94.171111,0.007273304503196963
31.490000000000002,94.421111,0.007210348745085525
31.490000000000002,94.671111,0.0071480250267403405
31.490000000000002,94.921111,0.007086326421233101
31.490000000000002,95.171111,0.007025246080378649
31.490000000000002,95.421111,0.00696477723423253
31.490000000000002,95.671111,0.006904913191216976
31.490000000000002,95.921111,0.006845647340348891
31.490000000000002,96.171111,0.00678697315360948
31.490000000000002,96.421111,0.0067288841836242955
31.490000000000002,96.671111,0.006671374056990453
31.490000000000002,96.921111,0.006614436469414988
31.490000000000002,97.171111,0.006558065185832508
31.740000000000002,72.421111,0.01709663830989171
31.740000000000002,72.671111,0.01693175118686185
31.740000000000002,72.921111,0.016769019296376607
31.740000000000002,73.171111,0.016610066364145346
31.740000000000002,73.421111,0.016461910894370393
31.740000000000002,73.671111,0.01634980470103062
31.740000000000002,73.921111,0.01634978261884156
31.740000000000002,74.171111,0.016653863853264037
31.740000000000002,74.421111,0.017679960342412253
31.740000000000002,74.671111,0.020283123203469873
31.740000000000002,74.921111,0.026351655285787364
31.740000000000002,75.171111,0.04073921909211377
31.740000000000002,75.421111,0.0768240003223373
31.740000000000002,75.671111,0.16453939060518719
31.740000000000002,75.921111,0.32277817148090354
31.740000000000002,76.171111,0.4792104716623055
31.740000000000002,76.421111,0.5497214565467302
31.740000000000002,76.671111,0.5410819359659162
31.740000000000002,76.921111,0.4956752917323475
31.740000000000002,77.171111,0.4639890872547501
31.740000000000002,77.421111,0.5233488247088892
31.740000000000002,77.671111,0.7369716500389671
31.740000000000002,77.921111,0.9288015896696717
31.740000000000002,78.171111,0.9798443316731442
31.740000000000002,78.421111,0.9810383993970433
31.740000000000002,78.671111,0.921625140411718
31.740000000000002,78.921111,0.5386176511075517
31.740000000000002,79.171111,0.12346833158799939
31.740000000000002,79.421111,0.03460371102644256
31.740000000000002,79.671111,0.018095445381406113
31.740000000000002,79.921111,0.01411718756866152
31.740000000000002,80.171111,0.013047098308937176
31.740000000000002,80.421111,0.012711485231412648
31.740000000000002,80.671111,0.012539553054726696
31.740000000000002,80.921111,0.012400231643065177
31.740000000000002,81.171111,0.012271495579472096
31.740000000000002,81.421111,0.012150237435430113
31.740000000000002,81.671111,0.012034450562261876
31.740000000000002,81.921111,0.011922090000921978
31.740000000000002,82.171111,0.0118117934284572
31.740000000000002,82.421111,0.011702925402927666
31.740000000000002,82.671111,0.011595261641014045
31.740000000000002,82.921111,0.011488734927864057
31.740000000000002,83.171111,0.011383321812725692
31.740000000000002,83.421111,0.011279008121957718
31.740000000000002,83.671111,0.011175781294341488
31.740000000000002,83.921111,0.011073629096538912
31.740000000000002,84.171111,0.010972539456715677
31.740000000000002,84.421111,0.010872500446447088
31.740000000000002,84.671111,0.010773500277750902
31.740000000000002,84.921111,0.01067552730133462
31.740000000000002,85.171111,0.01057857000493577
31.740000000000002,85.421111,0.010482617011684875
31.740000000000002,85.671111,0.010387657078487395
31.740000000000002,85.921111,0.01029367909442436
31.740000000000002,86.171111,0.010200672079171533
31.740000000000002,86.421111,0.010108625181436818
31.740000000000002,86.671111,0.010017527677415813
31.740000000000002,86.921111,0.009927368969265405
31.740000000000002,87.171111,0.009838138583594952
31.740000000000002,87.421111,0.009749826169975233
31.740000000000002,87.671111,0.009662421499464682
31.740000000000002,87.921111,0.009575914463152896
31.740000000000002,88.171111,0.009490295070721211
31.740000000000002,88.421111,0.009405553449020118
31.740000000000002,88.671111,0.0093216798406634
31.740000000000002,88.921111,0.00923866460263879
31.740000000000002,89.171111,0.009156498204934985
31.740000000000002,89.421111,0.009075171229184852
31.740000000000002,89.671111,0.008994674367324625
31.740000000000002,89.921111,0.008914998420268948
31.740000000000002,90.171111,0.008836134296601596
31.740000000000002,90.421111,0.008758073011281712
31.740000000000002,90.671111,0.00868080568436536
31.740000000000002,90.921111,0.00860432353974226
31.740000000000002,91.171111,0.008528617903887531
31.740000000000002,91.421111,0.008453680204628309
31.740000000000002,91.671111,0.008379501969925002
31.740000000000002,91.921111,0.008306074826667101
31.740000000000002,92.171111,0.008233390499483342
31.740000000000002,92.421111,0.008161440809566127
31.740000000000002,92.671111,0.008090217673509892
31.740000000000002,92.921111,0.008019713102163678
31.740000000000002,93.171111,0.007949919199497809
31.740000000000002,93.421111,0.00788082816148605
31.740000000000002,93.671111,0.007812432275005096
31.740000000000002,93.921111,0.007744723916750315
31.740000000000002,94.171111,0.007677695552157963
31.740000000000002,94.421111,0.0076113397343168954
31.740000000000002,94.671111,0.007545649102872126
31.740000000000002,94.921111,0.0074806163829533754
31.740000000000002,95.171111,0.0074162343841480145
31.740000000000002,95.421111,0.007352495999496952
31.740000000000002,95.671111,0.0072893942045277405
31.740000000000002,95.921111,0.0072269220563767654
31.740000000000002,96.171111,0.007165072692927849
31.740000000000002,96.421111,0.007103839331795004
31.740000000000002,96.671111,0.007043215269162051
31.740000000000002,96.921111,0.00698319387869732
31.740000000000002,97.171111,0.006923768610654904
31.990000000000002,72.421111,0.01802905433511276
31.990000000000002,72.671111,0.01785576189310126
31.990000000000002,72.921111,0.017686020429524097
31.990000000000002,73.171111,0.017526440879861913
31.990000000000002,73.421111,0.017402744304324102
31.990000000000002,73.671111,0.017398216871881002
31.990000000000002,73.921111,0.0177424806900929
31.990000000000002,74.171111,0.01899587783602822
31.990000000000002,74.421111,0.022464230006988755
31.990000000000002,74.671111,0.031399817342363294
31.990000000000002,74.921111,0.055154407143388394
31.990000000000002,75.171111,0.12331618824703232
31.990000000000002,75.421111,0.3110172607345262
31.990000000000002,75.671111,0.6327695865569851
31.990000000000002,75.921111,0.8560608129112857
31.990000000000002,76.171111,0.929443743004844
31.990000000000002,76.421111,0.941073219745636
31.990000000000002,76.671111,0.9247378874508373
31.990000000000002,76.921111,0.888253304227801
31.990000000000002,77.171111,0.8509001404806499
31.990000000000002,77.421111,0.871173579935885
31.990000000000002,77.671111,0.9536764995536394
31.990000000000002,77.921111,0.9930786695423632
31.990000000000002,78.171111,0.998708947371269
31.990000000000002,78.421111,0.9987765287688062
31.990000000000002,78.671111,0.9912388867639991
31.990000000000002,78.921111,0.8404463710543468
31.990000000000002,79.171111,0.2416694858262619
31.990000000000002,79.421111,0.049389960663545056
31.990000000000002,79.671111,0.021096066321435746
31.990000000000002,79.921111,0.015233488130967055
31.990000000000002,80.171111,0.013774404035139978
31.990000000000002,80.421111,0.013366457788841131
31.990000000000002,80.671111,0.01319158151041813
31.990000000000002,80.921111,0.01306016717459568
31.990000000000002,81.171111,0.01293672991248132
31.990000000000002,81.421111,0.012816042024183837
31.990000000000002,81.671111,0.012697264822711551
31.990000000000002,81.921111,0.012580049360360326
31.990000000000002,82.171111,0.012464186352350217
31.990000000000002,82.421111,0.01234957270996164
31.990000000000002,82.671111,0.012236164432211583
31.990000000000002,82.921111,0.012123940238549884
31.990000000000002,83.171111,0.012012885296018475
31.990000000000002,83.421111,0.011902986246773294
31.990000000000002,83.671111,0.011794230098910967
31.990000000000002,83.921111,0.011686604038945798
31.990000000000002,84.171111,0.011580095406144672
31.990000000000002,84.421111,0.011474691688372177
31.990000000000002,84.671111,0.011370380520147797
31.990000000000002,84.921111,0.01126714968089666
31.990000000000002,85.171111,0.011164987093230548
31.990000000000002,85.421111,0.011063880821248925
31.990000000000002,85.671111,0.010963819068859475
31.990000000000002,85.921111,0.010864790178117591
31.990000000000002,86.171111,0.010766782627584891
31.990000000000002,86.421111,0.010669785030706456
31.990000000000002,86.671111,0.01057378613420674
31.990000000000002,86.921111,0.010478774816503804
31.990000000000002,87.171111,0.010384740086141854
31.990000000000002,87.421111,0.010291671080241727
31.990000000000002,87.671111,0.010199557062969327
31.990000000000002,87.921111,0.010108387424021805
31.990000000000002,88.171111,0.010018151677131042
31.990000000000002,88.421111,0.009928839458584799
31.990000000000002,88.671111,0.009840440525764677
31.990000000000002,88.921111,0.009752944755701404
31.990000000000002,89.171111,0.009666342143646627
31.990000000000002,89.421111,0.009580622801661654
31.990000000000002,89.671111,0.009495776957222441
31.990000000000002,89.921111,0.009411794951840986
31.990000000000002,90.171111,0.009328667239702852
31.990000000000002,90.421111,0.009246384386320639
31.990000000000002,90.671111,0.009164937067203316
31.990000000000002,90.921111,0.009084316066541046
31.990000000000002,91.171111,0.009004512275905695
31.990000000000002,91.421111,0.008925516692966408
31.990000000000002,91.671111,0.008847320420220553
31.990000000000002,91.921111,0.008769914663739489
31.990000000000002,92.171111,0.008693290731929215
31.990000000000002,92.421111,0.008617440034305677
31.990000000000002,92.671111,0.008542354080284593
31.990000000000002,92.921111,0.0084680244779856
31.990000000000002,93.171111,0.008394442933050606
31.990000000000002,93.421111,0.008321601247476254
31.990000000000002,93.671111,0.008249491318460337
31.990000000000002,93.921111,0.008178105137262073
31.990000000000002,94.171111,0.00810743478807571
31.990000000000002,94.421111,0.008037472446917002
31.990000000000002,94.671111,0.007968210380522424
31.990000000000002,94.921111,0.00789964094526182
31.990000000000002,95.171111,0.007831756586064758
31.990000000000002,95.421111,0.007764549835360003
31.990000000000002,95.671111,0.007698013312028539
31.990000000000002,95.921111,0.007632139720371174
31.990000000000002,96.171111,0.007566921849088761
31.990000000000002,96.421111,0.007502352570270087
31.990000000000002,96.671111,0.007438424838387688
31.990000000000002,96.921111,0.007375131689307316
31.990000000000002,97.171111,0.007312466239314125
32.24,72.421111,0.019018531243436235
32.24,72.671111,0.01883707524088741
32.24,72.921111,0.018663931633346238
32.24,73.171111,0.01852178167168928
32.24,73.421111,0.018490951380826
32.24,73.671111,0.018807288243020057
32.24,73.921111,0.02007569883684293
32.24,74.171111,0.02379602854058749
32.24,74.421111,0.034063911229053084
32.24,74.671111,0.06409132274488205
32.24,74.921111,0.15983523665580646
32.24,75.171111,0.42626405852105254
32.24,75.421111,0.7838388338336844
32.24,75.671111,0.946185364892574
32.24,75.921111,0.9836502901566483
32.24,76.171111,0.9905242747860293
32.24,76.421111,0.9885744784663393
32.24,76.671111,0.9782473881546235
32.24,76.921111,0.9548785423505033
32.24,77.171111,0.9230262147119438
32.24,77.421111,0.9222168021854162
32.24,77.671111,0.9693305801683034
32.24,77.921111,0.9951130851339787
32.24,78.171111,0.9990543701881744
32.24,78.421111,0.9990741366272035
32.24,78.671111,0.9930190730560347
32.24,78.921111,0.8616048875535477
32.24,79.171111,0.2630147394653332
32.24,79.421111,0.0532227480920906
32.24,79.671111,0.022420229072461304
32.24,79.921111,0.016098941806200997
32.24,80.171111,0.014534085558754448
32.24,80.421111,0.014100474012777944
32.24,80.671111,0.013917768730124042
32.24,80.921111,0.013781607013010969
32.24,81.171111,0.013653331142960126
32.24,81.421111,0.013527202300617321
32.24,81.671111,0.013402519408334491
32.24,81.921111,0.013279177121080765
32.24,82.171111,0.013157135527238292
32.24,82.421111,0.01303637012049658
32.24,82.671111,0.01291686326859643
32.24,82.921111,0.012798600014519955
32.24,83.171111,0.012681566264877767
32.24,83.421111,0.01256574823567621
32.24,83.671111,0.012451132327170124
32.24,83.921111,0.012337705101281387
32.24,84.171111,0.012225453277072423
32.24,84.421111,0.012114363728637874
32.24,84.671111,0.012004423483261407
32.24,84.921111,0.011895619719612248
32.24,85.171111,0.011787939765962962
32.24,85.421111,0.011681371098427226
32.24,85.671111,0.011575901339217444
32.24,85.921111,0.011471518254921724
32.24,86.171111,0.011368209754800414
32.24,86.421111,0.011265963889101806
32.24,86.671111,0.011164768847396778
32.24,86.921111,0.011064612956932413
32.24,87.171111,0.010965484681004235
32.24,87.421111,0.01086737261734689
32.24,87.671111,0.010770265496543228
32.24,87.921111,0.0106741521804515
32.24,88.171111,0.010579021660650514
32.24,88.421111,0.010484863056902605
32.24,88.671111,0.010391665615634206
32.24,88.921111,0.010299418708433863
32.24,89.171111,0.010208111830567525
32.24,89.421111,0.010117734599511052
32.24,89.671111,0.010028276753499422
32.24,89.921111,0.00993972815009289
32.24,90.171111,0.009852078764759742
32.24,90.421111,0.009765318689475291
32.24,90.671111,0.009679438131337393
32.24,90.921111,0.009594427411197834
32.24,91.171111,0.009510276962309766
32.24,91.421111,0.009426977328990846
32.24,91.671111,0.009344519165302025
32.24,91.921111,0.009262893233741729
32.24,92.171111,0.009182090403955298
32.24,92.421111,0.009102101651459664
32.24,92.671111,0.009022918056382754
32.24,92.921111,0.008944530802217951
32.24,93.171111,0.008866931174593
32.24,93.421111,0.008790110560053476
32.24,93.671111,0.008714060444860583
32.24,93.921111,0.008638772413803116
32.24,94.171111,0.008564238149023417
32.24,94.421111,0.008490449428857249
32.24,94.671111,0.008417398126687311
32.24,94.921111,0.008345076209810376
32.24,95.171111,0.00827347573831784
32.24,95.421111,0.00820258886398955
32.24,95.671111,0.008132407829200789
32.24,95.921111,0.008062924965842303
32.24,96.171111,0.007994132694253111
32.24,96.421111,0.007926023522166011
32.24,96.671111,0.007858590043665455
32.24,96.921111,0.007791824938157955
32.24,97.171111,0.007725720969354815
32.49,72.421111,0.020069082308276108
32.49,72.671111,0.019881317288840215
32.49,72.921111,0.01971627140420735
32.49,73.171111,0.019640596059465647
32.49,73.421111,0.01987098062008672
32.49,73.671111,0.020999522190121234
32.49,73.921111,0.02451878015900107
32.49,74.171111,0.03447563830895099
32.49,74.421111,0.06403419795077879
32.49,74.671111,0.16079534092005776
32.49,74.921111,0.4385322685094412
32.49,75.171111,0.8028709506502916
32.49,75.421111,0.9552257621631175
32.49,75.671111,0.9880515550992999
32.49,75.921111,0.9942893448775565
32.49,76.171111,0.9939848287101324
32.49,76.421111,0.987456329487919
32.49,76.671111,0.964996812788387
32.49,76.921111,0.9116062404758256
32.49,77.171111,0.8357934630457138
32.49,77.421111,0.8074760651936691
32.49,77.671111,0.8868334542725083
32.49,77.921111,0.968111274215452
32.49,78.171111,0.9904178794672024
32.49,78.421111,0.9902793244425397
32.49,78.671111,0.9537244810476546
32.49,78.921111,0.6394423793232604
32.49,79.171111,0.15891265824194015
32.49,79.421111,0.04252092656066207
32.49,79.671111,0.021505579090307474
32.49,79.921111,0.016562885988640943
32.49,80.171111,0.015259606299141613
32.49,80.421111,0.01487270893850384
32.49,80.671111,0.014692446179707224
32.49,80.921111,0.014550872758869189
32.49,81.171111,0.014416059241170585
32.49,81.421111,0.014283254563258786
32.49,81.671111,0.014151892624519003
32.49,81.921111,0.014021905572083207
32.49,82.171111,0.01389327276473472
32.49,82.421111,0.013765978042769546
32.49,82.671111,0.013640006164366114
32.49,82.921111,0.013515342283150324
32.49,83.171111,0.013391971784457567
32.49,83.421111,0.013269880235861493
32.49,83.671111,0.013149053374640897
32.49,83.921111,0.01302947710405398
32.49,84.171111,0.012911137491179791
32.49,84.421111,0.01279402076498652
32.49,84.671111,0.012678113314441571
32.49,84.921111,0.012563401686643943
32.49,85.171111,0.012449872584977227
32.49,85.421111,0.012337512867282905
32.49,85.671111,0.01222630954405384
32.49,85.921111,0.0121162497766476
32.49,86.171111,0.012007320875519742
32.49,86.421111,0.011899510298476603
32.49,86.671111,0.011792805648947514
32.49,86.921111,0.011687194674276391
32.49,87.171111,0.011582665264032321
32.49,87.421111,0.0114792054483391
32.49,87.671111,0.011376803396223554
32.49,87.921111,0.01127544741398239
32.49,88.171111,0.011175125943567421
32.49,88.421111,0.01107582756098917
32.49,88.671111,0.010977540974738319
32.49,88.921111,0.010880255024225209
32.49,89.171111,0.01078395867823701
32.49,89.421111,0.010688641033412395
32.49,89.671111,0.010594291312733666
32.49,89.921111,0.010500898864036037
32.49,90.171111,0.010408453158533929
32.49,90.421111,0.010316943789364227
32.49,90.671111,0.010226360470146202
32.49,90.921111,0.010136693033557903
32.49,91.171111,0.01004793142992905
32.49,91.421111,0.009960065725850037
32.49,91.671111,0.009873086102797014
32.49,91.921111,0.009786982855772897
32.49,92.171111,0.009701746391963995
32.49,92.421111,0.009617367229412322
32.49,92.671111,0.00953383599570321
32.49,92.921111,0.009451143426668243
32.49,93.171111,0.009369280365103207
32.49,93.421111,0.009288237759500984
32.49,93.671111,0.0092080066627993
32.49,93.921111,0.009128578231142928
32.49,94.171111,0.009049943722660535
32.49,94.421111,0.008972094496255667
32.49,94.671111,0.008895022010412035
32.49,94.921111,0.008818717822012717
32.49,95.171111,0.008743173585173248
32.49,95.421111,0.008668381050088424
32.49,95.671111,0.008594332061892638
32.49,95.921111,0.008521018559533668
32.49,96.171111,0.008448432574659739
32.49,96.421111,0.008376566230519635
32.49,96.671111,0.008305411740875863
32.49,96.921111,0.00823496140893068
32.49,97.171111,0.008165207626264699
32.74,72.421111,0.021185537029484378
32.74,72.671111,0.02099753597011742
32.74,72.921111,0.02087079838028202
32.74,73.171111,0.020977005565835764
32.74,73.421111,0.021834362043718577
32.74,73.671111,0.02482026607312334
32.74,73.921111,0.033641495221425365
32.74,74.171111,0.059837064798991944
32.74,74.421111,0.14316407715046472
32.74,74.671111,0.3816212322720922
32.74,74.921111,0.7376199812141145
32.74,75.171111,0.9268941697415473
32.74,75.421111,0.9775794860675582
32.74,75.671111,0.9889035914211812
32.74,75.921111,0.9891129223220655
32.74,76.171111,0.9786512593333905
32.74,76.421111,0.9355926368408446
32.74,76.671111,0.8107100848189831
32.74,76.921111,0.6129122051025002
32.74,77.171111,0.4479405408497318
32.74,77.421111,0.3830997593078154
32.74,77.671111,0.44885997814176487
32.74,77.921111,0.63081505554171
32.74,78.171111,0.77334516170199
32.74,78.421111,0.7677566058723265
32.74,78.671111,0.5560507729557038
32.74,78.921111,0.22206068566735812
32.74,79.171111,0.06896461566037795
32.74,79.421111,0.02999975339344281
32.74,79.671111,0.01979564205452547
32.74,79.921111,0.01685810802719976
32.74,80.171111,0.01598960234696087
32.74,80.421111,0.01568694461394688
32.74,80.671111,0.015515143464723213
32.74,80.921111,0.015368438317926943
32.74,81.171111,0.015226605277177478
32.74,81.421111,0.015086626368133424
32.74,81.671111,0.01494813730392889
32.74,81.921111,0.01481109009705987
32.74,82.171111,0.014675466328608526
32.74,82.421111,0.014541249958376157
32.74,82.671111,0.014408425287397456
32.74,82.921111,0.014276976817411403
32.74,83.171111,0.014146889233412093
32.74,83.421111,0.014018147398294163
32.74,83.671111,0.013890736350112334
32.74,83.921111,0.01376464129994574
32.74,84.171111,0.013639847629885706
32.74,84.421111,0.013516340891058595
32.74,84.671111,0.013394106801670937
32.74,84.921111,0.01327313124507591
32.74,85.171111,0.013153400267860488
32.74,85.421111,0.013034900077953344
32.74,85.671111,0.012917617042753198
32.74,85.921111,0.01280153768727756
32.74,86.171111,0.012686648692331498
32.74,86.421111,0.012572936892696621
32.74,86.671111,0.012460389275339625
32.74,86.921111,0.01234899297764072
32.74,87.171111,0.01223873528564137
32.74,87.421111,0.012129603632311492
32.74,87.671111,0.01202158559583574
32.74,87.921111,0.011914668897918703
32.74,88.171111,0.011808841402109065
32.74,88.421111,0.011704091112142276
32.74,88.671111,0.011600406170301754
32.74,88.921111,0.011497774855798419
32.74,89.171111,0.011396185583168263
32.74,89.421111,0.011295626900688027
32.74,89.671111,0.011196087488808609
32.74,89.921111,0.011097556158606062
32.74,90.171111,0.011000021850250149
32.74,90.421111,0.01090347363149019
32.74,90.671111,0.01080790069615798
32.74,90.921111,0.010713292362687789
32.74,91.171111,0.010619638072653023
32.74,91.421111,0.010526927389319707
32.74,91.671111,0.010435149996216355
32.74,91.921111,0.010344295695720089
32.74,92.171111,0.010254354407659119
32.74,92.421111,0.010165316167931048
32.74,92.671111,0.010077171127137076
32.74,92.921111,0.009989909549231906
32.74,93.171111,0.009903521810189142
32.74,93.421111,0.009817998396682084
32.74,93.671111,0.009733329904779705
32.74,93.921111,0.009649507038657676
32.74,94.171111,0.009566520609324352
32.74,94.421111,0.009484361533361425
32.74,94.671111,0.009403020831679184
32.74,94.921111,0.009322489628286322
32.74,95.171111,0.009242759149073847
32.74,95.421111,0.009163820720613319
32.74,95.671111,0.00908566576896896
32.74,95.921111,0.009008285818523611
32.74,96.171111,0.008931672490818537
32.74,96.421111,0.008855817503406539
32.74,96.671111,0.008780712668718656
32.74,96.921111,0.008706349892944132
32.74,97.171111,0.008632721174923362
32.99,72.421111,0.022373957602457622
32.99,72.671111,0.022200287005042466
32.99,72.921111,0.022177856415174516
32.99,73.171111,0.022702852986177233
32.99,73.421111,0.024918607629372903
32.99,73.671111,0.03197418658880562
32.99,73.921111,0.053548681804458556
32.99,74.171111,0.12281647480668435
32.99,74.421111,0.3249858466549952
32.99,74.671111,0.6548405425533687
32.99,74.921111,0.8685306260357762
32.99,75.171111,0.9430454608702165
32.99,75.421111,0.9638493965830343
32.99,75.671111,0.9627579772589326
32.99,75.921111,0.9363535118143754
32.99,76.171111,0.8423963144804875
32.99,76.421111,0.61293207907682
32.99,76.671111,0.34279402622648325
32.99,76.921111,0.18756806218359665
32.99,77.171111,0.12209539420007323
32.99,77.421111,0.09945843967869047
32.99,77.671111,0.10502562826743934
32.99,77.921111,0.13672506380172286
32.99,78.171111,0.17511134499927605
32.99,78.421111,0.17090460796866158
32.99,78.671111,0.11553789054916787
32.99,78.921111,0.0616117086505124
32.99,79.171111,0.033876621173518535
32.99,79.421111,0.02279049133078159
32.99,79.671111,0.01870770290664902
32.99,79.921111,0.017285470461303024
32.99,80.171111,0.016785336643869865
32.99,80.421111,0.016555473468720515
32.99,80.671111,0.016389875295648924
32.99,80.921111,0.016237332632404497
32.99,81.171111,0.016088002298976067
32.99,81.421111,0.01594040640328464
32.99,81.671111,0.01579435848598218
32.99,81.921111,0.015649826143347152
32.99,82.171111,0.015506791445381878
32.99,82.421111,0.015365237696313924
32.99,82.671111,0.01522514845275764
32.99,82.921111,0.015086507463753345
32.99,83.171111,0.014949298665522788
32.99,83.421111,0.014813506179088906
32.99,83.671111,0.01467911430812993
32.99,83.921111,0.014546107536886867
32.99,84.171111,0.014414470528098165
32.99,84.421111,0.014284188120956559
32.99,84.671111,0.014155245329087433
32.99,84.921111,0.014027627338548482
32.99,85.171111,0.013901319505850501
32.99,85.421111,0.013776307355999093
32.99,85.671111,0.013652576580557263
32.99,85.921111,0.01353011303572855
32.99,86.171111,0.013408902740460733
32.99,86.421111,0.01328893187456988
32.99,86.671111,0.013170186776884453
32.99,86.921111,0.01305265394340955
32.99,87.171111,0.012936320025510897
32.99,87.421111,0.012821171828118497
32.99,87.671111,0.012707196307949989
32.99,87.921111,0.01259438057175302
32.99,88.171111,0.012482711874567181
32.99,88.421111,0.012372177618004698
32.99,88.671111,0.012262765348550081
32.99,88.921111,0.012154462755878495
32.99,89.171111,0.012047257671192588
32.99,89.421111,0.011941138065577842
32.99,89.671111,0.011836092048375865
32.99,89.921111,0.011732107865576057
32.99,90.171111,0.011629173898224822
32.99,90.421111,0.0115272786608528
32.99,90.671111,0.011426410799919417
32.99,90.921111,0.011326559092274978
32.99,91.171111,0.01122771244363991
32.99,91.421111,0.01112985988710107
32.99,91.671111,0.011032990581625032
32.99,91.921111,0.010937093810588043
32.99,92.171111,0.010842158980322633
32.99,92.421111,0.010748175618680562
32.99,92.671111,0.010655133373612116
32.99,92.921111,0.010563022011761507
32.99,93.171111,0.010471831417078184
32.99,93.421111,0.010381551589443969
32.99,93.671111,0.01029217264331579
32.99,93.921111,0.010203684806384006
32.99,94.171111,0.010116078418245926
32.99,94.421111,0.01002934392909458
32.99,94.671111,0.009943471898422538
32.99,94.921111,0.00985845299374053
32.99,95.171111,0.009774277989310826
32.99,95.421111,0.009690937764895177
32.99,95.671111,0.009608423304517243
32.99,95.921111,0.009526725695239104
32.99,96.171111,0.00944583612595217
32.99,96.421111,0.009365745886181782
32.99,96.671111,0.009286446364905906
32.99,96.921111,0.009207929049387322
32.99,97.171111,0.009130185524019447
33.24,72.421111,0.023641138437217876
33.24,72.671111,0.023506744600760368
33.24,72.921111,0.023698066252021213
33.24,73.171111,0.025034261339201634
33.24,73.421111,0.029904816328058758
33.24,73.671111,0.04564178231718281
33.24,73.921111,0.09830693156737498
33.24,74.171111,0.2686476263134591
33.24,74.421111,0.5958343023294157
33.24,74.671111,0.8294697844766438
33.24,74.921111,0.9075742540388951
33.24,75.171111,0.9206191365954084
33.24,75.421111,0.9017121787943673
33.24,75.671111,0.844518039430546
33.24,75.921111,0.7101412153122161
33.24,76.171111,0.46836673429464676
33.24,76.421111,0.23111512016241686
33.24,76.671111,0.10859658371071781
33.24,76.921111,0.06196419737372925
33.24,77.171111,0.044558209588387424
33.24,77.421111,0.038202617478814316
33.24,77.671111,0.03756314777465137
33.24,77.921111,0.0406979548319221
33.24,78.171111,0.044320003293389
33.24,78.421111,0.04346508969194635
33.24,78.671111,0.036957376818309594
33.24,78.921111,0.029019697234295743
33.24,79.171111,0.023236206174011346
33.24,79.421111,0.02005575737807644
33.24,79.671111,0.018588997538541933
33.24,79.921111,0.017968403295952815
33.24,80.171111,0.017676885100900985
33.24,80.421111,0.01748624817485995
33.24,80.671111,0.017320655357996706
33.24,80.921111,0.017161013968158122
33.24,81.171111,0.01700363561513464
33.24,81.421111,0.016847956312619754
33.24,81.671111,0.016693894764827636
33.24,81.921111,0.01654142737821481
33.24,82.171111,0.016390536098163905
33.24,82.421111,0.016241203459650105
33.24,82.671111,0.01609341221928553
33.24,82.921111,0.0159471453318489
33.24,83.171111,0.01580238594707915
33.24,83.421111,0.01565911740743604
33.24,83.671111,0.015517323245921543
33.24,83.921111,0.015376987183925472
33.24,84.171111,0.015238093129093128
33.24,84.421111,0.015100625173214782
33.24,84.671111,0.01496456759013691
33.24,84.921111,0.014829904833694766
33.24,85.171111,0.014696621535666437
33.24,85.421111,0.014564702503748018
33.24,85.671111,0.014434132719549896
33.24,85.921111,0.014304897336613925
33.24,86.171111,0.014176981678451361
33.24,86.421111,0.014050371236601442
33.24,86.671111,0.01392505166871037
33.24,86.921111,0.01380100879663066
33.24,87.171111,0.013678228604540566
33.24,87.421111,0.013556697237083557
33.24,87.671111,0.01343640099752766
33.24,87.921111,0.013317326345944397
33.24,88.171111,0.01319945989740735
33.24,88.421111,0.013082788420210031
33.24,88.671111,0.012967298834102926
33.24,88.921111,0.01285297820854978
33.24,89.171111,0.012739813761002519
33.24,89.421111,0.012627792855195101
33.24,89.671111,0.012516902999455895
33.24,89.921111,0.012407131845038442
33.24,90.171111,0.012298467184470505
33.24,90.421111,0.012190896949921256
33.24,90.671111,0.012084409211586334
33.24,90.921111,0.011978992176090716
33.24,91.171111,0.011874634184909257
33.24,91.421111,0.01177132371280466
33.24,91.671111,0.011669049366282727
33.24,91.921111,0.011567799882064819
33.24,92.171111,0.011467564125577256
33.24,92.421111,0.011368331089457626
33.24,92.671111,0.01127008989207766
33.24,92.921111,0.011172829776082733
33.24,93.171111,0.011076540106947736
33.24,93.421111,0.010981210371549045
33.24,93.671111,0.010886830176752647
33.24,93.921111,0.010793389248018204
33.24,94.171111,0.010700877428018717
33.24,94.421111,0.010609284675275917
33.24,94.671111,0.01051860106281109
33.24,94.921111,0.010428816776811085
33.24,95.171111,0.010339922115309643
33.24,95.421111,0.010251907486883533
33.24,95.671111,0.010164763409363639
33.24,95.921111,0.010078480508560745
33.24,96.171111,0.009993049517005801
33.24,96.421111,0.009908461272704637
33.24,96.671111,0.009824706717906901
33.24,96.921111,0.009741776897889153
33.24,97.171111,0.009659662959751857
33.49,72.421111,0.024991912457741152
33.49,72.671111,0.02492172193642951
33.49,72.921111,0.025436769974095594
33.49,73.171111,0.028003436375087766
33.49,73.421111,0.03717697390135001
33.49,73.671111,0.06911299169204507
33.49,73.921111,0.18597244704196011
33.49,74.171111,0.49864449994875787
33.49,74.421111,0.8020103242364326
33.49,74.671111,0.9051670689763194
33.49,74.921111,0.9152945714407396
33.49,75.171111,0.88035340056358
33.49,75.421111,0.8108479099771057
33.49,75.671111,0.7078466001558139
33.49,75.921111,0.541513833168071
33.49,76.171111,0.31485910295335107
33.49,76.421111,0.1416234256589038
33.49,76.671111,0.06539260701350366
33.49,76.921111,0.03852097199808623
33.49,77.171111,0.029091157588967274
33.49,77.421111,0.025761520270559498
33.49,77.671111,0.024850304018682427
33.49,77.921111,0.025026510206224532
33.49,78.171111,0.025372738128855942
33.49,78.421111,0.025036573624236967
33.49,78.671111,0.023769255257121993
33.49,78.921111,0.02209094714129836
33.49,79.171111,0.020650166591459414
33.49,79.421111,0.019706094704144538
33.49,79.671111,0.019174089808542166
33.49,79.921111,0.01887072492371081
33.49,80.171111,0.018661258971255024
33.49,80.421111,0.018481905368043644
33.49,80.671111,0.01831102094683042
33.49,80.921111,0.018143119499306158
33.49,81.171111,0.017977128818906084
33.49,81.421111,0.017812873170971875
33.49,81.671111,0.01765031547910099
33.49,81.921111,0.017489435380286918
33.49,82.171111,0.017330214254928776
33.49,82.421111,0.017172633804869032
33.49,82.671111,0.017016675946131113
33.49,82.921111,0.01686232280052785
33.49,83.171111,0.016709556693095252
33.49,83.421111,0.016558360149816483
33.49,83.671111,0.016408715895377776
33.49,83.921111,0.016260606850946848
33.49,84.171111,0.016114016131973358
33.49,84.421111,0.015968927046011275
33.49,84.671111,0.015825323090562917
33.49,84.921111,0.015683187950944828
33.49,85.171111,0.0155425054981749
33.49,85.421111,0.015403259786881148
33.49,85.671111,0.015265435053231462
33.49,85.921111,0.015129015712884776
33.49,86.171111,0.014993986358962886
33.49,86.421111,0.014860331760043323
33.49,86.671111,0.014728036858172857
33.49,86.921111,0.014597086766901515
33.49,87.171111,0.014467466769337026
33.49,87.421111,0.014339162316219588
33.49,87.671111,0.014212159024016593
33.49,87.921111,0.014086442673037498
33.49,88.171111,0.013961999205568445
33.49,88.421111,0.013838814724026465
33.49,88.671111,0.01371687548913332
33.49,88.921111,0.013596167918108703
33.49,89.171111,0.013476678582882567
33.49,89.421111,0.013358394208326638
33.49,89.671111,0.013241301670504744
33.49,89.921111,0.01312538799494191
33.49,90.171111,0.013010640354912206
33.49,90.421111,0.012897046069744818
33.49,90.671111,0.012784592603148593
33.49,90.921111,0.012673267561554695
33.49,91.171111,0.012563058692477194
33.49,91.421111,0.01245395388289158
33.49,91.671111,0.012345941157630868
33.49,91.921111,0.012239008677799302
33.49,92.171111,0.012133144739203433
33.49,92.421111,0.012028337770800396
33.49,92.671111,0.011924576333163255
33.49,92.921111,0.011821849116963247
33.49,93.171111,0.011720144941468825
33.49,93.421111,0.011619452753061336
33.49,93.671111,0.011519761623767083
33.49,93.921111,0.011421060749805674
33.49,94.171111,0.011323339450154703
33.49,94.421111,0.011226587165130137
33.49,94.671111,0.011130793454982848
33.49,94.921111,0.011035947998510676
33.49,95.171111,0.010942040591686068
33.49,95.421111,0.010849061146299148
33.49,95.671111,0.01075699968861601
33.49,95.921111,0.010665846358052162
33.49,96.171111,0.010575591405860832
33.49,96.421111,0.010486225193836247
33.49,96.671111,0.010397738193031372
33.49,96.921111,0.01031012098249036
33.49,97.171111,0.010223364247995222
33.74,72.421111,0.02642589332344827
33.74,72.671111,0.02641921054059069
33.74,72.921111,0.02725695951730325
33.74,73.171111,0.031078075531968726
33.74,73.421111,0.044951754254219524
33.74,73.671111,0.09654109668937276
33.74,73.921111,0.28764241080495184
33.74,74.171111,0.6646130557943741
33.74,74.421111,0.8785778260487414
33.74,74.671111,0.9236476654373106
33.74,74.921111,0.9042043398934988
33.74,75.171111,0.849101740335792
33.74,75.421111,0.7993962471146808
33.74,75.671111,0.76172337439547
33.74,75.921111,0.6635306520901587
33.74,76.171111,0.43151689278217453
33.74,76.421111,0.18489491356543522
33.74,76.671111,0.0727744830936587
33.74,76.921111,0.03794159666506881
33.74,77.171111,0.02721761409601803
33.74,77.421111,0.02380703841183316
33.74,77.671111,0.02275510112188703
33.74,77.921111,0.02245198082036871
33.74,78.171111,0.022313242557012246
33.74,78.421111,0.02207903745570928
33.74,78.671111,0.02167847539878602
33.74,78.921111,0.021192916710660783
33.74,79.171111,0.02074419175405297
33.74,79.421111,0.02039305080113255
33.74,79.671111,0.020129443904607178
33.74,79.921111,0.019916765393820854
33.74,80.171111,0.019726164642160492
33.74,80.421111,0.01954368127243545
33.74,80.671111,0.019364538998644792
33.74,80.921111,0.019187513274831113
33.74,81.171111,0.01901235184103712
33.74,81.421111,0.01883900012363794
33.74,81.671111,0.018667434278461303
33.74,81.921111,0.018497634320422916
33.74,82.171111,0.01832958082309264
33.74,82.421111,0.018163254603463495
33.74,82.671111,0.017998636696430724
33.74,82.921111,0.017835708351075005
33.74,83.171111,0.017674451028246684
33.74,83.421111,0.017514846398231212
33.74,83.671111,0.017356876338439006
33.74,83.921111,0.017200522931117387
33.74,84.171111,0.017045768461084583
33.74,84.421111,0.016892595413485638
33.74,84.671111,0.016740986471570247
33.74,84.921111,0.016590924514491966
33.74,85.171111,0.016442392615129458
33.74,85.421111,0.01629537403792873
33.74,85.671111,0.01614985223676716
33.74,85.921111,0.01600581085283843
33.74,86.171111,0.015863233712558714
33.74,86.421111,0.015722104825493806
33.74,86.671111,0.015582408382307157
33.74,86.921111,0.015444128752728532
33.74,87.171111,0.015307250483543403
33.74,87.421111,0.015171758296602575
33.74,87.671111,0.015037637086852457
33.74,87.921111,0.014904871920385246
33.74,88.171111,0.01477344803250928
33.74,88.421111,0.014643350825839313
33.74,88.671111,0.014514565868406503
33.74,88.921111,0.014387078891788137
33.74,89.171111,0.014260875789256708
33.74,89.421111,0.014135942613948484
33.74,89.671111,0.014012265577051097
33.74,89.921111,0.013889831046010423
33.74,90.171111,0.01376862554275617
33.74,90.421111,0.013648635741946339
33.74,90.671111,0.013529848469230244
33.74,90.921111,0.013412250699530129
33.74,91.171111,0.013295829555340841
33.74,91.421111,0.013180572305048063
33.74,91.671111,0.013066466361264139
33.74,91.921111,0.012953499279182186
33.74,92.171111,0.01284165875494765
33.74,92.421111,0.012730932624047538
33.74,92.671111,0.012621308859717106
33.74,92.921111,0.01251277557136376
33.74,93.171111,0.01240532100300822
33.74,93.421111,0.012298933531742417
33.74,93.671111,0.012193601666204534
33.74,93.921111,0.012089314045070493
33.74,94.171111,0.011986059435562052
33.74,94.421111,0.011883826731971307
33.74,94.671111,0.011782604954201428
33.74,94.921111,0.011682383246323516
33.74,95.171111,0.011583150875149257
33.74,95.421111,0.01148489722881952
33.74,95.671111,0.011387611815408621
33.74,95.921111,0.011291284261543915
33.74,96.171111,0.011195904311040944
33.74,96.421111,0.011101461823553609
33.74,96.671111,0.011007946773239607
33.74,96.921111,0.010915349247440618
33.74,97.171111,0.01082365944537732
33.99,72.421111,0.02793921565628202
33.99,72.671111,0.02795181855940627
33.99,72.921111,0.02891637700581496
33.99,73.171111,0.03322734665330574
33.99,73.421111,0.04877193111489449
33.99,73.671111,0.10579403220385782
33.99,73.921111,0.3049661546740752
33.99,74.171111,0.6591282849944309
33.99,74.421111,0.8508568688434959
33.99,74.671111,0.8835903616389585
33.99,74.921111,0.8477336792101228
33.99,75.171111,0.8085798859244409
33.99,75.421111,0.8300614388658838
33.99,75.671111,0.8658502617752241
33.99,75.921111,0.8369731682925615
33.99,76.171111,0.648581775270006
33.99,76.421111,0.2969332992801391
33.99,76.671111,0.09944106639151788
33.99,76.921111,0.04399450444765138
33.99,77.171111,0.029009050478251152
33.99,77.421111,0.0246302158783687
33.99,77.671111,0.023327007865206674
33.99,77.921111,0.022887582665964207
33.99,78.171111,0.02264908458609158
33.99,78.421111,0.022429528824047
33.99,78.671111,0.022189816703607024
33.99,78.921111,0.02193837509861576
33.99,79.171111,0.021694456639962494
33.99,79.421111,0.02146833007045448
33.99,79.671111,0.021258561740745724
33.99,79.921111,0.021059077130328327
33.99,80.171111,0.02086500835402874
33.99,80.421111,0.02067397937534494
33.99,80.671111,0.020485164247608077
33.99,80.921111,0.020298337775531843
33.99,81.171111,0.020113439438275933
33.99,81.421111,0.019930442358879596
33.99,81.671111,0.01974932505658141
33.99,81.921111,0.01957006689858227
33.99,82.171111,0.019392647539538874
33.99,82.421111,0.01921704686615093
33.99,82.671111,0.01904324499078528
33.99,82.921111,0.01887122224880803
33.99,83.171111,0.018700959196155102
33.99,83.421111,0.018532436606934866
33.99,83.671111,0.018365635471053233
33.99,83.921111,0.018200536991860736
33.99,84.171111,0.018037122583821494
33.99,84.421111,0.017875373870203996
33.99,84.671111,0.017715272680793637
33.99,84.921111,0.017556801049626935
33.99,85.171111,0.017399941212747214
33.99,85.421111,0.01724467560598182
33.99,85.671111,0.017090986862740694
33.99,85.921111,0.016938857811836173
33.99,86.171111,0.016788271475323892
33.99,86.421111,0.016639211066364925
33.99,86.671111,0.016491659987108578
33.99,86.921111,0.016345601826596265
33.99,87.171111,0.016201020358685873
33.99,87.421111,0.016057899539996864
33.99,87.671111,0.015916223507875814
33.99,87.921111,0.015775976578382166
33.99,88.171111,0.015637143244294386
33.99,88.421111,0.015499708173136086
33.99,88.671111,0.015363656205222133
33.99,88.921111,0.015228972351724646
33.99,89.171111,0.015095641792758616
33.99,89.421111,0.014963649875487135
33.99,89.671111,0.01483298211224607
33.99,89.921111,0.014703624178688
33.99,90.171111,0.014575561911945383
33.99,90.421111,0.014448781308812659
33.99,90.671111,0.0143232685239473
33.99,90.921111,0.01419900986808965
33.99,91.171111,0.014075991806301206
33.99,91.421111,0.013954200956221605
33.99,91.671111,0.013833624086343728
33.99,91.921111,0.013714248114307086
33.99,92.171111,0.013596060105209317
33.99,92.421111,0.013479047269935337
33.99,92.671111,0.01336319696350459
33.99,92.921111,0.013248496683435548
33.99,93.171111,0.013134934068128004
33.99,93.421111,0.013022496895262466
33.99,93.671111,0.012911173080216807
33.99,93.921111,0.012800950674499947
33.99,94.171111,0.012691817864202412
33.99,94.421111,0.012583762968463712
33.99,94.671111,0.012476774437956115
33.99,94.921111,0.012370840853385159
33.99,95.171111,0.012265950924006211
33.99,95.421111,0.012162093486157391
33.99,95.671111,0.012059257501808392
33.99,95.921111,0.011957432057125178
33.99,96.171111,0.011856606361050608
33.99,96.421111,0.011756769743900313
33.99,96.671111,0.011657911655974346
33.99,96.921111,0.011560021666183936
33.99,97.171111,0.011463089460693519
34.24,72.421111,0.029532619220060972
34.24,72.671111,0.029496864706246247
34.24,72.921111,0.0302881148232387
34.24,73.171111,0.033906630014495655
34.24,73.421111,0.04635642682938458
34.24,73.671111,0.08715541867851738
34.24,73.921111,0.21276816625713463
34.24,74.171111,0.458951979821523
34.24,74.421111,0.6515527555253561
34.24,74.671111,0.6917397199997279
34.24,74.921111,0.6577720443070847
34.24,75.171111,0.676827132622034
34.24,75.421111,0.7882030836304578
34.24,75.671111,0.8746996425988856
34.24,75.921111,0.8699758273026804
34.24,76.171111,0.7119393481896344
34.24,76.421111,0.3465933157712797
34.24,76.671111,0.11346147649355476
34.24,76.921111,0.04801732024103673
34.24,77.171111,0.03088672891927423
34.24,77.421111,0.025989146781145157
34.24,77.671111,0.024551082406702243
34.24,77.921111,0.024063226197433913
34.24,78.171111,0.02379675222160329
34.24,78.421111,0.02357047598272435
34.24,78.671111,0.023348822237344812
34.24,78.921111,0.02312822778109071
34.24,79.171111,0.0229105977097229
34.24,79.421111,0.02269718942787594
34.24,79.671111,0.02248779669431968
34.24,79.921111,0.02228161228950098
34.24,80.171111,0.022077984125528083
34.24,80.421111,0.02187658345375208
34.24,80.671111,0.021677283016348112
34.24,80.921111,0.021480033806647106
34.24,81.171111,0.021284808428217474
34.24,81.421111,0.02109158407174885
34.24,81.671111,0.020900338843200167
34.24,81.921111,0.020711051170666007
34.24,82.171111,0.020523699729314664
34.24,82.421111,0.020338263431965438
34.24,82.671111,0.020154721426055587
34.24,82.921111,0.019973053091108278
34.24,83.171111,0.01979323803625027
34.24,83.421111,0.019615256097752828
34.24,83.671111,0.019439087336594302
34.24,83.921111,0.019264712036044584
34.24,84.171111,0.01909211069927103
34.24,84.421111,0.018921264046966167
34.24,84.671111,0.018752153014996817
34.24,84.921111,0.01858475875207476
34.24,85.171111,0.018419062617448804
34.24,85.421111,0.01825504617861816
34.24,85.671111,0.01809269120906707
34.24,85.921111,0.017931979686020724
34.24,86.171111,0.017772893788222083
34.24,86.421111,0.017615415893729863
34.24,86.671111,0.017459528577737377
34.24,86.921111,0.017305214610412137
34.24,87.171111,0.017152456954756368
34.24,87.421111,0.017001238764487808
34.24,87.671111,0.016851543381941444
34.24,87.921111,0.0167033543359912
34.24,88.171111,0.01655665533999238
34.24,88.421111,0.016411430289743952
34.24,88.671111,0.016267663261471065
34.24,88.921111,0.016125338509827482
34.24,89.171111,0.015984440465917918
34.24,89.421111,0.015844953735340027
34.24,89.671111,0.015706863096245943
34.24,89.921111,0.015570153497423517
34.24,90.171111,0.015434810056396638
34.24,90.421111,0.015300818057544947
34.24,90.671111,0.015168162950242616
34.24,90.921111,0.01503683034701605
34.24,91.171111,0.014906806021720474
34.24,91.421111,0.014778075907735302
34.24,91.671111,0.01465062609617784
34.24,91.921111,0.014524442834135681
34.24,92.171111,0.014399512522917352
34.24,92.421111,0.014275821716321016
34.24,92.671111,0.014153357118921324
34.24,92.921111,0.014032105584374129
34.24,93.171111,0.013912054113738942
34.24,93.421111,0.013793189853819086
34.24,93.671111,0.013675500095519249
34.24,93.921111,0.013558972272220375
34.24,94.171111,0.013443593958171914
34.24,94.421111,0.013329352866900951
34.24,94.671111,0.013216236849638375
34.24,94.921111,0.013104233893761792
34.24,95.171111,0.012993332121255134
34.24,95.421111,0.012883519787184695
34.24,95.671111,0.012774785278191697
34.24,95.921111,0.012667117111000803
34.24,96.171111,0.012560503930945082
34.24,96.421111,0.012454934510506586
34.24,96.671111,0.012350397747872941
34.24,96.921111,0.012246882665509568
34.24,97.171111,0.012144378408747361
34.49,72.421111,0.031216823395241202
34.49,72.671111,0.03108718680749231
34.49,72.921111,0.031510553223696544
34.49,73.171111,0.03374849383110909
34.49,73.421111,0.041058514586843266
34.49,73.671111,0.061377726787415626
34.49,73.921111,0.11123442373722156
34.49,74.171111,0.20217577245420115
34.49,74.421111,0.2910762326231349
34.49,74.671111,0.3198637895289327
34.49,74.921111,0.3239916268460832
34.49,75.171111,0.3937156588742134
34.49,75.421111,0.5662128468370683
34.49,75.671111,0.7195262846574
34.49,75.921111,0.7286490294705267
34.49,76.171111,0.547650800231048
34.49,76.421111,0.25318748167738464
34.49,76.671111,0.09399397422778012
34.49,76.921111,0.04551226460459008
34.49,77.171111,0.031451294192300604
34.49,77.421111,0.02720030166095771
34.49,77.671111,0.025903118984960692
34.49,77.921111,0.02543432964241644
34.49,78.171111,0.025159943762736905
34.49,78.421111,0.024923131039081933
34.49,78.671111,0.024693484921757734
34.49,78.921111,0.024466593496961783
34.49,79.171111,0.02424214934000761
34.49,79.421111,0.02402021085463741
34.49,79.671111,0.02380073161467436
34.49,79.921111,0.023583608594824456
34.49,80.171111,0.02336875466042053
34.49,80.421111,0.02315611517119462
34.49,80.671111,0.02294565582241264
34.49,80.921111,0.022737350351464822
34.49,81.171111,0.02253117488609187
34.49,81.421111,0.022327106243990764
34.49,81.671111,0.022125121564143525
34.49,81.921111,0.021925198245262817
34.49,82.171111,0.021727313935935813
34.49,82.421111,0.021531446531335145
34.49,82.671111,0.021337574170586335
34.49,82.921111,0.021145675234204332
34.49,83.171111,0.02095572834155418
34.49,83.421111,0.020767712348333082
34.49,83.671111,0.020581606344073775
34.49,83.921111,0.020397389649669206
34.49,84.171111,0.020215041814918434
34.49,84.421111,0.020034542616093796
34.49,84.671111,0.019855872053529282
34.49,84.921111,0.019679010349230065
34.49,85.171111,0.019503937944503162
34.49,85.421111,0.019330635497609182
34.49,85.671111,0.019159083881435106
34.49,85.921111,0.018989264181188046
34.49,86.171111,0.01882115769210985
34.49,86.421111,0.018654745917212744
34.49,86.671111,0.018490010565035454
34.49,86.921111,0.018326933547420356
34.49,87.171111,0.01816549697731099
34.49,87.421111,0.018005683166570318
34.49,87.671111,0.01784747462381933
34.49,87.921111,0.017690854052296055
34.49,88.171111,0.017535804347734885
34.49,88.421111,0.017382308596266084
34.49,88.671111,0.01723035007233537
34.49,88.921111,0.017079912236643558
34.49,89.171111,0.016930978734105994
34.49,89.421111,0.01678353339183188
34.49,89.671111,0.016637560217123266
34.49,89.921111,0.016493043395493602
34.49,90.171111,0.016349967288705726
34.49,90.421111,0.016208316432829297
34.49,90.671111,0.016068075536317387
34.49,90.921111,0.015929229478102214
34.49,91.171111,0.015791763305709878
34.49,91.421111,0.01565566223339405
34.49,91.671111,0.015520911640288314
34.49,91.921111,0.015387497068577168
34.49,92.171111,0.01525540422168569
34.49,92.421111,0.015124618962487348
34.49,92.671111,0.014995127311530297
34.49,92.921111,0.014866915445281677
34.49,93.171111,0.01473996969438996
34.49,93.421111,0.01461427654196519
34.49,93.671111,0.01448982262187696
34.49,93.921111,0.014366594717069992
34.49,94.171111,0.014244579757897193
34.49,94.421111,0.01412376482047015
34.49,94.671111,0.014004137125026668
34.49,94.921111,0.013885684034315596
34.49,95.171111,0.013768393051998467
34.49,95.421111,0.013652251821067978
34.49,95.671111,0.01353724812228322
34.49,95.921111,0.013423369872621375
34.49,96.171111,0.013310605123745841
34.49,96.421111,0.013198942060490678
34.49,96.671111,0.013088368999361132
34.49,96.921111,0.012978874387050232
34.49,97.171111,0.0128704467989712
34.74,72.421111,0.03300778657898828
34.74,72.671111,0.03278339627194756
34.74,72.921111,0.0328452188897475
34.74,73.171111,0.03381083718456235
34.74,73.421111,0.03705968818227696
34.74,73.671111,0.0450069085193946
34.74,73.921111,0.06049879629769929
34.74,74.171111,0.08290480860934293
34.74,74.421111,0.1027211951554649
34.74,74.671111,0.11146578076832694
34.74,74.921111,0.12058587752169073
34.74,75.171111,0.156367793124653
34.74,75.421111,0.241253176242218
34.74,75.671111,0.34185186058479755
34.74,75.921111,0.35444711320155003
34.74,76.171111,0.2491220328214511
34.74,76.421111,0.1277387501597612
34.74,76.671111,0.06388780708359768
34.74,76.921111,0.03964192704743815
34.74,77.171111,0.031138971336870314
34.74,77.421111,0.028272980122847194
34.74,77.671111,0.027310226579492065
34.74,77.921111,0.02690340802721046
34.74,78.171111,0.026629107672621267
34.74,78.421111,0.026381336030332454
34.74,78.671111,0.026139519960112767
34.74,78.921111,0.025900559995700408
34.74,79.171111,0.0256640873368122
34.74,79.421111,0.025430052502786703
34.74,79.671111,0.02519842557493367
34.74,79.921111,0.02496917458017016
34.74,80.171111,0.024742269140539678
34.74,80.421111,0.024517681629459925
34.74,80.671111,0.024295386232728134
34.74,80.921111,0.02407535800431675
34.74,81.171111,0.02385757243098038
34.74,81.421111,0.02364200529949523
34.74,81.671111,0.023428632665910425
34.74,81.921111,0.023217430848340402
34.74,82.171111,0.023008376423735846
34.74,82.421111,0.02280144622517648
34.74,82.671111,0.022596617339232915
34.74,82.921111,0.02239386710335276
34.74,83.171111,0.02219317310326754
34.74,83.421111,0.021994513170420223
34.74,83.671111,0.02179786537941334
34.74,83.921111,0.021603208045477985
34.74,84.171111,0.021410519721963183
34.74,84.421111,0.02121977919784633
34.74,84.671111,0.021030965495264
34.74,84.921111,0.020844057867063732
34.74,85.171111,0.020659035794376304
34.74,85.421111,0.020475878984208787
34.74,85.671111,0.020294567367058248
34.74,85.921111,0.020115081094546062
34.74,86.171111,0.01993740053707276
34.74,86.421111,0.019761506281493573
34.74,86.671111,0.019587379128814336
34.74,86.921111,0.019415000091908007
34.74,87.171111,0.01924435039325142
34.74,87.421111,0.01907541146268261
34.74,87.671111,0.018908164935178235
34.74,87.921111,0.018742592648651375
34.74,88.171111,0.018578676641769428
34.74,88.421111,0.01841639915179211
34.74,88.671111,0.01825574261242943
34.74,88.921111,0.01809668965171974
34.74,89.171111,0.017939223089927448
34.74,89.421111,0.017783325937460594
34.74,89.671111,0.017628981392808246
34.74,89.921111,0.01747617284049711
34.74,90.171111,0.017324883849068114
34.74,90.421111,0.017175098169071954
34.74,90.671111,0.01702679973108421
34.74,90.921111,0.016879972643739586
34.74,91.171111,0.01673460119178521
34.74,91.421111,0.016590669834152916
34.74,91.671111,0.016448163202050496
34.74,91.921111,0.016307066097071592
34.74,92.171111,0.016167363489324342
34.74,92.421111,0.016029040515578494
34.74,92.671111,0.015892082477431062
34.74,92.921111,0.015756474839490137
34.74,93.171111,0.015622203227577023
34.74,93.421111,0.015489253426946377
34.74,93.671111,0.01535761138052433
34.74,93.921111,0.015227263187164391
34.74,94.171111,0.015098195099921198
34.74,94.421111,0.014970393524341688
34.74,94.671111,0.014843845016773731
34.74,94.921111,0.014718536282692301
34.74,95.171111,0.014594454175042623
34.74,95.421111,0.014471585692600514
34.74,95.671111,0.014349917978349648
34.74,95.921111,0.014229438317875688
34.74,96.171111,0.014110134137777045
34.74,96.421111,0.013991993004092243
34.74,96.671111,0.013875002620743716
34.74,96.921111,0.013759150827997932
34.74,97.171111,0.013644425600941642
34.99,72.421111,0.03491832680197593
34.99,72.671111,0.034625789161646076
34.99,72.921111,0.034449099938572356
34.99,73.171111,0.0346263842388078
34.99,73.421111,0.03564177862532082
34.99,73.671111,0.038147271650868904
34.99,73.921111,0.04247336668288632
34.99,74.171111,0.047761233421696934
34.99,74.421111,0.05192754587187619
34.99,74.671111,0.0542341047947061
34.99,74.921111,0.05796122637735016
34.99,75.171111,0.06887389730027013
34.99,75.421111,0.0903387344925056
34.99,75.671111,0.11383189218962891
34.99,75.921111,0.1170748911211995
34.99,76.171111,0.09358358427599199
34.99,76.421111,0.06426560353593927
34.99,76.671111,0.04479174983710521
34.99,76.921111,0.035129362246874456
34.99,77.171111,0.03102871792133509
34.99,77.421111,0.0294475309534564
34.99,77.671111,0.028814326040674024
34.99,77.921111,0.028469210141768602
34.99,78.171111,0.028194449412436314
34.99,78.421111,0.02793487754925071
34.99,78.671111,0.027679751542982033
34.99,78.921111,0.027427434205818134
34.99,79.171111,0.02717771026851005
34.99,79.421111,0.026930535381642483
34.99,79.671111,0.0266858808630025
34.99,79.921111,0.02644371923266814
34.99,80.171111,0.026204023439395367
34.99,80.421111,0.025966766868145124
34.99,80.671111,0.025731923279532103
34.99,80.921111,0.025499466751556024
34.99,81.171111,0.02526937165136247
34.99,81.421111,0.025041612624819895
34.99,81.671111,0.024816164592113193
34.99,81.921111,0.02459300274473971
34.99,82.171111,0.024372102542757283
34.99,82.421111,0.02415343971208106
34.99,82.671111,0.023936990241802607
34.99,82.921111,0.02372273038152895
34.99,83.171111,0.023510636638741044
34.99,83.421111,0.0233006857761722
34.99,83.671111,0.023092854809206118
34.99,83.921111,0.022887121003294954
34.99,84.171111,0.022683461871397245
34.99,84.421111,0.022481855171435732
34.99,84.671111,0.02228227890377538
34.99,84.921111,0.022084711308721278
34.99,85.171111,0.021889130864036713
34.99,85.421111,0.02169551628248127
34.99,85.671111,0.02150384650936915
34.99,85.921111,0.0213141007201475
34.99,86.171111,0.021126258317994858
34.99,86.421111,0.020940298931439796
34.99,86.671111,0.02075620241199956
34.99,86.921111,0.02057394883183888
34.99,87.171111,0.020393518481448714
34.99,87.421111,0.0202148918673452
34.99,87.671111,0.020038049709788362
34.99,87.921111,0.019862972940521022
34.99,88.171111,0.019689642700527407
34.99,88.421111,0.01951804033781179
34.99,88.671111,0.019348147405196813
34.99,88.921111,0.019179945658141656
34.99,89.171111,0.019013417052579844
34.99,89.421111,0.018848543742776714
34.99,89.671111,0.018685308079206445
34.99,89.921111,0.01852369260644857
34.99,90.171111,0.018363680061103907
34.99,90.421111,0.01820525336972983
34.99,90.671111,0.01804839564679485
34.99,90.921111,0.01789309019265225
34.99,91.171111,0.017739320491532887
34.99,91.421111,0.017587070209557083
34.99,91.671111,0.017436323192765283
34.99,91.921111,0.017287063465167424
34.99,92.171111,0.017139275226811457
34.99,92.421111,0.016992942851869954
34.99,92.671111,0.01684805088674556
34.99,92.921111,0.016704584048194804
34.99,93.171111,0.016562527221470086
34.99,93.421111,0.016421865458480112
34.99,93.671111,0.016282583975968122
34.99,93.921111,0.01614466815370831
34.99,94.171111,0.01600810353272009
34.99,94.421111,0.015872875813500022
34.99,94.671111,0.01573897085427146
34.99,94.921111,0.015606374669251737
34.99,95.171111,0.015475073426936695
34.99,95.421111,0.015345053448402503
34.99,95.671111,0.015216301205624812
34.99,95.921111,0.015088803319814683
34.99,96.171111,0.014962546559771712
34.99,96.421111,0.0148375178402538
34.99,96.671111,0.014713704220363659
34.99,96.921111,0.014591092901951938
34.99,97.171111,0.014469671228036671
35.24,72.421111,0.03695583053550425
35.24,72.671111,0.036621680049708394
35.24,72.921111,0.03632554762103889
35.24,73.171111,0.03613944820923079
35.24,73.421111,0.03620374753009622
35.24,73.671111,0.03668325569967285
35.24,73.921111,0.03760445561006169
35.24,74.171111,0.038681584624335255
35.24,74.421111,0.039467117599678136
35.24,74.671111,0.03997942864622066
35.24,74.921111,0.04114584192057987
35.24,75.171111,0.04422371853688958
35.24,75.421111,0.04934456436512665
35.24,75.671111,0.05409812455910906
35.24,75.921111,0.05453485509102642
35.24,76.171111,0.049604684168168385
35.24,76.421111,0.04257258123894051
35.24,76.671111,0.036842093753092824
35.24,76.921111,0.033394162914854274
35.24,77.171111,0.03167718099261305
35.24,77.421111,0.030879355576565095
35.24,77.671111,0.03045236017629959
35.24,77.921111,0.030141786490508988
35.24,78.171111,0.029861125614425478
35.24,78.421111,0.029588284529509734
35.24,78.671111,0.02931893981526312
35.24,78.921111,0.02905241674678553
35.24,79.171111,0.028788610609713293
35.24,79.421111,0.02852748557952645
35.24,79.671111,0.02826901253892322
35.24,79.921111,0.028013163134504294
35.24,80.171111,0.02775990934426579
35.24,80.421111,0.027509223452082964
35.24,80.671111,0.027261078041179825
35.24,80.921111,0.02701544598874369
35.24,81.171111,0.026772300461949144
35.24,81.421111,0.026531614914804158
35.24,81.671111,0.026293363085284127
35.24,81.921111,0.02605751899254622
35.24,82.171111,0.02582405693417212
35.24,82.421111,0.025592951483429906
35.24,82.671111,0.025364177486554382
35.24,82.921111,0.025137710060045705
35.24,83.171111,0.024913524587986433
35.24,83.421111,0.024691596719377273
35.24,83.671111,0.024471902365491415
35.24,83.921111,0.02425441769724784
35.24,84.171111,0.02403911914260345
35.24,84.421111,0.023825983383964317
35.24,84.671111,0.023614987355615947
35.24,84.921111,0.02340610824117288
35.24,85.171111,0.023199323471047396
35.24,85.421111,0.022994610719937636
35.24,85.671111,0.02279194790433511
35.24,85.921111,0.0225913131800515
35.24,86.171111,0.022392684939765033
35.24,86.421111,0.022196041810586348
35.24,86.671111,0.0220013626516437
35.24,86.921111,0.021808626551687936
35.24,87.171111,0.021617812826716765
35.24,87.421111,0.021428901017618716
35.24,87.671111,0.021241870887836536
35.24,87.921111,0.021056702421050233
35.24,88.171111,0.02087337581887946
35.24,88.421111,0.020691871498605522
35.24,88.671111,0.020512170090912787
35.24,88.921111,0.020334252437649594
35.24,89.171111,0.02015809958960848
35.24,89.421111,0.019983692804325826
35.24,89.671111,0.019811013543900816
35.24,89.921111,0.01964004347283368
35.24,90.171111,0.01947076445588313
35.24,90.421111,0.019303158555942983
35.24,90.671111,0.019137208031937913
35.24,90.921111,0.018972895336738176
35.24,91.171111,0.018810203115093405
35.24,91.421111,0.01864911420158525
35.24,91.671111,0.018489611618598863
35.24,91.921111,0.018331678574313153
35.24,92.171111,0.018175298460709755
35.24,92.421111,0.018020454851600524
35.24,92.671111,0.017867131500673587
35.24,92.921111,0.01771531233955784
35.24,93.171111,0.017564981475905697
35.24,93.421111,0.017416123191494236
35.24,93.671111,0.017268721940344338
35.24,93.921111,0.017122762346857938
35.24,94.171111,0.01697822920397336
35.24,94.421111,0.016835107471338186
35.24,94.671111,0.01669338227350032
35.24,94.921111,0.016553038898116237
35.24,95.171111,0.016414062794177203
35.24,95.421111,0.016276439570252637
35.24,95.671111,0.016140154992750917
35.24,95.921111,0.016005194984197394
35.24,96.171111,0.01587154562152956
35.24,96.421111,0.015739193134409097
35.24,96.671111,0.015608123903550934
35.24,96.921111,0.015478324459069034
35.24,97.171111,0.015349781478838814
